# Blender 5.1.0
# www.blender.org
mtllib player.mtl
o Cube
v 0.000000 0.486055 -1.050000
v -0.250000 1.050000 -1.050000
v -1.050000 0.000000 -0.486055
v 0.000000 -1.050000 -0.486055
v 0.000000 0.486055 1.050000
v 1.050000 0.850000 -0.550000
v 1.050000 -0.850000 0.550000
v -0.850000 -0.550000 -1.050000
v 1.050000 0.000000 -0.486055
v -0.550000 -0.850000 1.050000
v -0.850000 0.550000 1.050000
v 0.094825 0.476716 -1.050000
v 1.050000 0.550000 0.850000
v 0.000000 1.050000 -0.486055
v -0.550000 0.850000 -1.050000
v 1.050000 -0.550000 -0.850000
v 0.850000 1.050000 -0.850000
v -1.050000 -0.094825 -0.476716
v 1.050000 1.050000 -0.250000
v -0.850000 1.050000 -0.850000
v 0.094825 0.476716 1.050000
v 0.850000 -1.050000 0.850000
v 0.850000 0.850000 1.050000
v 1.050000 -0.094825 -0.476716
v 0.850000 -0.850000 -1.050000
v -1.050000 -0.186005 -0.449057
v -1.050000 0.850000 0.850000
v 0.094825 -1.050000 -0.476716
v -1.050000 -0.850000 -0.850000
v 0.186005 0.449057 -1.050000
v -0.850000 -1.050000 0.850000
v 1.050000 -0.186005 -0.449057
v 1.050000 0.250000 -1.050000
v 0.550000 0.850000 1.050000
v -1.050000 -0.850000 -0.550000
v 0.186005 0.449057 1.050000
v 0.270038 0.404140 -1.050000
v 0.550000 1.050000 -0.850000
v 0.550000 -0.850000 -1.050000
v -1.050000 -0.270038 -0.404140
v 0.550000 -1.050000 0.850000
v 0.094825 1.050000 -0.476716
v 0.270038 0.404140 1.050000
v -1.050000 0.850000 0.550000
v -0.850000 -1.050000 0.550000
v 1.050000 1.050000 0.150000
v -0.850000 1.050000 -0.550000
v 1.050000 -0.270038 -0.404140
v -1.050000 -0.550000 -1.050000
v -1.050000 -0.343693 -0.343693
v 0.343693 0.343693 -1.050000
v 1.050000 -1.050000 0.550000
v 0.186005 -1.050000 -0.449057
v -0.550000 1.050000 -1.050000
v 1.050000 -0.343693 -0.343693
v 1.050000 -0.550000 -1.050000
v 1.050000 -0.150000 -1.050000
v 1.050000 1.050000 -0.550000
v 0.343693 0.343693 1.050000
v 1.050000 0.550000 1.050000
v -1.050000 -0.404140 -0.270038
v -0.550000 -1.050000 1.050000
v 0.404140 0.270038 -1.050000
v -1.050000 0.550000 1.050000
v -1.050000 -0.850000 -1.050000
v 0.000000 -1.050000 -0.750000
v 1.050000 -0.404140 -0.270038
v -1.050000 0.850000 1.050000
v 0.186005 1.050000 -0.449057
v 0.404140 0.270038 1.050000
v -0.850000 -1.050000 1.050000
v -1.050000 -0.449057 -0.186005
v 0.270038 -1.050000 -0.404140
v 1.050000 -1.050000 0.850000
v 0.449057 0.186005 -1.050000
v 1.050000 -0.449057 -0.186005
v 0.150000 1.050000 -1.050000
v -1.050000 0.850000 -0.550000
v 0.449057 0.186005 1.050000
v -1.050000 -0.850000 0.550000
v 0.550000 -0.850000 1.050000
v -1.050000 -0.476716 -0.094825
v 0.550000 1.050000 0.850000
v 0.270038 1.050000 -0.404140
v 0.550000 0.850000 -1.050000
v 0.476716 0.094825 -1.050000
v -0.850000 1.050000 0.550000
v 0.476716 0.094825 1.050000
v 0.550000 -1.050000 -0.850000
v 0.000000 0.750000 -1.050000
v -0.850000 -1.050000 -0.550000
v 1.050000 -0.476716 -0.094825
v 0.343693 -1.050000 -0.343693
v -1.050000 -0.486055 0.000000
v 0.486055 0.000000 -1.050000
v 0.486055 0.000000 1.050000
v -1.050000 -0.150000 -1.050000
v 1.050000 -0.486055 0.000000
v 0.476716 -0.094825 -1.050000
v 1.050000 -1.050000 0.150000
v -1.050000 -0.476716 0.094825
v 0.850000 1.050000 -1.050000
v -1.050000 -1.050000 0.850000
v 0.476716 -0.094825 1.050000
v 0.343693 1.050000 -0.343693
v -1.050000 -1.050000 -0.850000
v 0.850000 -1.050000 1.050000
v 1.050000 -0.476716 0.094825
v 0.449057 -0.186005 -1.050000
v -1.050000 1.050000 -0.850000
v 0.850000 1.050000 1.050000
v 0.404140 -1.050000 -0.270038
v -1.050000 1.050000 0.850000
v -1.050000 -0.449057 0.186005
v 0.449057 -0.186005 1.050000
v 0.850000 -1.050000 -1.050000
v 0.550000 1.050000 -1.050000
v 1.050000 -0.449057 0.186005
v -0.250000 -1.050000 -1.050000
v 0.550000 -1.050000 -1.050000
v -1.050000 -0.404140 0.270038
v -1.050000 1.050000 0.550000
v 0.150000 -1.050000 -1.050000
v -1.050000 -1.050000 -0.550000
v 0.404140 -0.270038 -1.050000
v 0.550000 1.050000 1.050000
v -1.050000 -1.050000 0.550000
v 1.050000 -0.404140 0.270038
v -1.050000 1.050000 -0.550000
v 0.404140 1.050000 -0.270038
v 0.550000 -1.050000 1.050000
v 0.404140 -0.270038 1.050000
v -1.050000 -0.550000 -0.850000
v 0.343693 -0.343693 -1.050000
v 1.050000 -1.050000 -0.250000
v 0.850000 -0.550000 -1.050000
v -1.050000 -0.343693 0.343693
v 0.850000 -1.050000 0.550000
v 0.449057 -1.050000 -0.186005
v -1.050000 0.550000 0.850000
v -0.550000 1.050000 -0.850000
v 0.343693 -0.343693 1.050000
v 1.050000 -0.343693 0.343693
v -0.550000 -1.050000 0.850000
v 0.850000 1.050000 -0.550000
v 0.270038 -0.404140 -1.050000
v -1.050000 0.250000 -1.050000
v 0.850000 0.550000 1.050000
v -1.050000 -0.270038 0.404140
v -1.050000 -1.050000 1.050000
v 0.270038 -0.404140 1.050000
v 1.050000 -0.270038 0.404140
v -1.050000 1.050000 1.050000
v 0.449057 1.050000 -0.186005
v 1.050000 1.050000 -1.050000
v -1.050000 -0.186005 0.449057
v -1.050000 -1.050000 -1.050000
v 0.186005 -0.449057 -1.050000
v 1.050000 -0.250000 -1.050000
v 1.050000 -1.050000 1.050000
v 0.476716 -1.050000 -0.094825
v 1.050000 -0.186005 0.449057
v -0.850000 1.050000 1.050000
v -1.050000 -0.850000 1.050000
v 0.186005 -0.449057 1.050000
v 0.476716 1.050000 -0.094825
v -1.050000 -0.094825 0.476716
v 0.094825 -0.476716 -1.050000
v 1.050000 -0.094825 0.476716
v 0.094825 -0.476716 1.050000
v -1.050000 0.850000 -1.050000
v 1.050000 1.050000 -0.150000
v -1.050000 0.000000 0.486055
v 0.250000 1.050000 -1.050000
v 0.000000 -0.486055 -1.050000
v 1.050000 0.000000 0.486055
v 0.000000 -0.486055 1.050000
v 0.486055 -1.050000 0.000000
v -0.094825 -0.476716 -1.050000
v -1.050000 0.094825 0.476716
v -1.050000 0.000000 -0.750000
v -0.094825 -0.476716 1.050000
v 1.050000 0.094825 0.476716
v -0.850000 -0.850000 -1.050000
v 0.486055 1.050000 0.000000
v 1.050000 0.850000 0.850000
v -1.050000 0.186005 0.449057
v -0.850000 0.850000 1.050000
v -0.850000 0.850000 -1.050000
v -0.186005 -0.449057 -1.050000
v 0.476716 -1.050000 0.094825
v 1.050000 -0.850000 0.850000
v -0.850000 -0.850000 1.050000
v 1.050000 1.050000 0.250000
v 1.050000 0.186005 0.449057
v -0.550000 -0.850000 -1.050000
v -0.186005 -0.449057 1.050000
v -0.550000 0.850000 1.050000
v 1.050000 -0.550000 0.850000
v -1.050000 0.270038 0.404140
v 0.476716 1.050000 0.094825
v 1.050000 -0.850000 -0.550000
v -0.270038 -0.404140 -1.050000
v 1.050000 0.850000 0.550000
v -0.850000 -0.550000 1.050000
v 1.050000 0.270038 0.404140
v 1.050000 0.150000 -1.050000
v 1.050000 0.550000 -0.850000
v -0.270038 -0.404140 1.050000
v -0.850000 0.550000 -1.050000
v -0.150000 1.050000 -1.050000
v 1.050000 1.050000 -0.850000
v -1.050000 0.343693 0.343693
v 1.050000 -0.850000 -1.050000
v -0.343693 -0.343693 -1.050000
v 1.050000 0.850000 1.050000
v -0.850000 1.050000 -1.050000
v 0.449057 -1.050000 0.186005
v 1.050000 0.343693 0.343693
v -0.343693 -0.343693 1.050000
v -1.050000 0.404140 0.270038
v 1.050000 -1.050000 -0.150000
v -0.404140 -0.270038 -1.050000
v 1.050000 0.404140 0.270038
v -0.404140 -0.270038 1.050000
v -1.050000 -0.550000 0.850000
v 0.449057 1.050000 0.186005
v -0.150000 -1.050000 -1.050000
v -1.050000 0.550000 -0.850000
v -1.050000 0.449057 0.186005
v 0.850000 1.050000 0.550000
v 0.850000 -1.050000 -0.550000
v -0.449057 -0.186005 -1.050000
v 0.404140 -1.050000 0.270038
v 0.850000 0.550000 -1.050000
v -0.550000 -1.050000 -0.850000
v 1.050000 0.449057 0.186005
v -0.550000 1.050000 0.850000
v -0.449057 -0.186005 1.050000
v 0.850000 -0.550000 1.050000
v -1.050000 0.476716 0.094825
v 0.404140 1.050000 0.270038
v 1.050000 -1.050000 -0.850000
v -0.476716 -0.094825 -1.050000
v 1.050000 -0.850000 1.050000
v -0.476716 -0.094825 1.050000
v -0.850000 -1.050000 -1.050000
v 1.050000 0.476716 0.094825
v 1.050000 -1.050000 0.250000
v 1.050000 0.850000 -1.050000
v 0.343693 -1.050000 0.343693
v 1.050000 1.050000 0.850000
v -0.486055 0.000000 -1.050000
v 0.850000 -0.850000 1.050000
v -1.050000 0.486055 0.000000
v -1.050000 0.850000 -0.850000
v -0.486055 0.000000 1.050000
v -1.050000 -0.250000 -1.050000
v 0.850000 -1.050000 -0.850000
v -0.850000 -1.050000 -0.850000
v 1.050000 0.486055 0.000000
v 0.850000 1.050000 0.850000
v 0.343693 1.050000 0.343693
v -1.050000 -0.850000 0.850000
v -0.476716 0.094825 -1.050000
v -0.850000 1.050000 0.850000
v -1.050000 0.476716 -0.094825
v 0.000000 0.750000 1.050000
v 0.850000 0.850000 -1.050000
v -0.476716 0.094825 1.050000
v 1.050000 -1.050000 -0.550000
v 1.050000 0.476716 -0.094825
v 1.050000 -0.550000 1.050000
v -0.449057 0.186005 -1.050000
v -0.550000 1.050000 1.050000
v 0.270038 -1.050000 0.404140
v 1.050000 0.550000 -1.050000
v -1.050000 0.449057 -0.186005
v -1.050000 0.550000 -1.050000
v -0.449057 0.186005 1.050000
v -0.550000 -1.050000 -1.050000
v 1.050000 1.050000 0.550000
v -1.050000 0.150000 -1.050000
v -1.050000 -0.550000 1.050000
v 1.050000 0.449057 -0.186005
v -1.050000 0.404140 -0.270038
v 0.270038 1.050000 0.404140
v -0.404140 0.270038 -1.050000
v -0.404140 0.270038 1.050000
v 0.250000 -1.050000 -1.050000
v 1.050000 0.404140 -0.270038
v 1.050000 1.050000 1.050000
v 0.186005 -1.050000 0.449057
v 1.050000 -1.050000 -1.050000
v -1.050000 0.343693 -0.343693
v -0.343693 0.343693 -1.050000
v -1.050000 1.050000 -1.050000
v -0.343693 0.343693 1.050000
v 1.050000 0.343693 -0.343693
v 0.150000 1.050000 1.050000
v -0.270038 0.404140 -1.050000
v -0.250000 1.050000 1.050000
v -1.050000 0.270038 -0.404140
v 1.050000 0.270038 -0.404140
v 0.186005 1.050000 0.449057
v -0.270038 0.404140 1.050000
v -0.186005 0.449057 -1.050000
v -1.050000 0.186005 -0.449057
v 1.050000 -0.150000 1.050000
v -0.186005 0.449057 1.050000
v 1.050000 0.186005 -0.449057
v 0.094825 -1.050000 0.476716
v -1.050000 0.094825 -0.476716
v -0.094825 0.476716 -1.050000
v -1.050000 1.050000 -0.250000
v -0.094825 0.476716 1.050000
v 1.050000 -0.850000 -0.850000
v 1.050000 0.094825 -0.476716
v 1.050000 0.850000 -0.850000
v 0.094825 1.050000 0.476716
v 0.000000 -1.050000 0.486055
v -1.050000 1.050000 0.150000
v 1.050000 0.000000 -0.750000
v 0.000000 1.050000 0.486055
v 1.050000 -0.930000 0.850000
v 1.050000 -0.850000 -0.930000
v 1.050000 0.250000 1.050000
v -0.094825 -1.050000 0.476716
v -0.930000 0.850000 1.050000
v -1.050000 -1.050000 -0.250000
v -0.850000 -0.930000 1.050000
v -0.094825 1.050000 0.476716
v 1.050000 0.930000 -0.850000
v -0.850000 0.930000 -1.050000
v -1.050000 0.250000 1.050000
v -0.186005 -1.050000 0.449057
v 1.050000 0.850000 0.930000
v -0.930000 -0.850000 -1.050000
v -0.186005 1.050000 0.449057
v -1.050000 -1.050000 0.150000
v -0.250000 -1.050000 1.050000
v -0.270038 -1.050000 0.404140
v 1.050000 0.930000 0.850000
v -0.270038 1.050000 0.404140
v 1.050000 -0.930000 -0.850000
v 0.000000 1.050000 -0.750000
v -0.930000 -0.850000 1.050000
v -1.050000 -0.150000 1.050000
v -0.850000 0.930000 1.050000
v -0.343693 -1.050000 0.343693
v -0.850000 -0.930000 -1.050000
v 0.150000 -1.050000 1.050000
v -0.930000 0.850000 -1.050000
v -0.343693 1.050000 0.343693
v -0.404140 -1.050000 0.270038
v 1.050000 -0.850000 0.930000
v 1.050000 0.850000 -0.930000
v -1.050000 1.050000 -0.150000
v -1.050000 1.050000 0.250000
v 1.050000 0.907143 0.907143
v 1.050000 -0.907143 -0.907143
v -0.404140 1.050000 0.270038
v 0.250000 1.050000 1.050000
v -0.907143 -0.907143 1.050000
v -0.449057 -1.050000 0.186005
v -0.907143 0.907143 1.050000
v -0.449057 1.050000 0.186005
v -0.907143 -0.907143 -1.050000
v 1.050000 -0.250000 1.050000
v -0.907143 0.907143 -1.050000
v -0.476716 -1.050000 0.094825
v 1.050000 0.907143 -0.907143
v 0.146318 -1.050000 -0.735589
v 1.050000 -0.907143 0.907143
v -0.150000 1.050000 1.050000
v -0.476716 1.050000 0.094825
v 1.050000 0.150000 1.050000
v -0.486055 -1.050000 0.000000
v 0.146318 0.735589 -1.050000
v -0.486055 1.050000 0.000000
v -1.050000 -0.250000 1.050000
v -0.476716 -1.050000 -0.094825
v -1.050000 -1.050000 0.250000
v -0.476716 1.050000 -0.094825
v -0.449057 -1.050000 -0.186005
v -0.150000 -1.050000 1.050000
v -0.449057 1.050000 -0.186005
v -1.050000 0.150000 1.050000
v 0.250000 -1.050000 1.050000
v -0.404140 -1.050000 -0.270038
v -1.050000 -1.050000 -0.150000
v -0.404140 1.050000 -0.270038
v -0.343693 -1.050000 -0.343693
v -1.050000 -0.146318 -0.735589
v -0.343693 1.050000 -0.343693
v 1.050000 -0.146318 -0.735589
v -0.270038 -1.050000 -0.404140
v 0.146318 1.050000 -0.735589
v -0.270038 1.050000 -0.404140
v 0.146318 0.735589 1.050000
v -0.186005 -1.050000 -0.449057
v -1.050000 -0.287013 -0.692909
v 0.287013 -1.050000 -0.692909
v -0.186005 1.050000 -0.449057
v -0.094825 -1.050000 -0.476716
v 0.287013 0.692910 -1.050000
v -0.094825 1.050000 -0.476716
v 0.287013 1.050000 -0.692909
v 0.287013 0.692910 1.050000
v 1.050000 -0.287013 -0.692909
v 0.416678 -1.050000 -0.623602
v -1.050000 -0.416678 -0.623602
v 0.416678 0.623602 -1.050000
v 0.416678 0.623602 1.050000
v 1.050000 -0.416678 -0.623602
v 0.416678 1.050000 -0.623602
v 0.530330 0.530330 -1.050000
v -1.050000 -0.530330 -0.530330
v 0.530330 -1.050000 -0.530330
v 1.050000 -0.530330 -0.530330
v 0.530330 0.530330 1.050000
v 0.530330 1.050000 -0.530330
v 0.623602 0.416678 -1.050000
v -1.050000 -0.623602 -0.416678
v 0.623602 -1.050000 -0.416678
v 0.623602 0.416678 1.050000
v 0.623602 1.050000 -0.416678
v 1.050000 -0.623602 -0.416678
v 0.692910 0.287013 -1.050000
v -1.050000 -0.692910 -0.287013
v 0.692910 -1.050000 -0.287013
v 1.050000 -0.692910 -0.287013
v 0.692910 1.050000 -0.287013
v 0.692910 0.287013 1.050000
v 0.735589 0.146318 -1.050000
v 0.735589 -1.050000 -0.146318
v -1.050000 -0.735589 -0.146318
v 0.735589 1.050000 -0.146318
v 1.050000 -0.735589 -0.146318
v 0.735589 0.146318 1.050000
v 0.750000 -1.050000 0.000000
v 0.750000 0.000000 -1.050000
v -1.050000 -0.750000 0.000000
v 1.050000 -0.750000 0.000000
v 0.750000 1.050000 0.000000
v 0.750000 0.000000 1.050000
v 0.735589 -1.050000 0.146318
v -1.050000 -0.735589 0.146318
v 0.735589 -0.146318 -1.050000
v 0.735589 -0.146318 1.050000
v 0.735589 1.050000 0.146318
v 1.050000 -0.735589 0.146318
v 0.692910 -1.050000 0.287013
v -1.050000 -0.692910 0.287013
v 0.692910 -0.287013 -1.050000
v 1.050000 -0.692910 0.287013
v 0.692910 -0.287013 1.050000
v 0.692910 1.050000 0.287013
v 0.623602 -0.416678 -1.050000
v -1.050000 -0.623602 0.416678
v 0.623602 -1.050000 0.416678
v 0.623602 -0.416678 1.050000
v 1.050000 -0.623602 0.416678
v 0.623602 1.050000 0.416678
v -1.050000 -0.530330 0.530330
v 0.530330 -1.050000 0.530330
v 0.530330 -0.530330 -1.050000
v 1.050000 -0.530330 0.530330
v 0.530330 -0.530330 1.050000
v 0.530330 1.050000 0.530330
v 0.416678 -1.050000 0.623602
v 0.416678 -0.623602 -1.050000
v -1.050000 -0.416678 0.623602
v 1.050000 -0.416678 0.623602
v 0.416678 -0.623602 1.050000
v 0.416678 1.050000 0.623602
v 0.287013 -0.692910 -1.050000
v 0.287013 -1.050000 0.692909
v -1.050000 -0.287013 0.692909
v 0.287013 -0.692910 1.050000
v 0.287013 1.050000 0.692909
v 1.050000 -0.287013 0.692909
v 0.146318 -1.050000 0.735589
v 0.146318 -0.735589 -1.050000
v -1.050000 -0.146318 0.735589
v 1.050000 -0.146318 0.735589
v 0.146318 -0.735589 1.050000
v 0.146318 1.050000 0.735589
v 0.000000 -1.050000 0.750000
v -1.050000 0.000000 0.750000
v 0.000000 -0.750000 -1.050000
v 0.000000 1.050000 0.750000
v 1.050000 0.000000 0.750000
v 0.000000 -0.750000 1.050000
v -1.050000 0.146318 0.735589
v -0.146318 -0.735589 -1.050000
v -0.146318 -1.050000 0.735589
v -0.146318 1.050000 0.735589
v -0.146318 -0.735589 1.050000
v 1.050000 0.146318 0.735589
v -0.287013 -0.692910 -1.050000
v -0.287013 -1.050000 0.692909
v -1.050000 0.287013 0.692909
v -0.287013 -0.692910 1.050000
v -0.287013 1.050000 0.692909
v 1.050000 0.287013 0.692909
v -0.416678 -0.623602 -1.050000
v -1.050000 0.416678 0.623602
v -0.416678 -1.050000 0.623602
v 1.050000 0.416678 0.623602
v -0.416678 1.050000 0.623602
v -0.416678 -0.623602 1.050000
v -0.530330 -1.050000 0.530330
v -1.050000 0.530330 0.530330
v -0.530330 -0.530330 -1.050000
v -0.530330 1.050000 0.530330
v -0.530330 -0.530330 1.050000
v 1.050000 0.530330 0.530330
v -1.050000 0.623602 0.416678
v -0.623602 -1.050000 0.416678
v -0.623602 -0.416678 -1.050000
v -0.623602 1.050000 0.416678
v 1.050000 0.623602 0.416678
v -0.623602 -0.416678 1.050000
v -0.692910 -0.287013 -1.050000
v -0.692910 -1.050000 0.287013
v -1.050000 0.692910 0.287013
v -0.692910 1.050000 0.287013
v 1.050000 0.692910 0.287013
v -0.692910 -0.287013 1.050000
v -1.050000 0.735589 0.146318
v -0.735589 -0.146318 -1.050000
v -0.735589 -1.050000 0.146318
v -0.735589 -0.146318 1.050000
v -0.735589 1.050000 0.146318
v 1.050000 0.735589 0.146318
v -0.750000 -1.050000 0.000000
v -1.050000 0.750000 0.000000
v -0.750000 0.000000 -1.050000
v -0.750000 0.000000 1.050000
v -0.750000 1.050000 0.000000
v 1.050000 0.750000 0.000000
v -1.050000 0.735589 -0.146318
v -0.735589 -1.050000 -0.146318
v -0.735589 0.146318 -1.050000
v -0.735589 0.146318 1.050000
v -0.735589 1.050000 -0.146318
v 1.050000 0.735589 -0.146318
v -1.050000 0.692910 -0.287013
v -0.692910 -1.050000 -0.287013
v -0.692910 0.287013 -1.050000
v -0.692910 1.050000 -0.287013
v 1.050000 0.692910 -0.287013
v -0.692910 0.287013 1.050000
v -0.623602 -1.050000 -0.416678
v -1.050000 0.623602 -0.416678
v -0.623602 0.416678 -1.050000
v -0.623602 1.050000 -0.416678
v 1.050000 0.623602 -0.416678
v -0.623602 0.416678 1.050000
v -1.050000 0.530330 -0.530330
v -0.530330 -1.050000 -0.530330
v -0.530330 0.530330 -1.050000
v -0.530330 0.530330 1.050000
v 1.050000 0.530330 -0.530330
v -0.530330 1.050000 -0.530330
v -1.050000 0.416678 -0.623602
v -0.416678 -1.050000 -0.623602
v -0.416678 0.623602 -1.050000
v 1.050000 0.416678 -0.623602
v -0.416678 0.623602 1.050000
v -0.416678 1.050000 -0.623602
v -0.287013 -1.050000 -0.692909
v -1.050000 0.287013 -0.692909
v -0.287013 0.692910 -1.050000
v -0.287013 1.050000 -0.692909
v 1.050000 0.287013 -0.692909
v -0.287013 0.692910 1.050000
v -0.146318 0.735589 -1.050000
v -1.050000 0.146318 -0.735589
v -0.146318 -1.050000 -0.735589
v 1.050000 0.146318 -0.735589
v -0.146318 1.050000 -0.735589
v -0.146318 0.735589 1.050000
v 1.050000 0.540455 -0.361121
v 1.050000 0.361121 -0.540455
v -0.361121 0.540455 1.050000
v -0.361121 1.050000 -0.540455
v -0.459619 1.050000 -0.459619
v -0.459619 0.459619 1.050000
v 1.050000 0.459619 -0.459619
v 1.050000 0.126809 -0.637510
v 1.050000 -0.126809 -0.637510
v 1.050000 0.000000 -0.650000
v 0.000000 1.050000 -0.650000
v 0.000000 0.650000 1.050000
v 1.050000 0.248744 -0.600522
v 1.050000 0.650000 0.000000
v -0.650000 1.050000 0.000000
v -0.650000 0.000000 1.050000
v 1.050000 0.637510 -0.126809
v 1.050000 0.637510 0.126809
v 1.050000 0.540455 0.361121
v 1.050000 0.361121 0.540455
v -0.361121 -0.540455 1.050000
v -0.361121 1.050000 0.540455
v -0.459619 1.050000 0.459619
v 1.050000 0.459619 0.459619
v -0.459619 -0.459619 1.050000
v 1.050000 0.600522 0.248744
v 1.050000 0.126809 0.637510
v 1.050000 -0.126809 0.637510
v 0.000000 1.050000 0.650000
v 1.050000 0.000000 0.650000
v 0.000000 -0.650000 1.050000
v 0.361121 1.050000 0.540455
v 0.361121 -0.540455 1.050000
v 1.050000 -0.361121 0.540455
v 1.050000 -0.540455 0.361121
v 0.459619 1.050000 0.459619
v 1.050000 -0.459619 0.459619
v 0.459619 -0.459619 1.050000
v 1.050000 -0.248744 0.600522
v 0.361121 0.540455 1.050000
v 0.361121 1.050000 -0.540455
v 1.050000 -0.361121 -0.540455
v 1.050000 -0.540455 -0.361121
v 1.050000 -0.459619 -0.459619
v 0.459619 1.050000 -0.459619
v 0.459619 0.459619 1.050000
v 0.650000 1.050000 0.000000
v 1.050000 -0.650000 0.000000
v 0.650000 0.000000 1.050000
v 1.050000 -0.637510 0.126809
v 1.050000 -0.637510 -0.126809
v 1.050000 -0.600522 -0.248744
v 1.050000 0.600522 -0.248744
v 1.050000 0.248744 0.600522
v 1.050000 -0.248744 -0.600522
v 1.050000 -0.600522 0.248744
v 0.000000 -1.050000 -0.650000
v 0.000000 0.650000 -1.050000
v -1.050000 0.000000 -0.650000
v -1.050000 -0.248744 -0.600522
v -1.050000 -0.126809 -0.637510
v 0.459619 -1.050000 -0.459619
v -1.050000 -0.459619 -0.459619
v 0.459619 0.459619 -1.050000
v -1.050000 -0.600522 -0.248744
v -1.050000 -0.540455 -0.361121
v 0.361121 -1.050000 -0.540455
v 0.361121 0.540455 -1.050000
v -1.050000 -0.361121 -0.540455
v -1.050000 -0.248744 0.600522
v 0.459619 -0.459619 -1.050000
v -1.050000 -0.459619 0.459619
v 0.459619 -1.050000 0.459619
v 0.361121 -0.540455 -1.050000
v 0.361121 -1.050000 0.540455
v -1.050000 -0.361121 0.540455
v -1.050000 -0.600522 0.248744
v -1.050000 -0.650000 0.000000
v 0.650000 -1.050000 0.000000
v 0.650000 0.000000 -1.050000
v -1.050000 -0.637510 0.126809
v -1.050000 -0.540455 0.361121
v -1.050000 0.600522 0.248744
v -1.050000 0.459619 0.459619
v -0.459619 -1.050000 0.459619
v -0.459619 -0.459619 -1.050000
v -1.050000 0.540455 0.361121
v -1.050000 0.248744 0.600522
v -1.050000 0.000000 0.650000
v 0.000000 -1.050000 0.650000
v 0.000000 -0.650000 -1.050000
v -1.050000 0.126809 0.637510
v -0.361121 -1.050000 0.540455
v -0.361121 -0.540455 -1.050000
v -1.050000 0.361121 0.540455
v -1.050000 0.650000 0.000000
v -0.650000 -1.050000 0.000000
v -0.650000 0.000000 -1.050000
v -1.050000 0.600522 -0.248744
v -1.050000 0.637510 -0.126809
v -0.459619 0.459619 -1.050000
v -0.459619 -1.050000 -0.459619
v -1.050000 0.459619 -0.459619
v -1.050000 0.248744 -0.600522
v -0.361121 -1.050000 -0.540455
v -0.361121 0.540455 -1.050000
v -1.050000 0.361121 -0.540455
v -1.050000 0.540455 -0.361121
v -1.050000 0.126809 -0.637510
v -1.050000 -0.637510 -0.126809
v -1.050000 0.637510 0.126809
v -1.050000 -0.126809 0.637510
v 1.050000 -0.165245 -0.729847
v 1.050000 -0.150000 -0.734472
v 1.050000 -0.250000 -0.704137
v -1.050000 -0.150000 -0.734472
v -1.050000 -0.250000 -0.704137
v -1.050000 -0.233765 -0.709062
v 1.050000 -0.709062 -0.233765
v 1.050000 -0.734472 -0.150000
v 1.050000 -0.704137 -0.250000
v -1.050000 -0.734472 -0.150000
v -1.050000 -0.704137 -0.250000
v -1.050000 -0.729847 -0.165245
v 1.050000 -0.729847 0.165245
v 1.050000 -0.704137 0.250000
v 1.050000 -0.734472 0.150000
v -1.050000 -0.704137 0.250000
v -1.050000 -0.734472 0.150000
v -1.050000 -0.709062 0.233765
v 1.050000 -0.233765 0.709062
v 1.050000 -0.150000 0.734472
v 1.050000 -0.250000 0.704137
v -1.050000 -0.150000 0.734472
v -1.050000 -0.250000 0.704137
v -1.050000 -0.165245 0.729847
v 1.050000 0.165245 0.729847
v 1.050000 0.250000 0.704137
v 1.050000 0.150000 0.734472
v -1.050000 0.250000 0.704137
v -1.050000 0.150000 0.734472
v -1.050000 0.233765 0.709062
v 1.050000 0.709062 0.233765
v 1.050000 0.704137 0.250000
v 1.050000 0.734472 0.150000
v -1.050000 0.704137 0.250000
v -1.050000 0.734472 0.150000
v 1.050000 0.729847 -0.165245
v 1.050000 0.734472 -0.150000
v 1.050000 0.704137 -0.250000
v -1.050000 0.734472 -0.150000
v -1.050000 0.704137 -0.250000
v -1.050000 0.709062 -0.233765
v 1.050000 0.233765 -0.709062
v 1.050000 0.250000 -0.704137
v 1.050000 0.150000 -0.734472
v -1.050000 0.250000 -0.704137
v -1.050000 0.150000 -0.734472
v -1.050000 0.165245 -0.729847
v 1.050000 -0.150000 -0.630475
v -1.050000 -0.150000 -0.630475
v -1.050000 -0.630475 -0.150000
v 1.050000 -0.630475 -0.150000
v -1.050000 -0.630475 0.150000
v 1.050000 -0.630475 0.150000
v -1.050000 -0.150000 0.630475
v 1.050000 -0.150000 0.630475
v -1.050000 0.150000 0.630475
v 1.050000 0.150000 0.630475
v 1.050000 0.630475 0.150000
v -1.050000 0.630475 0.150000
v 1.050000 0.630475 -0.150000
v -1.050000 0.630475 -0.150000
v 1.050000 0.150000 -0.630475
v -1.050000 0.150000 -0.630475
v 0.150000 1.050000 -0.734472
v 0.165245 1.050000 -0.729847
v 0.250000 1.050000 -0.704137
v 0.150000 -1.050000 -0.734472
v 0.233765 -1.050000 -0.709062
v 0.250000 -1.050000 -0.704137
v 0.734472 1.050000 -0.150000
v 0.709062 1.050000 -0.233765
v 0.704137 1.050000 -0.250000
v 0.734472 -1.050000 -0.150000
v 0.729847 -1.050000 -0.165245
v 0.704137 -1.050000 -0.250000
v 0.704137 1.050000 0.250000
v 0.729847 1.050000 0.165245
v 0.734472 1.050000 0.150000
v 0.704137 -1.050000 0.250000
v 0.709062 -1.050000 0.233765
v 0.734472 -1.050000 0.150000
v 0.150000 1.050000 0.734472
v 0.233765 1.050000 0.709062
v 0.250000 1.050000 0.704137
v 0.150000 -1.050000 0.734472
v 0.165245 -1.050000 0.729847
v 0.250000 -1.050000 0.704137
v -0.250000 1.050000 0.704137
v -0.165245 1.050000 0.729847
v -0.150000 1.050000 0.734472
v -0.250000 -1.050000 0.704137
v -0.233765 -1.050000 0.709062
v -0.150000 -1.050000 0.734472
v -0.704137 1.050000 0.250000
v -0.709062 1.050000 0.233765
v -0.734472 1.050000 0.150000
v -0.704137 -1.050000 0.250000
v -0.734472 -1.050000 0.150000
v -0.734472 1.050000 -0.150000
v -0.729847 1.050000 -0.165245
v -0.704137 1.050000 -0.250000
v -0.734472 -1.050000 -0.150000
v -0.709062 -1.050000 -0.233765
v -0.704137 -1.050000 -0.250000
v -0.250000 1.050000 -0.704137
v -0.233765 1.050000 -0.709062
v -0.150000 1.050000 -0.734472
v -0.250000 -1.050000 -0.704137
v -0.165245 -1.050000 -0.729847
v -0.150000 -1.050000 -0.734472
v 0.150000 1.050000 -0.630475
v 0.150000 -1.050000 -0.630475
v 0.150000 -1.050000 0.630475
v 0.150000 1.050000 0.630475
v -0.150000 -1.050000 0.630475
v -0.150000 1.050000 0.630475
v -0.150000 1.050000 -0.630475
v -0.150000 -1.050000 -0.630475
v 0.150000 0.734472 1.050000
v 0.165245 0.729847 1.050000
v 0.250000 0.704137 1.050000
v 0.150000 0.734472 -1.050000
v 0.233765 0.709062 -1.050000
v 0.250000 0.704137 -1.050000
v 0.704137 0.250000 1.050000
v 0.734472 0.150000 1.050000
v 0.709062 0.233765 1.050000
v 0.729847 0.165245 -1.050000
v 0.704137 0.250000 -1.050000
v 0.734472 0.150000 -1.050000
v 0.704137 -0.250000 1.050000
v 0.729847 -0.165245 1.050000
v 0.734472 -0.150000 1.050000
v 0.709062 -0.233765 -1.050000
v 0.734472 -0.150000 -1.050000
v 0.704137 -0.250000 -1.050000
v 0.150000 -0.734472 1.050000
v 0.233765 -0.709062 1.050000
v 0.250000 -0.704137 1.050000
v 0.150000 -0.734472 -1.050000
v 0.250000 -0.704137 -1.050000
v -0.250000 -0.704137 1.050000
v -0.165245 -0.729847 1.050000
v -0.150000 -0.734472 1.050000
v -0.250000 -0.704137 -1.050000
v -0.233765 -0.709062 -1.050000
v -0.150000 -0.734472 -1.050000
v -0.704137 -0.250000 1.050000
v -0.709062 -0.233765 1.050000
v -0.734472 -0.150000 1.050000
v -0.729847 -0.165245 -1.050000
v -0.734472 -0.150000 -1.050000
v -0.704137 -0.250000 -1.050000
v -0.704137 0.250000 1.050000
v -0.734472 0.150000 1.050000
v -0.729847 0.165245 1.050000
v -0.709062 0.233765 -1.050000
v -0.704137 0.250000 -1.050000
v -0.734472 0.150000 -1.050000
v -0.250000 0.704137 1.050000
v -0.233765 0.709062 1.050000
v -0.150000 0.734472 1.050000
v -0.250000 0.704137 -1.050000
v -0.150000 0.734472 -1.050000
v 0.150000 0.630475 1.050000
v 0.150000 0.630475 -1.050000
v 0.150000 -0.630475 -1.050000
v 0.150000 -0.630475 1.050000
v -0.150000 -0.630475 -1.050000
v -0.150000 -0.630475 1.050000
v -0.150000 0.630475 1.050000
v -0.150000 0.630475 -1.050000
v -0.720163 1.050000 -0.150000
v -0.692910 1.050000 -0.150000
v -0.645530 1.050000 -0.150000
v 1.050000 0.692910 -0.150000
v 1.050000 0.720163 -0.150000
v 1.050000 0.645530 -0.150000
v -1.050000 -0.730733 -0.150000
v 0.730733 -1.050000 -0.150000
v 0.680110 1.050000 -0.250000
v -1.050000 0.692642 -0.250000
v -1.050000 0.656756 -0.250000
v 1.050000 -0.680110 -0.250000
v -0.656756 -1.050000 -0.250000
v 0.603553 1.050000 0.250000
v -0.680110 1.050000 0.250000
v -0.603553 1.050000 0.250000
v 1.050000 0.680110 0.250000
v 1.050000 0.603553 0.250000
v 1.050000 -0.603553 0.250000
v -1.050000 -0.656756 0.250000
v 0.656756 -1.050000 0.250000
v 0.645530 1.050000 0.150000
v 0.692910 1.050000 0.150000
v 0.720163 1.050000 0.150000
v -1.050000 0.645530 0.150000
v 1.050000 -0.720163 0.150000
v 1.050000 -0.692910 0.150000
v 1.050000 -0.645530 0.150000
v -0.645530 -1.050000 0.150000
v 0.250000 1.050000 0.666311
v 0.250000 1.050000 0.641401
v 0.250000 0.680110 -1.050000
v 0.250000 -0.666311 1.050000
v 0.250000 -0.641401 1.050000
v 0.250000 -1.050000 -0.631599
v 0.250000 -1.050000 -0.656756
v 0.250000 -1.050000 -0.692642
v 0.150000 1.050000 -0.645530
v 0.150000 1.050000 -0.692909
v 0.150000 1.050000 -0.720163
v 0.150000 0.645530 1.050000
v 0.150000 0.692910 1.050000
v 0.150000 0.720163 1.050000
v 0.150000 -0.645530 -1.050000
v 0.150000 -1.050000 0.730733
v -0.150000 1.050000 0.734064
v -0.150000 1.050000 0.676648
v -0.150000 0.720163 -1.050000
v -0.150000 0.692910 -1.050000
v -0.150000 0.645530 -1.050000
v -0.150000 -0.734064 1.050000
v -0.150000 -0.676648 1.050000
v -0.150000 -1.050000 -0.730733
v -0.250000 1.050000 -0.680110
v -0.250000 0.680110 1.050000
v -0.250000 -0.656756 -1.050000
v -0.250000 -1.050000 0.700272
v -0.250000 -1.050000 0.687376
v -0.250000 -1.050000 0.680110
v 1.050000 0.150000 0.645530
v 1.050000 0.150000 0.692909
v 1.050000 0.150000 0.720163
v 0.645530 0.150000 -1.050000
v 0.692910 0.150000 -1.050000
v 0.720163 0.150000 -1.050000
v -0.720163 0.150000 1.050000
v -0.692910 0.150000 1.050000
v -0.645530 0.150000 1.050000
v -1.050000 0.150000 -0.730733
v 0.680110 0.250000 1.050000
v 1.050000 0.250000 -0.680110
v -1.050000 0.250000 0.700272
v -1.050000 0.250000 0.687376
v -1.050000 0.250000 0.680110
v -0.680110 0.250000 -1.050000
v 1.050000 -0.250000 0.680110
v 0.680110 -0.250000 -1.050000
v 0.603553 -0.250000 1.050000
v -0.680110 -0.250000 1.050000
v -0.603553 -0.250000 1.050000
v -1.050000 -0.250000 -0.692642
v -1.050000 -0.250000 -0.656756
v -1.050000 -0.250000 -0.631599
v 0.720163 -0.150000 1.050000
v 0.645530 -0.150000 1.050000
v 0.692910 -0.150000 1.050000
v 1.050000 -0.150000 -0.692909
v 1.050000 -0.150000 -0.645530
v 1.050000 -0.150000 -0.720163
v -1.050000 -0.150000 0.730733
v -0.730733 -0.150000 -1.050000
v -1.050000 0.699555 -0.233312
v -1.050000 0.652082 0.168948
v -1.050000 0.166222 -0.709342
v -1.050000 0.232091 0.673917
v -1.050000 0.233503 0.703553
v -1.050000 -0.166222 0.709342
v -1.050000 -0.607300 0.228919
v -1.050000 -0.233312 -0.699555
v -1.050000 0.607300 -0.228919
v -1.050000 0.232649 0.685632
v -1.050000 0.660446 -0.231450
v -1.050000 -0.230122 -0.632553
v -1.050000 -0.231450 -0.660446
v -1.050000 -0.660446 0.231450
v -1.050000 -0.709342 -0.166222
v -0.652082 0.168948 1.050000
v -0.717009 0.165857 1.050000
v 0.717009 -0.165857 1.050000
v -0.165347 -0.727707 1.050000
v -0.673917 -0.232091 1.050000
v -0.167949 -0.673077 1.050000
v 0.165857 0.717009 1.050000
v -0.232091 0.673918 1.050000
v 0.652082 -0.168948 1.050000
v 0.692910 -0.167004 1.050000
v 0.167004 0.692910 1.050000
v 0.168948 0.652082 1.050000
v 0.229787 -0.625520 1.050000
v 0.231350 -0.658343 1.050000
v -0.692910 0.167004 1.050000
v 0.673917 0.232091 1.050000
v 1.050000 0.692910 -0.167004
v 1.050000 0.717009 -0.165857
v 1.050000 0.652082 -0.168948
v 1.050000 0.673918 0.232091
v 1.050000 -0.167004 -0.692909
v 1.050000 -0.165857 -0.717009
v 1.050000 -0.168948 -0.652082
v 1.050000 -0.652082 0.168948
v 1.050000 -0.717009 0.165857
v 1.050000 -0.692910 0.167004
v 1.050000 -0.673918 -0.232091
v 1.050000 0.232091 -0.673917
v 1.050000 0.165857 0.717009
v 1.050000 0.167004 0.692909
v 1.050000 0.168948 0.652082
v 1.050000 -0.232091 0.673917
v 0.166222 -1.050000 0.709342
v -0.233503 -1.050000 0.703553
v 0.607300 -1.050000 0.228919
v 0.660446 -1.050000 0.231450
v -0.652082 -1.050000 0.168948
v -0.607300 -1.050000 -0.228919
v 0.231450 -1.050000 -0.660446
v 0.233312 -1.050000 -0.699555
v 0.709342 -1.050000 -0.166222
v -0.660446 -1.050000 -0.231450
v 0.230122 -1.050000 -0.632553
v -0.232649 -1.050000 0.685632
v -0.232091 -1.050000 0.673917
v -0.166222 -1.050000 -0.709342
v -0.165857 0.717009 -1.050000
v 0.232091 0.673918 -1.050000
v -0.168948 0.652082 -1.050000
v 0.652082 0.168948 -1.050000
v -0.709342 -0.166222 -1.050000
v 0.673917 -0.232091 -1.050000
v -0.228919 -0.607300 -1.050000
v -0.231450 -0.660446 -1.050000
v 0.168948 -0.652082 -1.050000
v -0.673917 0.232091 -1.050000
v 0.717009 0.165857 -1.050000
v 0.692910 0.167004 -1.050000
v -0.167004 0.692910 -1.050000
v 0.231350 1.050000 0.658343
v 0.229787 1.050000 0.625520
v -0.673917 1.050000 0.232091
v 0.717009 1.050000 0.165857
v -0.692910 1.050000 -0.167004
v -0.717009 1.050000 -0.165857
v 0.673917 1.050000 -0.232091
v 0.167004 1.050000 -0.692909
v 0.652082 1.050000 0.168948
v -0.652082 1.050000 -0.168948
v 0.692910 1.050000 0.167004
v 0.165857 1.050000 -0.717009
v 0.168948 1.050000 -0.652082
v -0.165347 1.050000 0.727707
v -0.232091 1.050000 -0.673917
v -0.167949 1.050000 0.673077
v 1.050000 -0.019021 0.648126
v 1.050000 0.107787 0.639384
v 1.050000 -0.648126 -0.019021
v 1.050000 -0.639384 0.107787
v 0.540455 1.050000 -0.361121
v -0.540455 1.050000 -0.361121
v -0.637510 1.050000 0.126809
v -0.540455 -1.050000 -0.361121
v 0.637510 -1.050000 0.126809
v 0.540455 -1.050000 0.361121
v 0.129650 1.050000 -0.636648
v 0.129650 -1.050000 -0.636648
v 0.129650 -1.050000 0.636648
v 0.129650 1.050000 0.636648
v -0.129650 -1.050000 0.636648
v -0.129650 1.050000 0.636648
v -0.129650 1.050000 -0.636648
v -0.129650 -1.050000 -0.636648
v 0.637510 0.126809 1.050000
v 0.540455 0.361121 1.050000
v -0.540455 0.361121 1.050000
v -0.637510 -0.126809 1.050000
v -0.540455 0.361121 -1.050000
v 0.540455 0.361121 -1.050000
v 0.637510 -0.126809 -1.050000
v 0.540455 -0.361121 -1.050000
v -0.540455 -0.361121 -1.050000
v 0.129650 0.636649 1.050000
v 0.129650 0.636649 -1.050000
v 0.129650 -0.636649 -1.050000
v 0.129650 -0.636649 1.050000
v -0.129650 -0.636649 -1.050000
v -0.129650 -0.636649 1.050000
v -0.129650 0.636649 1.050000
v -0.129650 0.636649 -1.050000
v 1.050000 -0.250000 -0.599850
v -1.050000 -0.250000 -0.599850
v 1.050000 -0.599850 -0.250000
v -1.050000 -0.599850 -0.250000
v -1.050000 -0.606546 0.228883
v -1.050000 -0.616089 0.197425
v -1.050000 -0.599850 0.250000
v 1.050000 -0.599850 0.250000
v 1.050000 -0.250000 0.599850
v -1.050000 -0.250000 0.599850
v -1.050000 0.250000 0.599850
v 1.050000 0.250000 0.599850
v -1.050000 0.599850 0.250000
v 1.050000 0.599850 0.250000
v -1.050000 0.627510 0.159776
v -1.050000 0.624326 0.170270
v -1.050000 0.616089 -0.197425
v -1.050000 0.606546 -0.228883
v 1.050000 0.599850 -0.250000
v -1.050000 0.599850 -0.250000
v -1.050000 0.250000 -0.599850
v 1.050000 0.250000 -0.599850
v 0.126809 1.050000 -0.637510
v 0.126809 -1.050000 -0.637510
v 0.227190 1.050000 -0.607060
v 0.248744 1.050000 -0.600522
v 0.248744 -1.050000 -0.600522
v 0.227190 -1.050000 -0.607060
v 0.250000 1.050000 -0.599850
v 0.250000 -1.050000 -0.599850
v 0.540455 -1.050000 -0.361121
v 0.600522 1.050000 -0.248744
v 0.599850 1.050000 -0.250000
v 0.600522 -1.050000 -0.248744
v 0.599850 -1.050000 -0.250000
v 0.630475 1.050000 -0.150000
v 0.637510 1.050000 -0.126809
v 0.630475 -1.050000 -0.150000
v 0.637510 -1.050000 -0.126809
v 0.637510 1.050000 0.126809
v 0.630475 1.050000 0.150000
v 0.600522 1.050000 0.248744
v 0.600522 -1.050000 0.248743
v 0.606546 -1.050000 0.228883
v 0.630475 -1.050000 0.150000
v 0.599850 1.050000 0.250000
v 0.599850 -1.050000 0.250000
v 0.540455 1.050000 0.361121
v 0.248744 1.050000 0.600522
v 0.250000 1.050000 0.599850
v 0.250000 -1.050000 0.599850
v 0.248744 -1.050000 0.600522
v 0.194692 1.050000 0.616918
v 0.228883 1.050000 0.606546
v 0.126809 1.050000 0.637510
v 0.227190 -1.050000 0.607060
v 0.126809 -1.050000 0.637510
v -0.126809 1.050000 0.637510
v -0.126809 -1.050000 0.637510
v -0.170270 1.050000 0.624326
v -0.160228 1.050000 0.627373
v -0.248744 1.050000 0.600522
v -0.248744 -1.050000 0.600522
v -0.227190 -1.050000 0.607060
v -0.250000 1.050000 0.599850
v -0.250000 -1.050000 0.599850
v -0.540455 1.050000 0.361121
v -0.540455 -1.050000 0.361121
v -0.599850 1.050000 0.250000
v -0.600522 1.050000 0.248744
v -0.599850 -1.050000 0.250000
v -0.600522 -1.050000 0.248744
v -0.630475 1.050000 0.150000
v -0.624326 -1.050000 0.170270
v -0.630475 -1.050000 0.150000
v -0.637510 -1.050000 0.126809
v -0.637510 1.050000 -0.126809
v -0.637510 -1.050000 -0.126809
v -0.630475 1.050000 -0.150000
v -0.600522 1.050000 -0.248744
v -0.630475 -1.050000 -0.150000
v -0.606546 -1.050000 -0.228883
v -0.600522 -1.050000 -0.248743
v -0.599850 1.050000 -0.250000
v -0.599850 -1.050000 -0.250000
v -0.250000 1.050000 -0.599850
v -0.248744 1.050000 -0.600522
v -0.250000 -1.050000 -0.599850
v -0.248744 -1.050000 -0.600522
v -0.227190 1.050000 -0.607060
v -0.126809 1.050000 -0.637510
v -0.126809 -1.050000 -0.637510
v -0.227190 -1.050000 -0.607060
v 0.126809 0.637510 1.050000
v 0.126809 0.637510 -1.050000
v 0.227190 0.607060 1.050000
v 0.248744 0.600522 1.050000
v 0.227190 0.607060 -1.050000
v 0.248744 0.600522 -1.050000
v 0.250000 0.599850 1.050000
v 0.250000 0.599850 -1.050000
v 0.599850 0.250000 1.050000
v 0.600522 0.248744 1.050000
v 0.599850 0.250000 -1.050000
v 0.600522 0.248744 -1.050000
v 0.630475 0.150000 1.050000
v 0.630475 0.150000 -1.050000
v 0.637510 0.126809 -1.050000
v 0.637510 -0.126809 1.050000
v 0.630475 -0.150000 1.050000
v 0.630475 -0.150000 -1.050000
v 0.600522 -0.248744 -1.050000
v 0.599850 -0.250000 1.050000
v 0.600522 -0.248744 1.050000
v 0.599850 -0.250000 -1.050000
v 0.540455 -0.361121 1.050000
v 0.250000 -0.599850 1.050000
v 0.248744 -0.600522 1.050000
v 0.250000 -0.599850 -1.050000
v 0.248744 -0.600522 -1.050000
v 0.194692 -0.616918 1.050000
v 0.228883 -0.606546 1.050000
v 0.126809 -0.637510 1.050000
v 0.170270 -0.624326 -1.050000
v 0.160228 -0.627373 -1.050000
v 0.126809 -0.637510 -1.050000
v -0.126809 -0.637510 1.050000
v -0.126809 -0.637510 -1.050000
v -0.170270 -0.624326 1.050000
v -0.160228 -0.627373 1.050000
v -0.248744 -0.600522 1.050000
v -0.194692 -0.616918 -1.050000
v -0.248744 -0.600522 -1.050000
v -0.228883 -0.606546 -1.050000
v -0.250000 -0.599850 1.050000
v -0.250000 -0.599850 -1.050000
v -0.540455 -0.361121 1.050000
v -0.600522 -0.248744 -1.050000
v -0.599850 -0.250000 1.050000
v -0.600522 -0.248744 1.050000
v -0.599850 -0.250000 -1.050000
v -0.630475 -0.150000 1.050000
v -0.637510 -0.126809 -1.050000
v -0.630475 -0.150000 -1.050000
v -0.637510 0.126809 1.050000
v -0.637510 0.126809 -1.050000
v -0.630475 0.150000 1.050000
v -0.600522 0.248744 -1.050000
v -0.600522 0.248744 1.050000
v -0.630475 0.150000 -1.050000
v -0.599850 0.250000 1.050000
v -0.599850 0.250000 -1.050000
v -0.250000 0.599850 1.050000
v -0.248744 0.600522 1.050000
v -0.250000 0.599850 -1.050000
v -0.248744 0.600522 -1.050000
v -0.227190 0.607060 1.050000
v -0.126809 0.637510 1.050000
v -0.170270 0.624326 -1.050000
v -0.126809 0.637510 -1.050000
v -0.160228 0.627373 -1.050000
v -1.050000 0.019021 0.648126
v -1.050000 -0.648126 0.019021
v -1.000000 1.000000 0.250000
v -1.000000 1.000000 0.150000
v -1.000000 1.000000 -0.250000
v -1.000000 1.000000 -0.150000
v -0.734472 1.000000 0.150000
v -0.735589 1.000000 0.146318
v -0.750000 1.000000 0.000000
v -0.735589 1.000000 -0.146318
v -0.637510 1.000000 -0.126809
v -0.734472 1.000000 -0.150000
v -0.704137 1.000000 -0.250000
v -0.623602 1.000000 0.416678
v -0.692910 1.000000 0.287013
v -0.704137 1.000000 0.250000
v -0.637510 1.000000 0.126809
v -0.650000 1.000000 0.000000
v -0.692910 1.000000 -0.287013
v -0.623602 1.000000 -0.416678
v -0.594627 1.000000 0.259771
v -0.600522 1.000000 0.248744
v -0.600522 1.000000 -0.248744
v -0.540455 1.000000 0.361121
v -0.540455 1.000000 -0.361121
v -0.476716 1.000000 0.094825
v -0.404140 1.000000 -0.270038
v -0.447205 1.000000 -0.469808
v -0.361121 1.000000 -0.540455
v -0.416678 1.000000 -0.623602
v -0.449057 1.000000 0.186005
v -0.449057 1.000000 -0.186005
v -0.530330 1.000000 0.530330
v -0.459619 1.000000 0.459619
v -0.404140 1.000000 0.270038
v -0.486055 1.000000 0.000000
v -0.476716 1.000000 -0.094825
v -0.459619 1.000000 -0.459619
v -0.530330 1.000000 -0.530330
v -0.270038 1.000000 -0.404140
v -0.250000 1.000000 -0.704137
v -0.248744 1.000000 -0.600522
v -0.287013 1.000000 -0.692909
v -0.146318 1.000000 -0.735589
v -0.150000 1.000000 -0.734472
v -0.150000 1.000000 -0.630475
v -0.126809 1.000000 -0.637510
v -0.094825 1.000000 -0.476716
v -0.136649 1.000000 -0.634525
v 0.000000 1.000000 -0.486055
v 0.000000 1.000000 -0.650000
v 0.000000 1.000000 -0.750000
v -0.150000 1.000000 -1.000000
v -0.186005 1.000000 -0.449057
v -0.250000 1.000000 -1.000000
v 0.094825 1.000000 -0.476716
v 0.126809 1.000000 -0.637510
v 0.146318 1.000000 -0.735589
v 0.138131 1.000000 -0.634076
v 0.150000 1.000000 -0.734472
v 0.248744 1.000000 -0.600522
v 0.186005 1.000000 -0.449057
v 0.150000 1.000000 -0.630475
v 0.287013 1.000000 -0.692909
v 0.250000 1.000000 -0.704137
v 0.416678 1.000000 -0.623602
v 0.361121 1.000000 -0.540455
v 0.459619 1.000000 -0.459619
v 0.530330 1.000000 -0.530330
v 0.447205 1.000000 -0.469808
v 0.343693 1.000000 -0.343693
v 0.270038 1.000000 -0.404140
v 0.250000 1.000000 -1.000000
v 0.150000 1.000000 -1.000000
v -0.343693 1.000000 0.343693
v -0.343693 1.000000 -0.343693
v -0.361121 1.000000 0.540455
v -0.416678 1.000000 0.623602
v -0.371789 1.000000 0.531700
v -0.287013 1.000000 0.692909
v -0.270038 1.000000 0.404140
v -0.250000 1.000000 1.000000
v -0.250000 1.000000 0.704137
v -0.248744 1.000000 0.600522
v -0.186005 1.000000 0.449057
v -0.146318 1.000000 0.735589
v -0.150000 1.000000 0.734472
v -0.126809 1.000000 0.637510
v -0.094825 1.000000 0.476716
v -0.138131 1.000000 0.634076
v -0.150000 1.000000 0.630475
v -0.150000 1.000000 1.000000
v 0.000000 1.000000 0.750000
v 0.000000 1.000000 0.650000
v 0.094825 1.000000 0.476716
v 0.000000 1.000000 0.486055
v 0.126809 1.000000 0.637510
v 0.146318 1.000000 0.735589
v 0.138131 1.000000 0.634076
v 0.150000 1.000000 0.630475
v 0.150000 1.000000 0.734472
v 0.186005 1.000000 0.449057
v 0.248744 1.000000 0.600522
v 0.287013 1.000000 0.692909
v 0.250000 1.000000 0.704137
v 0.270038 1.000000 0.404140
v 0.150000 1.000000 1.000000
v 0.250000 1.000000 1.000000
v 0.404140 1.000000 0.270038
v 0.416678 1.000000 0.623602
v 0.361121 1.000000 0.540455
v 0.371789 1.000000 0.531700
v 0.459619 1.000000 0.459619
v 0.449057 1.000000 0.186005
v 0.404140 1.000000 -0.270038
v 0.486055 1.000000 0.000000
v 0.476716 1.000000 -0.094825
v 0.600522 1.000000 0.248744
v 0.540455 1.000000 0.361121
v 0.530330 1.000000 0.530330
v 0.476716 1.000000 0.094825
v 0.449057 1.000000 -0.186005
v 0.600522 1.000000 -0.248744
v 0.540455 1.000000 -0.361121
v 0.637510 1.000000 -0.126809
v 1.000000 1.000000 0.250000
v 1.000000 1.000000 0.150000
v 1.000000 1.000000 -0.150000
v 0.750000 1.000000 0.000000
v 1.000000 1.000000 -0.250000
v 0.734472 1.000000 0.150000
v 0.704137 1.000000 0.250000
v 0.735589 1.000000 0.146318
v 0.735589 1.000000 -0.146318
v 0.734472 1.000000 -0.150000
v 0.704137 1.000000 -0.250000
v 0.623602 1.000000 0.416678
v 0.692910 1.000000 0.287013
v 0.637510 1.000000 0.126809
v 0.650000 1.000000 0.000000
v 0.692910 1.000000 -0.287013
v 0.623602 1.000000 -0.416678
v 0.343693 1.000000 0.343693
v -0.530330 0.530330 1.000000
v -0.459619 0.459619 1.000000
v -0.371789 0.531700 1.000000
v -0.416678 0.623602 1.000000
v -0.270038 0.404140 1.000000
v -0.361121 0.540455 1.000000
v -0.343693 0.343693 1.000000
v -0.186005 0.449057 1.000000
v -0.248744 0.600522 1.000000
v -0.150000 0.734472 1.000000
v -0.150000 0.630475 1.000000
v -0.136649 0.634525 1.000000
v -0.126809 0.637510 1.000000
v -0.146318 0.735589 1.000000
v -0.287013 0.692910 1.000000
v -0.250000 0.704137 1.000000
v -0.094825 0.476716 1.000000
v 0.000000 0.486055 1.000000
v 0.000000 0.650000 1.000000
v 0.000000 0.750000 1.000000
v 0.126809 0.637510 1.000000
v 0.094825 0.476716 1.000000
v 0.138131 0.634076 1.000000
v 0.146318 0.735589 1.000000
v 0.186005 0.449057 1.000000
v 0.250000 0.704137 1.000000
v 0.248744 0.600522 1.000000
v 0.150000 0.630475 1.000000
v 0.150000 0.734472 1.000000
v 0.343693 0.343693 1.000000
v 0.404140 -0.270038 1.000000
v 0.404140 0.270038 1.000000
v 0.447205 0.469808 1.000000
v 0.361121 0.540455 1.000000
v 0.416678 0.623602 1.000000
v 0.486055 0.000000 1.000000
v 0.476716 -0.094825 1.000000
v 0.476716 0.094825 1.000000
v 0.540455 -0.361121 1.000000
v 0.343693 -0.343693 1.000000
v 0.449057 -0.186005 1.000000
v 0.449057 0.186005 1.000000
v 0.540455 0.361121 1.000000
v 0.459619 0.459619 1.000000
v 0.530330 0.530330 1.000000
v 0.637510 0.126809 1.000000
v 0.692910 0.287013 1.000000
v 0.600522 0.248744 1.000000
v 0.750000 0.000000 1.000000
v 1.000000 -0.150000 1.000000
v 1.000000 0.150000 1.000000
v 0.735589 0.146318 1.000000
v 0.704137 -0.250000 1.000000
v 1.000000 -0.250000 1.000000
v 0.734472 -0.150000 1.000000
v 0.735589 -0.146318 1.000000
v 0.734472 0.150000 1.000000
v 1.000000 0.250000 1.000000
v 0.704137 0.250000 1.000000
v 0.623602 -0.416678 1.000000
v 0.692910 -0.287013 1.000000
v 0.600522 -0.248744 1.000000
v 0.637510 -0.126809 1.000000
v 0.650000 0.000000 1.000000
v 0.623602 0.416678 1.000000
v 0.270038 0.404140 1.000000
v 0.287013 0.692910 1.000000
v -1.000000 -0.250000 1.000000
v -1.000000 -0.150000 1.000000
v -1.000000 0.250000 1.000000
v -1.000000 0.150000 1.000000
v -0.734472 -0.150000 1.000000
v -0.735589 -0.146318 1.000000
v -0.750000 0.000000 1.000000
v -0.735589 0.146318 1.000000
v -0.734472 0.150000 1.000000
v -0.623602 -0.416678 1.000000
v -0.692910 -0.287013 1.000000
v -0.704137 -0.250000 1.000000
v -0.637510 -0.126809 1.000000
v -0.650000 0.000000 1.000000
v -0.637510 0.126809 1.000000
v -0.704137 0.250000 1.000000
v -0.692910 0.287013 1.000000
v -0.623602 0.416678 1.000000
v -0.594627 -0.259771 1.000000
v -0.600522 -0.248744 1.000000
v -0.600522 0.248744 1.000000
v -0.486055 0.000000 1.000000
v -0.416678 -0.623602 1.000000
v -0.361121 -0.540455 1.000000
v -0.404140 -0.270038 1.000000
v -0.404140 0.270038 1.000000
v -0.447205 -0.469808 1.000000
v -0.343693 -0.343693 1.000000
v -0.459619 -0.459619 1.000000
v -0.449057 -0.186005 1.000000
v -0.449057 0.186005 1.000000
v -0.530330 -0.530330 1.000000
v -0.540455 -0.361121 1.000000
v -0.476716 -0.094825 1.000000
v -0.476716 0.094825 1.000000
v -0.540455 0.361121 1.000000
v -0.250000 -1.000000 1.000000
v -0.250000 -0.704137 1.000000
v -0.287013 -0.692910 1.000000
v -0.248744 -0.600522 1.000000
v -0.186005 -0.449057 1.000000
v -0.150000 -1.000000 1.000000
v -0.270038 -0.404140 1.000000
v -0.150000 -0.630475 1.000000
v -0.150000 -0.734472 1.000000
v -0.138131 -0.634076 1.000000
v -0.126809 -0.637510 1.000000
v -0.146318 -0.735589 1.000000
v -0.094825 -0.476716 1.000000
v 0.000000 -0.650000 1.000000
v 0.000000 -0.750000 1.000000
v 0.000000 -0.486055 1.000000
v 0.126809 -0.637510 1.000000
v 0.094825 -0.476716 1.000000
v 0.146318 -0.735589 1.000000
v 0.138131 -0.634076 1.000000
v 0.150000 -0.630475 1.000000
v 0.150000 -0.734472 1.000000
v 0.248744 -0.600522 1.000000
v 0.186005 -0.449057 1.000000
v 0.150000 -1.000000 1.000000
v 0.250000 -1.000000 1.000000
v 0.287013 -0.692910 1.000000
v 0.250000 -0.704137 1.000000
v 0.270038 -0.404140 1.000000
v 0.416678 -0.623602 1.000000
v 0.361121 -0.540455 1.000000
v 0.371789 -0.531700 1.000000
v 0.530330 -0.530330 1.000000
v 0.459619 -0.459619 1.000000
v -1.000000 -0.250000 0.704137
v -1.000000 -0.150000 0.734472
v -1.000000 -0.146318 0.735589
v -1.000000 0.000000 0.750000
v -1.000000 0.146318 0.735589
v -1.000000 0.150000 0.734472
v -1.000000 -0.126809 0.637510
v -1.000000 -0.287013 0.692909
v -1.000000 -0.150000 0.630475
v -1.000000 0.000000 0.650000
v -1.000000 0.020290 0.648001
v -1.000000 0.021135 0.647918
v -1.000000 0.126809 0.637510
v -1.000000 0.135157 0.634978
v -1.000000 0.150000 0.630475
v -1.000000 0.250000 0.704137
v -1.000000 0.287013 0.692909
v -1.000000 -0.248744 0.600522
v -1.000000 -0.361121 0.540455
v -1.000000 -0.416678 0.623602
v -1.000000 0.361121 0.540455
v -1.000000 0.416678 0.623602
v -1.000000 0.371789 0.531700
v -1.000000 0.000000 0.486055
v -1.000000 -0.094825 0.476716
v -1.000000 0.094825 0.476716
v -1.000000 -0.186005 0.449057
v -1.000000 0.186005 0.449057
v -1.000000 -0.447205 0.469808
v -1.000000 -0.270038 0.404140
v -1.000000 0.248744 0.600522
v -1.000000 0.270038 0.404140
v -1.000000 0.459619 0.459619
v -1.000000 0.530330 0.530330
v -1.000000 0.469808 0.447205
v -1.000000 0.623602 0.416678
v -1.000000 0.343693 0.343693
v -1.000000 0.404140 0.270038
v -1.000000 0.540455 0.361121
v -1.000000 0.704137 0.250000
v -1.000000 0.449057 0.186005
v -1.000000 0.600522 0.248744
v -1.000000 0.692910 0.287013
v -1.000000 0.630475 0.150000
v -1.000000 0.734472 0.150000
v -1.000000 0.637510 0.126809
v -1.000000 0.735589 0.146318
v -1.000000 0.476716 0.094825
v -1.000000 0.650000 0.000000
v -1.000000 0.486055 0.000000
v -1.000000 0.750000 0.000000
v -1.000000 0.476716 -0.094825
v -1.000000 0.637510 -0.126809
v -1.000000 0.630475 -0.150000
v -1.000000 0.634978 -0.135157
v -1.000000 0.735589 -0.146318
v -1.000000 0.449057 -0.186005
v -1.000000 0.734472 -0.150000
v -1.000000 0.692910 -0.287013
v -1.000000 0.704137 -0.250000
v -1.000000 0.531700 -0.371789
v -1.000000 0.623602 -0.416678
v -1.000000 0.540455 -0.361121
v -1.000000 0.530330 -0.530330
v -1.000000 0.459619 -0.459619
v -1.000000 0.343693 -0.343693
v -1.000000 0.404140 -0.270038
v -1.000000 0.600522 -0.248744
v -1.000000 -0.343693 0.343693
v -1.000000 -0.530330 0.530330
v -1.000000 -0.459619 0.459619
v -1.000000 -0.623602 0.416678
v -1.000000 -0.540455 0.361121
v -1.000000 -0.531700 0.371789
v -1.000000 -1.000000 0.250000
v -1.000000 -0.704137 0.250000
v -1.000000 -0.692910 0.287013
v -1.000000 -0.404140 0.270038
v -1.000000 -0.449057 0.186005
v -1.000000 -0.637510 0.126809
v -1.000000 -0.735589 0.146318
v -1.000000 -0.634978 0.135157
v -1.000000 -0.476716 0.094825
v -1.000000 -0.630475 0.150000
v -1.000000 -0.734472 0.150000
v -1.000000 -1.000000 0.150000
v -1.000000 -0.600522 0.248744
v -1.000000 -0.647918 0.021135
v -1.000000 -0.648002 0.020290
v -1.000000 -0.476716 -0.094825
v -1.000000 -0.650000 0.000000
v -1.000000 -0.486055 0.000000
v -1.000000 -0.750000 0.000000
v -1.000000 -0.735589 -0.146318
v -1.000000 -0.637510 -0.126809
v -1.000000 -1.000000 -0.150000
v -1.000000 -0.734472 -0.150000
v -1.000000 -0.630475 -0.150000
v -1.000000 -0.449057 -0.186005
v -1.000000 -0.600522 -0.248744
v -1.000000 -0.704137 -0.250000
v -1.000000 -0.343693 -0.343693
v -1.000000 -0.692910 -0.287013
v -1.000000 -1.000000 -0.250000
v -1.000000 -0.540455 -0.361121
v -1.000000 -0.404140 -0.270038
v -1.000000 0.186005 -0.449057
v -1.000000 0.000000 -0.486055
v -1.000000 -0.094825 -0.476716
v -1.000000 -0.469808 -0.447205
v -1.000000 -0.459619 -0.459619
v -1.000000 -0.186005 -0.449057
v -1.000000 0.094825 -0.476716
v -1.000000 -0.371789 -0.531700
v -1.000000 -0.416678 -0.623602
v -1.000000 -0.361121 -0.540455
v -1.000000 -0.248744 -0.600522
v -1.000000 0.361121 -0.540455
v -1.000000 0.416678 -0.623602
v -1.000000 -0.530330 -0.530330
v -1.000000 0.248744 -0.600522
v -1.000000 0.270038 -0.404140
v -1.000000 0.447205 -0.469808
v -1.000000 0.000000 -0.650000
v -1.000000 -0.135157 -0.634978
v -1.000000 -0.126809 -0.637510
v -1.000000 0.126809 -0.637510
v -1.000000 0.000000 -0.750000
v -1.000000 -0.250000 -1.000000
v -1.000000 -0.150000 -1.000000
v -1.000000 0.150000 -1.000000
v -1.000000 0.250000 -1.000000
v -1.000000 -0.150000 -0.734472
v -1.000000 -0.250000 -0.704137
v -1.000000 -0.146318 -0.735589
v -1.000000 0.146318 -0.735589
v -1.000000 0.150000 -0.734472
v -1.000000 0.250000 -0.704137
v -1.000000 -0.287013 -0.692909
v -1.000000 -0.150000 -0.630475
v -1.000000 0.150000 -0.630475
v -1.000000 0.287013 -0.692909
v -1.000000 -0.623602 -0.416678
v -1.000000 -0.270038 -0.404140
v -0.459619 -1.000000 -0.459619
v -0.530330 -1.000000 -0.530330
v -0.416678 -1.000000 -0.623602
v -0.361121 -1.000000 -0.540455
v -0.447205 -1.000000 -0.469808
v -0.250000 -1.000000 -0.704137
v -0.287013 -1.000000 -0.692909
v -0.343693 -1.000000 -0.343693
v -0.270038 -1.000000 -0.404140
v -0.250000 -1.000000 -1.000000
v -0.186005 -1.000000 -0.449057
v -0.248744 -1.000000 -0.600522
v -0.146318 -1.000000 -0.735589
v -0.126809 -1.000000 -0.637510
v -0.094825 -1.000000 -0.476716
v -0.138131 -1.000000 -0.634076
v -0.150000 -1.000000 -1.000000
v -0.150000 -1.000000 -0.630475
v -0.150000 -1.000000 -0.734472
v 0.000000 -1.000000 -0.486055
v 0.000000 -1.000000 -0.650000
v 0.094825 -1.000000 -0.476716
v 0.000000 -1.000000 -0.750000
v 0.146318 -1.000000 -0.735589
v 0.126809 -1.000000 -0.637510
v 0.150000 -1.000000 -0.630475
v 0.150000 -1.000000 -0.734472
v 0.138131 -1.000000 -0.634076
v 0.150000 -1.000000 -1.000000
v 0.250000 -1.000000 -0.704137
v 0.248744 -1.000000 -0.600522
v 0.343693 -1.000000 -0.343693
v 0.361121 -1.000000 -0.540455
v 0.270038 -1.000000 -0.404140
v 0.287013 -1.000000 -0.692909
v 0.186005 -1.000000 -0.449057
v 0.250000 -1.000000 -1.000000
v 0.343693 -1.000000 0.343693
v 0.404140 -1.000000 0.270038
v 0.476716 -1.000000 0.094825
v 0.476716 -1.000000 -0.094825
v 0.449057 -1.000000 0.186005
v 0.449057 -1.000000 -0.186005
v 0.600522 -1.000000 0.248744
v 0.540455 -1.000000 -0.361121
v 0.459619 -1.000000 0.459619
v 0.530330 -1.000000 0.530330
v 0.540455 -1.000000 0.361121
v 0.605005 -1.000000 0.233963
v 0.486055 -1.000000 0.000000
v 0.600522 -1.000000 -0.248744
v 0.404140 -1.000000 -0.270038
v 0.459619 -1.000000 -0.459619
v 0.530330 -1.000000 -0.530330
v 0.371789 -1.000000 -0.531700
v 0.416678 -1.000000 -0.623602
v 1.000000 -1.000000 0.250000
v 1.000000 -1.000000 0.150000
v 1.000000 -1.000000 -0.150000
v 1.000000 -1.000000 -0.250000
v 0.734472 -1.000000 0.150000
v 0.735589 -1.000000 0.146318
v 0.750000 -1.000000 0.000000
v 0.735589 -1.000000 -0.146318
v 0.734472 -1.000000 -0.150000
v 0.623602 -1.000000 0.416678
v 0.692910 -1.000000 0.287013
v 0.704137 -1.000000 0.250000
v 0.637510 -1.000000 0.126809
v 0.650000 -1.000000 0.000000
v 0.637510 -1.000000 -0.126809
v 0.704137 -1.000000 -0.250000
v 0.692910 -1.000000 -0.287013
v 0.623602 -1.000000 -0.416678
v -0.750000 -1.000000 0.000000
v -0.704137 -1.000000 0.250000
v -0.734472 -1.000000 0.150000
v -0.735589 -1.000000 0.146318
v -0.735589 -1.000000 -0.146318
v -0.734472 -1.000000 -0.150000
v -0.704137 -1.000000 -0.250000
v -0.637510 -1.000000 0.126809
v -0.623602 -1.000000 0.416678
v -0.692910 -1.000000 0.287013
v -0.650000 -1.000000 0.000000
v -0.637510 -1.000000 -0.126809
v -0.692910 -1.000000 -0.287013
v -0.623602 -1.000000 -0.416678
v -0.600522 -1.000000 0.248744
v -0.600522 -1.000000 -0.248744
v -0.486055 -1.000000 0.000000
v -0.540455 -1.000000 0.361121
v -0.449057 -1.000000 0.186005
v -0.371789 -1.000000 0.531700
v -0.404140 -1.000000 -0.270038
v -0.459619 -1.000000 0.459619
v -0.404140 -1.000000 0.270038
v -0.449057 -1.000000 -0.186005
v -0.530330 -1.000000 0.530330
v -0.476716 -1.000000 0.094825
v -0.476716 -1.000000 -0.094825
v -0.605005 -1.000000 -0.233963
v -0.540455 -1.000000 -0.361121
v -0.416678 -1.000000 0.623602
v -0.270038 -1.000000 0.404140
v -0.361121 -1.000000 0.540455
v -0.248744 -1.000000 0.600522
v -0.250000 -1.000000 0.704137
v -0.186005 -1.000000 0.449057
v -0.287013 -1.000000 0.692909
v -0.150000 -1.000000 0.734472
v -0.146318 -1.000000 0.735589
v -0.126809 -1.000000 0.637510
v -0.136649 -1.000000 0.634525
v -0.150000 -1.000000 0.630475
v -0.094825 -1.000000 0.476716
v 0.000000 -1.000000 0.650000
v 0.000000 -1.000000 0.486055
v 0.000000 -1.000000 0.750000
v 0.146318 -1.000000 0.735589
v 0.126809 -1.000000 0.637510
v 0.094825 -1.000000 0.476716
v 0.138131 -1.000000 0.634076
v 0.248744 -1.000000 0.600522
v 0.186005 -1.000000 0.449057
v 0.150000 -1.000000 0.734472
v 0.150000 -1.000000 0.630475
v 0.250000 -1.000000 0.704137
v 0.270038 -1.000000 0.404140
v 0.287013 -1.000000 0.692909
v 0.262908 -1.000000 0.592951
v 0.416678 -1.000000 0.623602
v 0.361121 -1.000000 0.540455
v 0.447205 -1.000000 0.469808
v -0.343693 -1.000000 0.343693
v 1.000000 0.530330 0.530330
v 1.000000 0.459619 0.459619
v 1.000000 0.531700 0.371789
v 1.000000 0.623602 0.416678
v 1.000000 0.404140 0.270038
v 1.000000 0.540455 0.361121
v 1.000000 0.343693 0.343693
v 1.000000 0.600522 0.248744
v 1.000000 0.449057 0.186005
v 1.000000 0.637510 0.126809
v 1.000000 0.735589 0.146318
v 1.000000 0.634205 0.137706
v 1.000000 0.476716 0.094825
v 1.000000 0.630475 0.150000
v 1.000000 0.734472 0.150000
v 1.000000 0.692910 0.287013
v 1.000000 0.704137 0.250000
v 1.000000 0.750000 0.000000
v 1.000000 0.650000 0.000000
v 1.000000 0.476716 -0.094825
v 1.000000 0.486055 0.000000
v 1.000000 0.630475 -0.150000
v 1.000000 0.734472 -0.150000
v 1.000000 0.735589 -0.146318
v 1.000000 0.449057 -0.186005
v 1.000000 0.637510 -0.126809
v 1.000000 0.600522 -0.248744
v 1.000000 0.704137 -0.250000
v 1.000000 0.343693 -0.343693
v 1.000000 0.540455 -0.361121
v 1.000000 0.404140 -0.270038
v 1.000000 0.692910 -0.287013
v 1.000000 -0.343693 -0.343693
v 1.000000 -0.186005 -0.449057
v 1.000000 0.000000 -0.486055
v 1.000000 0.094825 -0.476716
v 1.000000 -0.094825 -0.476716
v 1.000000 0.186005 -0.449057
v 1.000000 0.459619 -0.459619
v 1.000000 0.530330 -0.530330
v 1.000000 0.469808 -0.447205
v 1.000000 -0.416678 -0.623602
v 1.000000 -0.361121 -0.540455
v 1.000000 -0.248744 -0.600522
v 1.000000 0.248744 -0.600522
v 1.000000 -0.447205 -0.469808
v 1.000000 0.361121 -0.540455
v 1.000000 0.371789 -0.531700
v 1.000000 -0.126809 -0.637510
v 1.000000 -0.250000 -1.000000
v 1.000000 -0.150000 -1.000000
v 1.000000 0.150000 -1.000000
v 1.000000 0.250000 -1.000000
v 1.000000 -0.150000 -0.734472
v 1.000000 -0.146318 -0.735589
v 1.000000 0.000000 -0.750000
v 1.000000 0.146318 -0.735589
v 1.000000 0.150000 -0.734472
v 1.000000 0.250000 -0.704137
v 1.000000 -0.287013 -0.692909
v 1.000000 -0.250000 -0.704137
v 1.000000 -0.150000 -0.630475
v 1.000000 0.000000 -0.650000
v 1.000000 0.126809 -0.637510
v 1.000000 0.137706 -0.634205
v 1.000000 0.150000 -0.630475
v 1.000000 0.287013 -0.692909
v 1.000000 0.416678 -0.623602
v 1.000000 0.623602 -0.416678
v 1.000000 -0.270038 -0.404140
v 1.000000 0.270038 -0.404140
v 1.000000 -0.250000 0.704137
v 1.000000 -0.150000 0.734472
v 1.000000 -0.146318 0.735589
v 1.000000 0.000000 0.750000
v 1.000000 0.146318 0.735589
v 1.000000 0.150000 0.734472
v 1.000000 0.105674 0.639592
v 1.000000 -0.287013 0.692909
v 1.000000 -0.150000 0.630475
v 1.000000 -0.137706 0.634205
v 1.000000 -0.126809 0.637510
v 1.000000 -0.021135 0.647918
v 1.000000 -0.020290 0.648001
v 1.000000 0.000000 0.650000
v 1.000000 0.126809 0.637510
v 1.000000 0.137706 0.634205
v 1.000000 0.250000 0.704137
v 1.000000 0.287013 0.692909
v 1.000000 -0.416678 0.623602
v 1.000000 -0.361121 0.540455
v 1.000000 -0.248744 0.600522
v 1.000000 0.361121 0.540455
v 1.000000 0.416678 0.623602
v 1.000000 0.371789 0.531700
v 1.000000 0.000000 0.486055
v 1.000000 -0.447205 0.469808
v 1.000000 -0.530330 0.530330
v 1.000000 0.094825 0.476716
v 1.000000 -0.270038 0.404140
v 1.000000 -0.186005 0.449057
v 1.000000 -0.459619 0.459619
v 1.000000 -0.094825 0.476716
v 1.000000 0.186005 0.449057
v 1.000000 0.150000 0.630475
v 1.000000 0.248744 0.600522
v 1.000000 0.270038 0.404140
v 1.000000 -0.623602 0.416678
v 1.000000 -0.449057 0.186005
v 1.000000 -0.600522 0.248744
v 1.000000 -0.692910 0.287013
v 1.000000 -0.704137 0.250000
v 1.000000 -0.540455 0.361121
v 1.000000 -0.404140 0.270038
v 1.000000 -0.531700 0.371789
v 1.000000 -0.734472 0.150000
v 1.000000 -0.630475 0.150000
v 1.000000 -0.637510 0.126809
v 1.000000 -0.735589 0.146318
v 1.000000 -0.634205 0.137706
v 1.000000 -0.639592 0.105674
v 1.000000 -0.476716 0.094825
v 1.000000 -0.486055 0.000000
v 1.000000 -0.648002 -0.020290
v 1.000000 -0.650000 0.000000
v 1.000000 -0.750000 0.000000
v 1.000000 -0.647918 -0.021135
v 1.000000 -0.637510 -0.126809
v 1.000000 -0.735589 -0.146318
v 1.000000 -0.476716 -0.094825
v 1.000000 -0.634205 -0.137706
v 1.000000 -0.449057 -0.186005
v 1.000000 -0.734472 -0.150000
v 1.000000 -0.630475 -0.150000
v 1.000000 -0.704137 -0.250000
v 1.000000 -0.692910 -0.287013
v 1.000000 -0.623602 -0.416678
v 1.000000 -0.540455 -0.361121
v 1.000000 -0.469808 -0.447205
v 1.000000 -0.459619 -0.459619
v 1.000000 -0.530330 -0.530330
v 1.000000 -0.404140 -0.270038
v 1.000000 -0.600522 -0.248744
v 1.000000 -0.343693 0.343693
v -0.750000 0.000000 -1.000000
v -0.704137 -0.250000 -1.000000
v -0.734472 -0.150000 -1.000000
v -0.735589 -0.146318 -1.000000
v -0.735589 0.146318 -1.000000
v -0.734472 0.150000 -1.000000
v -0.704137 0.250000 -1.000000
v -0.637510 -0.126809 -1.000000
v -0.623602 -0.416678 -1.000000
v -0.692910 -0.287013 -1.000000
v -0.650000 0.000000 -1.000000
v -0.637510 0.126809 -1.000000
v -0.692910 0.287013 -1.000000
v -0.623602 0.416678 -1.000000
v -0.600522 0.248744 -1.000000
v -0.486055 0.000000 -1.000000
v -0.476716 0.094825 -1.000000
v -0.459619 0.459619 -1.000000
v -0.449057 -0.186005 -1.000000
v -0.404140 0.270038 -1.000000
v -0.416678 0.623602 -1.000000
v -0.361121 0.540455 -1.000000
v -0.404140 -0.270038 -1.000000
v -0.447205 0.469808 -1.000000
v -0.343693 -0.343693 -1.000000
v -0.540455 -0.361121 -1.000000
v -0.476716 -0.094825 -1.000000
v -0.449057 0.186005 -1.000000
v -0.540455 0.361121 -1.000000
v -0.530330 0.530330 -1.000000
v -0.600522 -0.248744 -1.000000
v -0.250000 0.704137 -1.000000
v -0.270038 0.404140 -1.000000
v -0.287013 0.692910 -1.000000
v -0.186005 0.449057 -1.000000
v -0.248744 0.600522 -1.000000
v -0.150000 0.734472 -1.000000
v -0.138131 0.634076 -1.000000
v -0.146318 0.735589 -1.000000
v -0.126809 0.637510 -1.000000
v -0.094825 0.476716 -1.000000
v 0.000000 0.650000 -1.000000
v 0.000000 0.486055 -1.000000
v 0.000000 0.750000 -1.000000
v -0.150000 0.630475 -1.000000
v 0.094825 0.476716 -1.000000
v 0.150000 0.630475 -1.000000
v 0.138131 0.634076 -1.000000
v 0.126809 0.637510 -1.000000
v 0.146318 0.735589 -1.000000
v 0.250000 0.704137 -1.000000
v 0.248744 0.600522 -1.000000
v 0.186005 0.449057 -1.000000
v 0.150000 0.734472 -1.000000
v 0.287013 0.692910 -1.000000
v 0.447205 0.469808 -1.000000
v 0.361121 0.540455 -1.000000
v 0.416678 0.623602 -1.000000
v 0.530330 0.530330 -1.000000
v 0.459619 0.459619 -1.000000
v 0.343693 0.343693 -1.000000
v 0.270038 0.404140 -1.000000
v -0.343693 0.343693 -1.000000
v -0.530330 -0.530330 -1.000000
v -0.371789 -0.531700 -1.000000
v -0.416678 -0.623602 -1.000000
v -0.459619 -0.459619 -1.000000
v -0.287013 -0.692910 -1.000000
v -0.361121 -0.540455 -1.000000
v -0.270038 -0.404140 -1.000000
v -0.248744 -0.600522 -1.000000
v -0.250000 -0.704137 -1.000000
v -0.207592 -0.613005 -1.000000
v -0.186005 -0.449057 -1.000000
v -0.150000 -0.734472 -1.000000
v -0.146318 -0.735589 -1.000000
v -0.126809 -0.637510 -1.000000
v -0.136649 -0.634525 -1.000000
v -0.150000 -0.630475 -1.000000
v -0.094825 -0.476716 -1.000000
v 0.000000 -0.486055 -1.000000
v 0.000000 -0.650000 -1.000000
v 0.000000 -0.750000 -1.000000
v 0.126809 -0.637510 -1.000000
v 0.146318 -0.735589 -1.000000
v 0.094825 -0.476716 -1.000000
v 0.138131 -0.634076 -1.000000
v 0.150000 -0.734472 -1.000000
v 0.150000 -0.630475 -1.000000
v 0.250000 -0.704137 -1.000000
v 0.248744 -0.600522 -1.000000
v 0.186005 -0.449057 -1.000000
v 0.270038 -0.404140 -1.000000
v 0.343693 -0.343693 -1.000000
v 0.371789 -0.531700 -1.000000
v 0.449057 -0.186005 -1.000000
v 0.361121 -0.540455 -1.000000
v 0.416678 -0.623602 -1.000000
v 0.459619 -0.459619 -1.000000
v 0.404140 -0.270038 -1.000000
v 0.404140 0.270038 -1.000000
v 0.476716 0.094825 -1.000000
v 0.486055 0.000000 -1.000000
v 0.540455 0.361121 -1.000000
v 0.530330 -0.530330 -1.000000
v 0.540455 -0.361121 -1.000000
v 0.476716 -0.094825 -1.000000
v 0.449057 0.186005 -1.000000
v 0.704137 -0.250000 -1.000000
v 0.692910 0.287013 -1.000000
v 0.600522 0.248744 -1.000000
v 0.734472 -0.150000 -1.000000
v 0.735589 -0.146318 -1.000000
v 0.750000 0.000000 -1.000000
v 0.735589 0.146318 -1.000000
v 0.734472 0.150000 -1.000000
v 0.704137 0.250000 -1.000000
v 0.623602 -0.416678 -1.000000
v 0.692910 -0.287013 -1.000000
v 0.637510 -0.126809 -1.000000
v 0.650000 0.000000 -1.000000
v 0.637510 0.126809 -1.000000
v 0.623602 0.416678 -1.000000
v 0.600522 -0.248744 -1.000000
v 0.287013 -0.692910 -1.000000
v -0.850000 1.000000 0.850000
v -1.000000 1.000000 0.550000
v -0.550000 1.000000 0.850000
v -0.550000 1.000000 1.000000
v -0.850000 1.000000 0.550000
v -1.000000 1.000000 -0.550000
v -0.850000 1.000000 -0.550000
v -0.550000 1.000000 -1.000000
v -0.550000 1.000000 -0.850000
v -0.850000 1.000000 -0.850000
v 0.550000 1.000000 -1.000000
v 0.550000 1.000000 -0.850000
v 1.000000 1.000000 -0.550000
v 0.850000 1.000000 -0.850000
v 0.850000 1.000000 -0.550000
v 0.550000 1.000000 1.000000
v 0.550000 1.000000 0.850000
v 0.850000 1.000000 0.550000
v 1.000000 1.000000 0.550000
v 0.850000 1.000000 0.850000
v -0.850000 0.550000 1.000000
v -1.000000 0.550000 1.000000
v -0.550000 0.850000 1.000000
v -0.850000 0.850000 1.000000
v 0.550000 0.850000 1.000000
v 1.000000 0.550000 1.000000
v 0.850000 0.850000 1.000000
v 0.850000 0.550000 1.000000
v 0.550000 -0.850000 1.000000
v 0.550000 -1.000000 1.000000
v 0.850000 -0.550000 1.000000
v 1.000000 -0.550000 1.000000
v 0.850000 -0.850000 1.000000
v -1.000000 -0.550000 1.000000
v -0.850000 -0.850000 1.000000
v -0.550000 -0.850000 1.000000
v -0.550000 -1.000000 1.000000
v -0.850000 -0.550000 1.000000
v -1.000000 0.550000 0.850000
v -1.000000 0.850000 0.850000
v -1.000000 0.850000 0.550000
v -1.000000 0.850000 -0.550000
v -1.000000 0.550000 -0.850000
v -1.000000 0.550000 -1.000000
v -1.000000 0.850000 -0.850000
v -1.000000 -1.000000 0.550000
v -1.000000 -0.850000 0.550000
v -1.000000 -0.550000 0.850000
v -1.000000 -0.850000 0.850000
v -1.000000 -0.550000 -0.850000
v -1.000000 -0.550000 -1.000000
v -1.000000 -0.850000 -0.550000
v -1.000000 -1.000000 -0.550000
v -1.000000 -0.850000 -0.850000
v 0.550000 -1.000000 0.850000
v 0.850000 -1.000000 0.550000
v 1.000000 -1.000000 0.550000
v 0.850000 -1.000000 0.850000
v -0.550000 -1.000000 0.850000
v -0.850000 -1.000000 0.550000
v -0.850000 -1.000000 0.850000
v -0.850000 -1.000000 -0.550000
v -0.550000 -1.000000 -1.000000
v -0.550000 -1.000000 -0.850000
v -0.850000 -1.000000 -0.850000
v 0.550000 -1.000000 -0.850000
v 0.550000 -1.000000 -1.000000
v 0.850000 -1.000000 -0.550000
v 1.000000 -1.000000 -0.550000
v 0.850000 -1.000000 -0.850000
v 1.000000 0.850000 -0.550000
v 1.000000 0.550000 -0.850000
v 1.000000 0.550000 -1.000000
v 1.000000 0.850000 -0.850000
v 1.000000 0.550000 0.850000
v 1.000000 0.850000 0.550000
v 1.000000 0.850000 0.850000
v 1.000000 -0.850000 0.850000
v 1.000000 -0.850000 0.550000
v 1.000000 -0.550000 0.850000
v 1.000000 -0.850000 -0.550000
v 1.000000 -0.550000 -1.000000
v 1.000000 -0.850000 -0.850000
v 1.000000 -0.550000 -0.850000
v -0.850000 0.550000 -1.000000
v -0.550000 0.850000 -1.000000
v -0.850000 0.850000 -1.000000
v 0.550000 0.850000 -1.000000
v 0.850000 0.850000 -1.000000
v 0.850000 0.550000 -1.000000
v -0.550000 -0.850000 -1.000000
v -0.850000 -0.550000 -1.000000
v -0.850000 -0.850000 -1.000000
v 0.550000 -0.850000 -1.000000
v 0.850000 -0.550000 -1.000000
v 0.850000 -0.850000 -1.000000
vn -0.0000 1.0000 -0.0000
vn -0.0000 -0.0000 1.0000
vn -1.0000 -0.0000 -0.0000
vn -0.0000 -1.0000 -0.0000
vn 1.0000 -0.0000 -0.0000
vn -0.0000 -0.0000 -1.0000
vn 0.0980 -0.0000 -0.9952
vn 0.2903 -0.0000 -0.9569
vn 0.4714 -0.0000 -0.8819
vn 0.6344 -0.0000 -0.7730
vn 0.7730 -0.0000 -0.6344
vn 0.8819 -0.0000 -0.4714
vn 0.9569 -0.0000 -0.2903
vn 0.9952 -0.0000 -0.0980
vn 0.9952 -0.0000 0.0980
vn 0.9569 -0.0000 0.2903
vn 0.8819 -0.0000 0.4714
vn 0.7730 -0.0000 0.6344
vn 0.6344 -0.0000 0.7730
vn 0.4714 -0.0000 0.8819
vn 0.2903 -0.0000 0.9569
vn 0.0980 -0.0000 0.9952
vn -0.0980 -0.0000 0.9952
vn -0.2903 -0.0000 0.9569
vn -0.4714 -0.0000 0.8819
vn -0.6344 -0.0000 0.7730
vn -0.7730 -0.0000 0.6344
vn -0.8819 -0.0000 0.4714
vn -0.9569 -0.0000 0.2903
vn -0.9952 -0.0000 0.0980
vn -0.9952 -0.0000 -0.0980
vn -0.9569 -0.0000 -0.2903
vn -0.8819 -0.0000 -0.4714
vn -0.7730 -0.0000 -0.6344
vn -0.6344 -0.0000 -0.7730
vn -0.4714 -0.0000 -0.8819
vn -0.2903 -0.0000 -0.9569
vn -0.0980 -0.0000 -0.9952
vn -0.0000 -0.0980 -0.9952
vn -0.0000 -0.2903 -0.9569
vn -0.0000 -0.4714 -0.8819
vn -0.0000 -0.6344 -0.7730
vn -0.0000 -0.7730 -0.6344
vn -0.0000 -0.8819 -0.4714
vn -0.0000 -0.9569 -0.2903
vn -0.0000 -0.9952 -0.0980
vn -0.0000 -0.9952 0.0980
vn -0.0000 -0.9569 0.2903
vn -0.0000 -0.8819 0.4714
vn -0.0000 -0.7730 0.6344
vn -0.0000 -0.6344 0.7730
vn -0.0000 -0.4714 0.8819
vn -0.0000 -0.2903 0.9569
vn -0.0000 -0.0980 0.9952
vn -0.0000 0.0980 0.9952
vn -0.0000 0.2903 0.9569
vn -0.0000 0.4714 0.8819
vn -0.0000 0.6344 0.7730
vn -0.0000 0.7730 0.6344
vn -0.0000 0.8819 0.4714
vn -0.0000 0.9569 0.2903
vn -0.0000 0.9952 0.0980
vn -0.0000 0.9952 -0.0980
vn -0.0000 0.9569 -0.2903
vn -0.0000 0.8819 -0.4714
vn -0.0000 0.7730 -0.6344
vn -0.0000 0.6344 -0.7730
vn -0.0000 0.4714 -0.8819
vn -0.0000 0.2903 -0.9569
vn -0.0000 0.0980 -0.9952
vn 0.0001 1.0000 -0.0000
vn -0.0001 -1.0000 -0.0000
vn 0.0980 0.9952 -0.0000
vn 0.2903 0.9569 -0.0000
vn 0.4714 0.8819 -0.0000
vn 0.6344 0.7730 -0.0000
vn 0.7730 0.6344 -0.0000
vn 0.8819 0.4714 -0.0000
vn 0.9569 0.2903 -0.0000
vn 0.9952 0.0980 -0.0000
vn 0.9952 -0.0980 -0.0000
vn 0.9569 -0.2903 -0.0000
vn 0.8819 -0.4714 -0.0000
vn 0.7730 -0.6344 -0.0000
vn 0.6344 -0.7730 -0.0000
vn 0.4714 -0.8819 -0.0000
vn 0.2903 -0.9569 -0.0000
vn 0.0980 -0.9952 -0.0000
vn -0.0980 -0.9952 -0.0000
vn -0.2903 -0.9569 -0.0000
vn -0.4714 -0.8819 -0.0000
vn -0.6344 -0.7730 -0.0000
vn -0.7730 -0.6344 -0.0000
vn -0.8819 -0.4714 -0.0000
vn -0.9569 -0.2903 -0.0000
vn -0.9952 -0.0980 -0.0000
vn -0.9952 0.0980 -0.0000
vn -0.9569 0.2903 -0.0000
vn -0.8819 0.4714 -0.0000
vn -0.7730 0.6344 -0.0000
vn -0.6344 0.7730 -0.0000
vn -0.4714 0.8819 -0.0000
vn -0.0000 -0.0001 1.0000
vn -0.0000 0.0001 1.0000
vn -0.2903 0.9569 -0.0000
vn -0.0980 0.9952 -0.0000
vn -0.0000 -0.0001 -1.0000
vn -0.0000 0.0001 -1.0000
vn 0.8820 -0.0000 0.4712
vn 0.4713 0.8820 -0.0000
vn 0.2902 -0.9570 -0.0000
vn 1.0000 -0.0000 0.0001
vn -1.0000 -0.0000 -0.0001
vn -1.0000 -0.0000 0.0001
vn -0.0001 1.0000 -0.0000
vn 0.0001 -1.0000 -0.0000
vn -0.0000 0.0003 -1.0000
vn -0.8820 -0.0000 -0.4712
vn -0.2902 -0.9570 -0.0000
vn -0.2902 0.9570 -0.0000
vn 0.2902 0.9570 -0.0000
vt 0.843750 0.625000
vt 0.841949 0.606710
vt 0.875000 0.606250
vt 0.816291 0.691291
vt 0.827950 0.677085
vt 0.856250 0.693750
vt 0.816291 0.558709
vt 0.802085 0.547050
vt 0.818750 0.518750
vt 0.734149 0.545311
vt 0.750000 0.564243
vt 0.738147 0.565410
vt 0.750000 0.706250
vt 0.750000 0.685757
vt 0.761853 0.684590
vt 0.768750 0.500000
vt 0.768290 0.533051
vt 0.750000 0.531250
vt 0.683709 0.558709
vt 0.672050 0.572915
vt 0.643750 0.556250
vt 0.750000 0.718750
vt 0.768290 0.716949
vt 0.768750 0.750000
vt 0.681250 0.731250
vt 0.697915 0.702950
vt 0.714123 0.711614
vt 0.656250 0.625000
vt 0.658051 0.643290
vt 0.625000 0.643750
vt 0.566291 0.941291
vt 0.577950 0.927085
vt 0.606250 0.943750
vt 0.593750 0.875000
vt 0.591949 0.856710
vt 0.625000 0.856250
vt 0.566291 0.808709
vt 0.552085 0.797050
vt 0.568750 0.768750
vt 0.433538 0.828526
vt 0.457038 0.832038
vt 0.449482 0.841245
vt 0.500000 0.935757
vt 0.511853 0.934590
vt 0.500000 0.956250
vt 0.500000 0.781250
vt 0.481710 0.783051
vt 0.481250 0.750000
vt 0.433709 0.808709
vt 0.422050 0.822915
vt 0.393750 0.806250
vt 0.500000 0.968750
vt 0.518290 0.966949
vt 0.518750 1.000000
vt 0.433709 0.941291
vt 0.447915 0.952950
vt 0.431250 0.981250
vt 0.406250 0.875000
vt 0.408051 0.893290
vt 0.375000 0.893750
vt 0.593750 0.125000
vt 0.591949 0.106710
vt 0.625000 0.106250
vt 0.566291 0.058709
vt 0.552085 0.047050
vt 0.568750 0.018750
vt 0.606250 0.193750
vt 0.577950 0.177085
vt 0.586614 0.160877
vt 0.500000 0.031250
vt 0.481710 0.033051
vt 0.481250 0.000000
vt 0.393750 0.056250
vt 0.422050 0.072915
vt 0.413386 0.089123
vt 0.550517 0.091245
vt 0.542962 0.082038
vt 0.558726 0.069099
vt 0.449482 0.158755
vt 0.457038 0.167962
vt 0.441274 0.180901
vt 0.406250 0.125000
vt 0.408051 0.143290
vt 0.375000 0.143750
vt 0.447915 0.202950
vt 0.464123 0.211614
vt 0.431250 0.231250
vt 0.500000 0.218750
vt 0.518290 0.216949
vt 0.518750 0.250000
vt 0.356250 0.693750
vt 0.327950 0.677085
vt 0.336614 0.660877
vt 0.197915 0.702950
vt 0.214123 0.711614
vt 0.181250 0.731250
vt 0.250000 0.718750
vt 0.268290 0.716949
vt 0.268750 0.750000
vt 0.156250 0.625000
vt 0.158051 0.643290
vt 0.125000 0.643750
vt 0.183709 0.558709
vt 0.172050 0.572915
vt 0.143750 0.556250
vt 0.192548 0.682452
vt 0.199482 0.658755
vt 0.207038 0.667962
vt 0.292962 0.582038
vt 0.317557 0.579860
vt 0.300518 0.591245
vt 0.250000 0.531250
vt 0.231710 0.533051
vt 0.231250 0.500000
vt 0.318750 0.518750
vt 0.302085 0.547050
vt 0.285877 0.538386
vt 0.343750 0.625000
vt 0.341949 0.606710
vt 0.375000 0.606250
vt 0.566291 0.558709
vt 0.552085 0.547050
vt 0.568750 0.518750
vt 0.566291 0.691291
vt 0.577950 0.677085
vt 0.606250 0.693750
vt 0.593750 0.625000
vt 0.591949 0.606710
vt 0.625000 0.606250
vt 0.500000 0.718750
vt 0.518290 0.716949
vt 0.518750 0.750000
vt 0.431250 0.731250
vt 0.447915 0.702950
vt 0.464123 0.711614
vt 0.433709 0.558709
vt 0.422050 0.572915
vt 0.393750 0.556250
vt 0.406250 0.625000
vt 0.408051 0.643290
vt 0.375000 0.643750
vt 0.559589 0.613147
vt 0.579689 0.609149
vt 0.560757 0.625000
vt 0.443868 0.648251
vt 0.449482 0.658755
vt 0.424935 0.656093
vt 0.500000 0.531250
vt 0.481710 0.533051
vt 0.481250 0.500000
vt 0.568750 0.268750
vt 0.552085 0.297050
vt 0.535877 0.288386
vt 0.593750 0.375000
vt 0.591949 0.356710
vt 0.625000 0.356250
vt 0.566291 0.441291
vt 0.577950 0.427085
vt 0.606250 0.443750
vt 0.422050 0.322915
vt 0.413386 0.339123
vt 0.393750 0.306250
vt 0.500000 0.281250
vt 0.481710 0.283051
vt 0.481250 0.250000
vt 0.406250 0.375000
vt 0.408051 0.393290
vt 0.375000 0.393750
vt 0.431250 0.481250
vt 0.447915 0.452950
vt 0.464123 0.461614
vt 0.500000 0.468750
vt 0.518290 0.466949
vt 0.518750 0.500000
vt 0.440411 0.386853
vt 0.443868 0.398251
vt 0.421191 0.393750
vt 0.559589 0.363147
vt 0.556132 0.351749
vt 0.578809 0.356250
vt 1.000000 1.000000
vt 0.968750 0.988095
vt 1.000000 0.988095
vt 1.000000 0.500000
vt 0.968750 0.511905
vt 0.968750 0.500000
vt 0.968750 1.000000
vt 0.937500 0.988095
vt 0.937500 0.511905
vt 0.937500 0.500000
vt 0.937500 1.000000
vt 0.906250 0.988095
vt 0.906250 0.511905
vt 0.906250 0.500000
vt 0.906250 1.000000
vt 0.875000 0.988095
vt 0.875000 0.511905
vt 0.875000 0.500000
vt 0.875000 1.000000
vt 0.843750 0.988095
vt 0.843750 0.500000
vt 0.843750 0.511905
vt 0.843750 1.000000
vt 0.812500 0.988095
vt 0.812500 0.500000
vt 0.812500 0.511905
vt 0.812500 1.000000
vt 0.781250 0.988095
vt 0.781250 0.500000
vt 0.781250 0.511905
vt 0.781250 1.000000
vt 0.750000 0.988095
vt 0.750000 0.500000
vt 0.750000 0.511905
vt 0.750000 1.000000
vt 0.718750 0.988095
vt 0.718750 0.500000
vt 0.718750 0.511905
vt 0.718750 1.000000
vt 0.687500 0.988095
vt 0.687500 0.500000
vt 0.687500 0.511905
vt 0.687500 1.000000
vt 0.656250 0.988095
vt 0.656250 0.500000
vt 0.656250 0.511905
vt 0.656250 1.000000
vt 0.625000 0.988095
vt 0.625000 0.500000
vt 0.625000 0.511905
vt 0.625000 1.000000
vt 0.593750 0.988095
vt 0.593750 0.500000
vt 0.593750 0.511905
vt 0.593750 1.000000
vt 0.562500 0.988095
vt 0.562500 0.500000
vt 0.562500 0.511905
vt 0.562500 1.000000
vt 0.531250 0.988095
vt 0.531250 0.500000
vt 0.531250 0.511905
vt 0.531250 1.000000
vt 0.500000 0.988095
vt 0.500000 0.500000
vt 0.500000 0.511905
vt 0.500000 1.000000
vt 0.468750 0.988095
vt 0.468750 0.500000
vt 0.468750 0.511905
vt 0.468750 1.000000
vt 0.437500 0.988095
vt 0.437500 0.500000
vt 0.437500 0.511905
vt 0.437500 1.000000
vt 0.406250 0.988095
vt 0.406250 0.500000
vt 0.406250 0.511905
vt 0.406250 1.000000
vt 0.375000 0.988095
vt 0.375000 0.500000
vt 0.375000 0.511905
vt 0.375000 1.000000
vt 0.343750 0.988095
vt 0.343750 0.511905
vt 0.343750 0.500000
vt 0.343750 1.000000
vt 0.312500 0.988095
vt 0.312500 0.511905
vt 0.312500 0.500000
vt 0.312500 1.000000
vt 0.281250 0.988095
vt 0.281250 0.511905
vt 0.281250 0.500000
vt 0.281250 1.000000
vt 0.250000 0.988095
vt 0.250000 0.511905
vt 0.250000 0.500000
vt 0.250000 1.000000
vt 0.218750 0.988095
vt 0.218750 0.511905
vt 0.218750 0.500000
vt 0.218750 1.000000
vt 0.187500 0.988095
vt 0.187500 0.511905
vt 0.187500 0.500000
vt 0.187500 1.000000
vt 0.156250 0.988095
vt 0.156250 0.511905
vt 0.156250 0.500000
vt 0.156250 1.000000
vt 0.125000 0.988095
vt 0.125000 0.511905
vt 0.125000 0.500000
vt 0.125000 1.000000
vt 0.093750 0.988095
vt 0.093750 0.511905
vt 0.093750 0.500000
vt 0.093750 1.000000
vt 0.062500 0.988095
vt 0.062500 0.511905
vt 0.062500 0.500000
vt 0.296822 0.014612
vt 0.485388 0.296822
vt 0.203178 0.485388
vt 0.062500 1.000000
vt 0.031250 0.988095
vt 0.031250 0.511905
vt 0.031250 0.500000
vt 0.031250 1.000000
vt 0.000000 0.988095
vt 0.000000 0.511905
vt 0.000000 0.500000
vt 0.841844 0.028269
vt 0.580294 0.080294
vt 0.580294 0.419706
vt 1.000000 0.988095
vt 0.968750 0.511905
vt 0.945721 1.000000
vt 0.937500 0.988095
vt 0.945721 0.988095
vt 0.967932 0.988095
vt 0.967932 0.511905
vt 0.967932 0.500000
vt 0.945721 0.500000
vt 0.937500 0.511905
vt 0.906250 0.511905
vt 0.875000 0.988095
vt 0.875000 0.511905
vt 0.875000 1.000000
vt 0.843750 0.511905
vt 0.812500 0.511905
vt 0.782068 0.988095
vt 0.782068 1.000000
vt 0.804279 1.000000
vt 0.812500 0.988095
vt 0.804279 0.500000
vt 0.804279 0.511905
vt 0.782068 0.511905
vt 0.750000 0.511905
vt 0.750000 0.988095
vt 0.695721 0.988095
vt 0.695721 1.000000
vt 0.717932 1.000000
vt 0.717932 0.500000
vt 0.717932 0.511905
vt 0.695721 0.511905
vt 0.687500 0.511905
vt 0.687500 0.988095
vt 0.656250 0.511905
vt 0.593750 0.511905
vt 0.562500 0.511905
vt 0.532068 0.988095
vt 0.532068 1.000000
vt 0.554279 0.988095
vt 0.562500 0.988095
vt 0.554279 0.500000
vt 0.554279 0.511905
vt 0.532068 0.500000
vt 0.500000 0.511905
vt 0.500000 0.988095
vt 0.468750 0.511905
vt 0.445721 0.988095
vt 0.445721 1.000000
vt 0.467932 0.988095
vt 0.467932 0.500000
vt 0.467932 0.511905
vt 0.445721 0.500000
vt 0.437500 0.511905
vt 0.437500 0.988095
vt 0.406250 0.511905
vt 0.343750 0.511905
vt 0.312500 0.511905
vt 0.282068 1.000000
vt 0.282068 0.988095
vt 0.304279 0.988095
vt 0.312500 0.988095
vt 0.304279 0.511905
vt 0.304279 0.500000
vt 0.282068 0.500000
vt 0.250000 0.988095
vt 0.250000 0.511905
vt 0.195721 1.000000
vt 0.187500 0.988095
vt 0.195721 0.988095
vt 0.217932 1.000000
vt 0.217932 0.511905
vt 0.217932 0.500000
vt 0.195721 0.500000
vt 0.187500 0.511905
vt 0.156250 0.511905
vt 0.125000 0.988095
vt 0.125000 0.511905
vt 0.093750 0.511905
vt 0.093750 1.000000
vt 0.062500 0.511905
vt 0.209421 0.045997
vt 0.202000 0.048248
vt 0.202000 0.043430
vt 0.419706 0.080294
vt 0.422946 0.134441
vt 0.397078 0.102922
vt 0.050447 0.116663
vt 0.102922 0.102922
vt 0.077054 0.134441
vt 0.056863 0.170000
vt 0.058048 0.170000
vt 0.057833 0.170402
vt 0.197121 0.016449
vt 0.202000 0.019548
vt 0.196926 0.020557
vt 0.324805 0.023100
vt 0.330000 0.032365
vt 0.324269 0.034346
vt 0.441952 0.170000
vt 0.443137 0.170000
vt 0.442167 0.170402
vt 0.298000 0.014969
vt 0.170000 0.024676
vt 0.196559 0.028269
vt 0.202000 0.028269
vt 0.195936 0.041334
vt 0.475324 0.170000
vt 0.471731 0.158156
vt 0.454603 0.215508
vt 0.454003 0.209421
vt 0.471731 0.202000
vt 0.419706 0.419706
vt 0.365559 0.422946
vt 0.397078 0.397078
vt 0.298000 0.456569
vt 0.298000 0.471731
vt 0.290579 0.454003
vt 0.080294 0.419706
vt 0.077054 0.365559
vt 0.102922 0.397078
vt 0.043430 0.298000
vt 0.028269 0.298000
vt 0.045997 0.290579
vt 0.028269 0.158156
vt 0.032365 0.170000
vt 0.024676 0.170000
vt 0.471731 0.196559
vt 0.458667 0.195937
vt 0.483551 0.197121
vt 0.480452 0.202000
vt 0.479443 0.196926
vt 0.476900 0.324805
vt 0.467635 0.330000
vt 0.465654 0.324269
vt 0.302879 0.483551
vt 0.298000 0.480452
vt 0.303074 0.479443
vt 0.175195 0.476900
vt 0.170000 0.467635
vt 0.175731 0.465654
vt 0.016449 0.302879
vt 0.019548 0.298000
vt 0.020557 0.303074
vt 0.023100 0.175195
vt 0.034346 0.175731
vt 0.048248 0.202000
vt 0.028269 0.303441
vt 0.041334 0.304064
vt 0.024676 0.330000
vt 0.303441 0.471731
vt 0.304063 0.458666
vt 0.330000 0.475324
vt 0.485031 0.298000
vt 0.202000 0.485031
vt 0.032068 1.000000
vt 0.032068 0.988095
vt 0.054279 0.988095
vt 0.062500 0.988095
vt 0.054279 0.511905
vt 0.054279 0.500000
vt 0.032068 0.500000
vt 0.031250 0.511905
vt 0.000000 0.988095
vt 0.000000 0.511905
vt 0.558048 0.330000
vt 0.539838 0.330000
vt 0.528269 0.341844
vt 0.750000 0.458000
vt 0.709421 0.454003
vt 0.703178 0.485388
vt 0.865558 0.422945
vt 0.830000 0.452112
vt 0.883337 0.449553
vt 0.985388 0.203178
vt 0.954003 0.209421
vt 0.957400 0.243913
vt 0.919706 0.080294
vt 0.865559 0.077054
vt 0.897078 0.102922
vt 0.790579 0.045997
vt 0.798000 0.048248
vt 0.798000 0.016165
vt 0.545997 0.290579
vt 0.542000 0.250000
vt 0.510000 0.250000
vt 0.526143 0.324660
vt 0.524676 0.330000
vt 0.528354 0.330000
vt 0.702000 0.483835
vt 0.697122 0.483551
vt 0.702000 0.485031
vt 0.824660 0.473857
vt 0.830000 0.475324
vt 0.830000 0.471646
vt 0.983835 0.298000
vt 0.983551 0.302879
vt 0.985031 0.298000
vt 0.961343 0.175936
vt 0.975324 0.170000
vt 0.960162 0.170000
vt 0.802878 0.016449
vt 0.798000 0.014969
vt 0.830000 0.024676
vt 0.803191 0.023011
vt 0.538657 0.324064
vt 0.557833 0.329598
vt 0.555905 0.323243
vt 0.555664 0.323254
vt 0.552852 0.313176
vt 0.944336 0.176746
vt 0.947148 0.186824
vt 0.942167 0.170402
vt 0.944095 0.176757
vt 0.670000 0.475324
vt 0.696809 0.476989
vt 0.975324 0.330000
vt 0.976990 0.303191
vt 0.830000 0.460162
vt 0.823639 0.452417
vt 0.824064 0.461343
vt 0.798000 0.485031
vt 0.580294 0.080294
vt 0.577054 0.134441
vt 0.602922 0.102922
vt 0.545997 0.209421
vt 0.548248 0.202000
vt 0.543430 0.202000
vt 0.703178 0.014612
vt 0.709421 0.045997
vt 0.743913 0.042600
vt 0.675279 0.024863
vt 0.670000 0.024676
vt 0.670000 0.025913
vt 0.549197 0.198872
vt 0.541334 0.195937
vt 0.557833 0.170402
vt 0.524676 0.170000
vt 0.670000 0.032365
vt 0.675552 0.030598
vt 0.670000 0.030040
vt 0.675731 0.034346
vt 0.702000 0.014969
vt 0.968750 0.911673
vt 1.000000 0.903974
vt 0.968750 0.903974
vt 0.968750 0.588327
vt 1.000000 0.596026
vt 1.000000 0.588327
vt 0.962806 0.911673
vt 0.962806 0.903974
vt 0.962807 0.588327
vt 0.966611 0.596026
vt 0.875000 0.911673
vt 0.878939 0.903974
vt 0.875000 0.903974
vt 0.906250 0.911673
vt 0.906250 0.588327
vt 0.902865 0.596026
vt 0.906250 0.596026
vt 0.875000 0.588327
vt 0.871061 0.596026
vt 0.875000 0.596026
vt 0.843750 0.588327
vt 0.871061 0.903974
vt 0.843750 0.911673
vt 0.843750 0.903974
vt 0.781250 0.588327
vt 0.787194 0.596026
vt 0.787194 0.588327
vt 0.787194 0.911673
vt 0.784043 0.903974
vt 0.781250 0.911673
vt 0.750000 0.588327
vt 0.781250 0.596026
vt 0.754687 0.911673
vt 0.755000 0.903974
vt 0.750000 0.911673
vt 0.750000 0.903974
vt 0.755208 0.903974
vt 0.745313 0.588327
vt 0.745000 0.596026
vt 0.744792 0.596026
vt 0.718750 0.588327
vt 0.718750 0.596026
vt 0.750000 0.596026
vt 0.723958 0.903974
vt 0.718750 0.903974
vt 0.718750 0.911673
vt 0.723437 0.911673
vt 0.712806 0.588327
vt 0.716611 0.596026
vt 0.712806 0.911673
vt 0.715957 0.903974
vt 0.712806 0.903974
vt 0.656250 0.588327
vt 0.652865 0.596026
vt 0.656250 0.596026
vt 0.625000 0.588327
vt 0.652865 0.903974
vt 0.656250 0.911673
vt 0.656250 0.903974
vt 0.625000 0.911673
vt 0.625000 0.903974
vt 0.621061 0.596026
vt 0.625000 0.596026
vt 0.593750 0.588327
vt 0.621061 0.903974
vt 0.593750 0.911673
vt 0.593750 0.903974
vt 0.537194 0.588327
vt 0.531250 0.596026
vt 0.537194 0.596026
vt 0.534043 0.903974
vt 0.537194 0.911673
vt 0.537194 0.903974
vt 0.500000 0.588327
vt 0.531250 0.588327
vt 0.505000 0.903974
vt 0.504687 0.911673
vt 0.505208 0.903974
vt 0.531250 0.911673
vt 0.500000 0.903974
vt 0.500000 0.911673
vt 0.495000 0.596026
vt 0.500000 0.596026
vt 0.494792 0.596026
vt 0.468750 0.588327
vt 0.468750 0.596026
vt 0.495313 0.588327
vt 0.473958 0.903974
vt 0.473437 0.911673
vt 0.468750 0.903974
vt 0.468750 0.911673
vt 0.473958 0.903974
vt 0.462806 0.588327
vt 0.466611 0.596026
vt 0.462806 0.911673
vt 0.465957 0.903974
vt 0.462806 0.903974
vt 0.406250 0.588327
vt 0.402865 0.596026
vt 0.406250 0.596026
vt 0.375000 0.588327
vt 0.402865 0.903974
vt 0.406250 0.911673
vt 0.406250 0.903974
vt 0.375000 0.911673
vt 0.375000 0.903974
vt 0.343750 0.903974
vt 0.343750 0.911673
vt 0.347135 0.903974
vt 0.371061 0.596026
vt 0.375000 0.596026
vt 0.343750 0.588327
vt 0.284043 0.903974
vt 0.287194 0.911673
vt 0.287194 0.903974
vt 0.281250 0.588327
vt 0.287194 0.596026
vt 0.287194 0.588327
vt 0.250000 0.911673
vt 0.281250 0.903974
vt 0.250000 0.903974
vt 0.250000 0.588327
vt 0.281250 0.596026
vt 0.218750 0.911673
vt 0.218750 0.903974
vt 0.218750 0.588327
vt 0.250000 0.596026
vt 0.212806 0.911673
vt 0.212806 0.903974
vt 0.212806 0.588327
vt 0.216611 0.596026
vt 0.125000 0.903974
vt 0.125000 0.911673
vt 0.128939 0.903974
vt 0.156250 0.911673
vt 0.156250 0.903974
vt 0.156250 0.588327
vt 0.152865 0.596026
vt 0.156250 0.596026
vt 0.125000 0.588327
vt 0.093750 0.903974
vt 0.093750 0.911673
vt 0.097135 0.903974
vt 0.121061 0.596026
vt 0.125000 0.596026
vt 0.093750 0.588327
vt 0.037194 0.911673
vt 0.034043 0.903974
vt 0.031250 0.911673
vt 0.037194 0.588327
vt 0.031250 0.596026
vt 0.037194 0.596026
vt 0.000000 0.911673
vt 0.031250 0.903974
vt 0.000000 0.903974
vt 0.000000 0.588327
vt 0.031250 0.588327
vt 0.967932 0.988095
vt 0.937500 0.511905
vt 0.843750 0.511905
vt 0.782068 1.000000
vt 0.782068 0.988095
vt 0.812500 1.000000
vt 0.804279 0.988095
vt 0.804279 0.500000
vt 0.804279 0.511905
vt 0.781250 0.500000
vt 0.717932 0.988095
vt 0.717932 0.500000
vt 0.717932 0.511905
vt 0.695721 0.511905
vt 0.687500 0.511905
vt 0.532068 1.000000
vt 0.532068 0.988095
vt 0.532068 0.511905
vt 0.445721 0.988095
vt 0.467932 0.988095
vt 0.467932 0.500000
vt 0.445721 0.511905
vt 0.437500 1.000000
vt 0.406250 0.511905
vt 0.375000 1.000000
vt 0.343750 1.000000
vt 0.282068 1.000000
vt 0.282068 0.988095
vt 0.282068 0.500000
vt 0.218750 0.988095
vt 0.217932 0.988095
vt 0.217932 0.511905
vt 0.217932 0.500000
vt 0.187500 1.000000
vt 0.125000 0.511905
vt 0.093750 0.511905
vt 0.062500 0.511905
vt 0.102922 0.102922
vt 0.250000 0.042000
vt 0.209421 0.045997
vt 0.202000 0.033473
vt 0.330000 0.058048
vt 0.330000 0.044752
vt 0.383337 0.050447
vt 0.202000 0.015100
vt 0.197121 0.016449
vt 0.202000 0.014969
vt 0.330000 0.036781
vt 0.324805 0.023100
vt 0.330000 0.024676
vt 0.442167 0.170402
vt 0.441952 0.170000
vt 0.443137 0.170000
vt 0.196256 0.034615
vt 0.170402 0.057833
vt 0.170000 0.024676
vt 0.058048 0.170000
vt 0.057833 0.170402
vt 0.056863 0.170000
vt 0.324032 0.039330
vt 0.323532 0.049833
vt 0.312302 0.052586
vt 0.329598 0.057833
vt 0.198727 0.049241
vt 0.195514 0.050216
vt 0.471731 0.158156
vt 0.456570 0.202000
vt 0.471731 0.202000
vt 0.397078 0.397078
vt 0.298000 0.456570
vt 0.298000 0.471731
vt 0.290579 0.454003
vt 0.080294 0.419706
vt 0.102922 0.397078
vt 0.043430 0.298000
vt 0.028269 0.298000
vt 0.028269 0.158156
vt 0.032365 0.170000
vt 0.024676 0.170000
vt 0.471731 0.196559
vt 0.458666 0.195937
vt 0.480452 0.202000
vt 0.483551 0.197121
vt 0.485031 0.202000
vt 0.467635 0.330000
vt 0.475324 0.330000
vt 0.298000 0.480452
vt 0.302878 0.483551
vt 0.298000 0.485031
vt 0.170000 0.467635
vt 0.175195 0.476900
vt 0.170000 0.475324
vt 0.019548 0.298000
vt 0.016449 0.302879
vt 0.014969 0.298000
vt 0.023100 0.175195
vt 0.034346 0.175731
vt 0.048248 0.202000
vt 0.028269 0.303441
vt 0.041334 0.304063
vt 0.024676 0.330000
vt 0.303441 0.471731
vt 0.304063 0.458666
vt 0.441952 0.330000
vt 0.442167 0.329598
vt 0.202000 0.451752
vt 0.202000 0.485031
vt 0.175731 0.465654
vt 0.062500 1.000000
vt 0.054279 0.988095
vt 0.054279 0.511905
vt 0.054279 0.500000
vt 0.000000 0.988095
vt 0.634441 0.422946
vt 0.602922 0.397078
vt 0.796822 0.485388
vt 0.790579 0.454003
vt 0.750000 0.458000
vt 0.830000 0.452112
vt 0.883337 0.449553
vt 0.958000 0.250000
vt 0.954003 0.290579
vt 0.985388 0.296822
vt 0.919706 0.080294
vt 0.865558 0.077054
vt 0.897078 0.102922
vt 0.790579 0.045997
vt 0.798000 0.016165
vt 0.798000 0.014969
vt 0.514612 0.296822
vt 0.545997 0.290579
vt 0.538657 0.324064
vt 0.523100 0.324805
vt 0.697122 0.483551
vt 0.702000 0.483835
vt 0.696809 0.476989
vt 0.830000 0.475324
vt 0.824660 0.473858
vt 0.824805 0.476900
vt 0.983551 0.302879
vt 0.983835 0.298000
vt 0.976989 0.303191
vt 0.975324 0.170000
vt 0.961343 0.175936
vt 0.976900 0.175195
vt 0.802879 0.016449
vt 0.803191 0.023011
vt 0.822701 0.055741
vt 0.830000 0.024676
vt 0.555905 0.323243
vt 0.555664 0.323254
vt 0.557833 0.329598
vt 0.548248 0.298000
vt 0.944336 0.176746
vt 0.951752 0.202000
vt 0.944095 0.176757
vt 0.942167 0.170402
vt 0.677299 0.444259
vt 0.670000 0.475324
vt 0.975324 0.330000
vt 0.951752 0.298000
vt 0.830000 0.460162
vt 0.823639 0.452417
vt 0.824064 0.461343
vt 0.822701 0.444259
vt 0.580294 0.080294
vt 0.543430 0.202000
vt 0.709421 0.045997
vt 0.750000 0.042000
vt 0.750000 0.010000
vt 0.670000 0.024676
vt 0.675279 0.024863
vt 0.675195 0.023100
vt 0.541334 0.195937
vt 0.550215 0.195514
vt 0.524676 0.170000
vt 0.675552 0.030598
vt 0.670000 0.032365
vt 0.675731 0.034346
vt 0.670402 0.057833
vt 0.965848 0.903974
vt 0.965848 0.596026
vt 0.962807 0.588327
vt 0.962807 0.596026
vt 0.878939 0.903974
vt 0.906250 0.596026
vt 0.902865 0.596026
vt 0.621061 0.596026
vt 0.593750 0.588327
vt 0.597135 0.903974
vt 0.625000 0.911673
vt 0.534152 0.596026
vt 0.534152 0.903974
vt 0.531978 0.911673
vt 0.462807 0.588327
vt 0.466228 0.596026
vt 0.468022 0.588327
vt 0.465848 0.903974
vt 0.468022 0.911673
vt 0.402865 0.596026
vt 0.406250 0.596026
vt 0.402865 0.903974
vt 0.406250 0.903974
vt 0.125000 0.911673
vt 0.125000 0.903974
vt 0.121061 0.903974
vt 0.121061 0.596026
vt 0.093750 0.596026
vt 0.033772 0.903974
vt 0.037194 0.911673
vt 0.037194 0.903974
vt 0.037194 0.588327
vt 0.034152 0.596026
vt 1.000000 0.511905
vt 0.945721 0.511905
vt 0.937500 0.511905
vt 0.906250 1.000000
vt 0.804279 0.988095
vt 0.782068 0.500000
vt 0.781250 0.511905
vt 0.750000 0.511905
vt 0.717932 0.511905
vt 0.717932 0.500000
vt 0.695721 0.500000
vt 0.687500 0.511905
vt 0.562500 0.511905
vt 0.554279 1.000000
vt 0.554279 0.500000
vt 0.554279 0.511905
vt 0.532068 0.511905
vt 0.445721 0.988095
vt 0.445721 1.000000
vt 0.467932 1.000000
vt 0.467932 0.511905
vt 0.437500 0.511905
vt 0.282068 1.000000
vt 0.282068 0.988095
vt 0.304279 1.000000
vt 0.281250 0.511905
vt 0.250000 0.511905
vt 0.217932 1.000000
vt 0.187500 0.511905
vt 0.156250 1.000000
vt 0.156250 0.511905
vt 0.093750 0.511905
vt 0.093750 1.000000
vt 0.050447 0.116663
vt 0.102922 0.102922
vt 0.202000 0.033473
vt 0.250000 0.042000
vt 0.330000 0.058048
vt 0.330000 0.044752
vt 0.383337 0.050447
vt 0.197121 0.016449
vt 0.202000 0.015100
vt 0.197089 0.017134
vt 0.324805 0.023100
vt 0.330000 0.036781
vt 0.324032 0.039330
vt 0.170402 0.057833
vt 0.170000 0.024676
vt 0.057833 0.170402
vt 0.056863 0.170000
vt 0.058048 0.170000
vt 0.323532 0.049833
vt 0.312302 0.052586
vt 0.202000 0.048248
vt 0.198727 0.049241
vt 0.475324 0.170000
vt 0.456570 0.202000
vt 0.471731 0.202000
vt 0.454003 0.209421
vt 0.365559 0.422946
vt 0.291488 0.453727
vt 0.080294 0.419706
vt 0.077054 0.365559
vt 0.102922 0.397078
vt 0.043430 0.298000
vt 0.028269 0.298000
vt 0.028269 0.158156
vt 0.032365 0.170000
vt 0.024676 0.170000
vt 0.458666 0.195937
vt 0.480452 0.202000
vt 0.479443 0.196926
vt 0.476900 0.324805
vt 0.465654 0.324269
vt 0.303074 0.479443
vt 0.170000 0.467635
vt 0.175731 0.465654
vt 0.016449 0.302879
vt 0.019548 0.298000
vt 0.020557 0.303074
vt 0.023100 0.175195
vt 0.034346 0.175731
vt 0.041334 0.304063
vt 0.028269 0.303441
vt 0.024676 0.330000
vt 0.441952 0.330000
vt 0.442167 0.329598
vt 0.170402 0.442167
vt 0.177299 0.444259
vt 0.298000 0.471731
vt 0.054279 0.988095
vt 0.032068 0.511905
vt 0.000000 0.988095
vt 0.602922 0.397078
vt 0.708512 0.453727
vt 0.702000 0.456570
vt 0.919706 0.419706
vt 0.922945 0.365559
vt 0.897078 0.397078
vt 0.956570 0.298000
vt 0.971731 0.298000
vt 0.954003 0.290579
vt 0.865558 0.077054
vt 0.897078 0.102922
vt 0.790579 0.045997
vt 0.791488 0.046272
vt 0.798000 0.043430
vt 0.514612 0.296822
vt 0.532365 0.330000
vt 0.523100 0.324805
vt 0.830000 0.467635
vt 0.980452 0.298000
vt 0.983551 0.302878
vt 0.967635 0.170000
vt 0.829598 0.057833
vt 0.830000 0.024676
vt 0.804063 0.041334
vt 0.798000 0.048248
vt 0.801273 0.049241
vt 0.702000 0.471731
vt 0.696926 0.479443
vt 0.702000 0.480452
vt 0.558048 0.330000
vt 0.941952 0.170000
vt 0.942167 0.170402
vt 0.958666 0.304063
vt 0.702000 0.451752
vt 0.698727 0.450759
vt 0.971731 0.303441
vt 0.829598 0.442167
vt 0.822701 0.444259
vt 0.824269 0.465653
vt 0.516165 0.202000
vt 0.703178 0.014612
vt 0.675936 0.038657
vt 0.670000 0.039838
vt 0.516449 0.197121
vt 0.514969 0.202000
vt 0.524676 0.170000
vt 0.523011 0.196809
vt 0.676746 0.055664
vt 0.670402 0.057833
vt 0.676758 0.055905
vt 0.965848 0.903974
vt 0.965848 0.596026
vt 0.968022 0.588327
vt 0.878939 0.596026
vt 0.875000 0.596026
vt 0.593750 0.596026
vt 0.597135 0.596026
vt 0.593750 0.903974
vt 0.597135 0.903974
vt 0.534152 0.596026
vt 0.537194 0.596026
vt 0.466228 0.596026
vt 0.462806 0.596026
vt 0.465848 0.903974
vt 0.402865 0.596026
vt 0.375000 0.903974
vt 0.378939 0.903974
vt 0.406250 0.903974
vt 0.097135 0.903974
vt 0.093750 0.903974
vt 0.125000 0.911673
vt 0.121061 0.596026
vt 0.093750 0.588327
vt 0.033772 0.903974
vt 0.037194 0.903974
vt 0.034152 0.596026
vt 0.037194 0.588327
vt 0.031978 0.588327
vt 0.836887 0.711887
vt 0.837437 0.750000
vt 0.666174 0.500000
vt 0.665588 0.540588
vt 0.619048 0.994048
vt 0.625000 0.962437
vt 0.619048 0.755952
vt 0.587437 0.750000
vt 0.625000 0.750000
vt 0.380952 0.755952
vt 0.375000 0.787563
vt 0.375000 0.750000
vt 0.380952 0.994048
vt 0.412563 1.000000
vt 0.625000 0.250000
vt 0.583826 0.250000
vt 0.584412 0.209412
vt 0.375000 0.250000
vt 0.375000 0.000000
vt 0.412563 0.000000
vt 0.336887 0.711887
vt 0.337437 0.750000
vt 0.166174 0.500000
vt 0.165588 0.540588
vt 0.416174 0.500000
vt 0.415588 0.540588
vt 0.619048 0.494048
vt 0.625000 0.458826
vt 0.619048 0.255952
vt 0.380952 0.494048
vt 0.380952 0.255952
vt 0.375000 0.291174
vt 0.875000 0.750000
vt 0.833826 0.750000
vt 0.834412 0.709412
vt 0.663113 0.538113
vt 0.662563 0.500000
vt 0.619048 0.994048
vt 0.625000 0.958826
vt 0.619048 0.755952
vt 0.583826 0.750000
vt 0.380952 0.755952
vt 0.375000 0.791174
vt 0.380952 0.994048
vt 0.416174 1.000000
vt 0.625000 0.000000
vt 0.587437 0.250000
vt 0.583826 0.000000
vt 0.416174 0.000000
vt 0.415588 0.040588
vt 0.333826 0.750000
vt 0.334412 0.709412
vt 0.125000 0.750000
vt 0.162563 0.500000
vt 0.166174 0.750000
vt 0.584412 0.709412
vt 0.412563 0.500000
vt 0.413113 0.538113
vt 0.625000 0.462437
vt 0.619048 0.255952
vt 0.380952 0.255952
vt 0.375000 0.287563
vt 0.380952 0.494048
vt 0.875000 0.750000
vt 0.833826 0.750000
vt 0.834412 0.709412
vt 0.663113 0.538113
vt 0.619048 0.755952
vt 0.583826 0.750000
vt 0.380952 0.994048
vt 0.375000 0.000000
vt 0.415588 0.040588
vt 0.333826 0.750000
vt 0.334412 0.709412
vt 0.163113 0.538113
vt 0.162563 0.500000
vt 0.584412 0.709412
vt 0.416174 0.750000
vt 0.619048 0.494048
vt 0.625000 0.500000
vt 0.619048 0.255952
vt 0.380952 0.255952
vt 0.836887 0.711887
vt 0.666174 0.500000
vt 0.665588 0.540588
vt 0.619048 0.755952
vt 0.380952 0.755952
vt 0.380952 0.994048
vt 0.584412 0.209412
vt 0.336887 0.711887
vt 0.125000 0.500000
vt 0.165588 0.540588
vt 0.583826 0.500000
vt 0.415588 0.540588
vt 0.380952 0.494048
vt 0.836887 0.711887
vt 0.625000 0.500000
vt 0.665588 0.540588
vt 0.584412 0.209412
vt 0.413113 0.038113
vt 0.336887 0.711887
vt 0.166174 0.500000
vt 0.165588 0.540588
vt 0.586887 0.711887
vt 0.415588 0.540588
vt 0.619048 0.255952
vt 0.380952 0.494048
vt 0.875000 0.750000
vt 0.833826 0.750000
vt 0.834412 0.709412
vt 0.663113 0.538113
vt 0.619048 0.755952
vt 0.380952 0.755952
vt 0.619048 0.994048
vt 0.586887 0.211887
vt 0.587437 0.250000
vt 0.375000 0.000000
vt 0.415588 0.040588
vt 0.334412 0.709412
vt 0.163113 0.538113
vt 0.162563 0.500000
vt 0.413113 0.538114
vt 0.375000 0.287563
vt 0.619048 0.255952
vt 0.380952 0.494048
vt 0.619048 0.494048
vt 0.625000 0.462437
vt 0.962806 0.575000
vt 0.937500 0.583333
vt 0.962806 0.583333
vt 0.968750 0.575000
vt 0.966611 0.583333
vt 0.968750 0.583333
vt 0.937500 0.925000
vt 0.962807 0.916667
vt 0.937500 0.916667
vt 0.937500 0.575000
vt 0.937151 0.575000
vt 0.937151 0.925000
vt 0.843750 0.583333
vt 0.843750 0.575000
vt 0.812849 0.575000
vt 0.812849 0.925000
vt 0.843750 0.925000
vt 0.843750 0.916667
vt 0.812500 0.575000
vt 0.787194 0.583333
vt 0.812500 0.583333
vt 0.784043 0.916667
vt 0.781250 0.916667
vt 0.781250 0.925000
vt 0.812500 0.925000
vt 0.787194 0.916667
vt 0.787194 0.925000
vt 0.712806 0.925000
vt 0.687500 0.916667
vt 0.687500 0.925000
vt 0.718750 0.916667
vt 0.715957 0.916667
vt 0.718750 0.925000
vt 0.692590 0.575000
vt 0.687500 0.575000
vt 0.687500 0.583333
vt 0.718750 0.575000
vt 0.716611 0.583333
vt 0.718750 0.583333
vt 0.687151 0.575000
vt 0.687151 0.925000
vt 0.593750 0.583333
vt 0.593750 0.575000
vt 0.562849 0.575000
vt 0.562849 0.925000
vt 0.593750 0.925000
vt 0.593750 0.916667
vt 0.537194 0.575000
vt 0.562500 0.583333
vt 0.562500 0.575000
vt 0.562500 0.925000
vt 0.537194 0.916667
vt 0.537194 0.925000
vt 0.531250 0.916667
vt 0.531250 0.925000
vt 0.534043 0.916667
vt 0.462806 0.925000
vt 0.437500 0.916667
vt 0.437500 0.925000
vt 0.465957 0.916667
vt 0.468750 0.925000
vt 0.468750 0.916667
vt 0.468750 0.575000
vt 0.466611 0.583333
vt 0.468750 0.583333
vt 0.437500 0.575000
vt 0.462806 0.583333
vt 0.462806 0.575000
vt 0.437500 0.583333
vt 0.437151 0.575000
vt 0.437151 0.925000
vt 0.312849 0.925000
vt 0.343750 0.925000
vt 0.343750 0.916667
vt 0.343750 0.583333
vt 0.343750 0.575000
vt 0.312849 0.575000
vt 0.312500 0.583333
vt 0.312500 0.575000
vt 0.292388 0.575000
vt 0.281250 0.916667
vt 0.281250 0.925000
vt 0.284043 0.916667
vt 0.312500 0.925000
vt 0.287194 0.916667
vt 0.287194 0.925000
vt 0.218750 0.575000
vt 0.216611 0.583333
vt 0.218750 0.583333
vt 0.212806 0.583333
vt 0.212806 0.575000
vt 0.200652 0.575000
vt 0.187500 0.925000
vt 0.212806 0.916667
vt 0.187500 0.916667
vt 0.187500 0.583333
vt 0.187500 0.575000
vt 0.187151 0.575000
vt 0.187151 0.925000
vt 0.062849 0.925000
vt 0.093750 0.925000
vt 0.093750 0.916667
vt 0.093750 0.583333
vt 0.093750 0.575000
vt 0.062849 0.575000
vt 0.062500 0.575000
vt 0.037194 0.583333
vt 0.062500 0.583333
vt 0.034043 0.916667
vt 0.031250 0.916667
vt 0.031250 0.925000
vt 0.062500 0.925000
vt 0.037194 0.916667
vt 0.037194 0.925000
vt 0.968750 0.925000
vt 1.000000 0.916667
vt 0.968750 0.916667
vt 1.000000 0.575000
vt 1.000000 0.583333
vt 0.968022 0.925000
vt 0.965848 0.916667
vt 0.943024 0.925000
vt 0.968022 0.575000
vt 0.965848 0.583333
vt 0.962807 0.575000
vt 0.943024 0.575000
vt 0.906250 0.916667
vt 0.906250 0.925000
vt 0.937151 0.925000
vt 0.937500 0.575000
vt 0.937151 0.575000
vt 0.875000 0.916667
vt 0.843750 0.575000
vt 0.875000 0.583333
vt 0.875000 0.575000
vt 0.812500 0.916667
vt 0.812500 0.925000
vt 0.812849 0.925000
vt 0.812849 0.575000
vt 0.781250 0.916667
vt 0.787194 0.575000
vt 0.781250 0.575000
vt 0.781250 0.583333
vt 0.750000 0.925000
vt 0.750000 0.916667
vt 0.750000 0.575000
vt 0.718750 0.925000
vt 0.718750 0.916667
vt 0.750000 0.583333
vt 0.712806 0.575000
vt 0.692590 0.575000
vt 0.691288 0.583333
vt 0.687151 0.575000
vt 0.656250 0.575000
vt 0.656250 0.583333
vt 0.625000 0.925000
vt 0.656250 0.916667
vt 0.625000 0.916667
vt 0.625000 0.575000
vt 0.562500 0.916667
vt 0.562500 0.925000
vt 0.562849 0.925000
vt 0.562849 0.575000
vt 0.566439 0.583333
vt 0.531250 0.916667
vt 0.531978 0.925000
vt 0.534152 0.916667
vt 0.548647 0.925000
vt 0.531978 0.575000
vt 0.531250 0.583333
vt 0.534152 0.583333
vt 0.556976 0.575000
vt 0.537194 0.583333
vt 0.500000 0.925000
vt 0.500000 0.916667
vt 0.531250 0.575000
vt 0.500000 0.583333
vt 0.468750 0.925000
vt 0.468750 0.916667
vt 0.468750 0.575000
vt 0.500000 0.575000
vt 0.437500 0.916667
vt 0.437500 0.925000
vt 0.457612 0.925000
vt 0.468022 0.925000
vt 0.465848 0.916667
vt 0.468022 0.575000
vt 0.468750 0.583333
vt 0.443024 0.575000
vt 0.437500 0.575000
vt 0.437500 0.583333
vt 0.406250 0.916667
vt 0.406250 0.925000
vt 0.437151 0.925000
vt 0.437151 0.575000
vt 0.406250 0.575000
vt 0.406250 0.583333
vt 0.375000 0.916667
vt 0.375000 0.575000
vt 0.343750 0.583333
vt 0.375000 0.583333
vt 0.312849 0.925000
vt 0.315566 0.916667
vt 0.343750 0.575000
vt 0.281250 0.916667
vt 0.287194 0.575000
vt 0.281250 0.575000
vt 0.281250 0.583333
vt 0.250000 0.925000
vt 0.250000 0.916667
vt 0.250000 0.583333
vt 0.281250 0.583333
vt 0.218750 0.925000
vt 0.218750 0.916667
vt 0.250000 0.575000
vt 0.212806 0.925000
vt 0.192590 0.575000
vt 0.187500 0.575000
vt 0.191288 0.583333
vt 0.156250 0.916667
vt 0.156250 0.925000
vt 0.187151 0.925000
vt 0.187500 0.575000
vt 0.125000 0.925000
vt 0.125000 0.916667
vt 0.156250 0.575000
vt 0.125000 0.583333
vt 0.156250 0.583333
vt 0.062500 0.916667
vt 0.062500 0.925000
vt 0.062849 0.925000
vt 0.093750 0.583333
vt 0.093750 0.575000
vt 0.062849 0.575000
vt 0.037194 0.916667
vt 0.056976 0.925000
vt 0.031250 0.916667
vt 0.031978 0.925000
vt 0.033772 0.916667
vt 0.062500 0.575000
vt 0.056976 0.575000
vt 0.031978 0.575000
vt 0.031250 0.583333
vt 0.034152 0.583333
vt 0.000000 0.925000
vt 0.000000 0.916667
vt 0.031250 0.575000
vt 0.000000 0.583333
vt 1.000000 0.925000
vt 0.968750 0.916667
vt 0.943024 0.925000
vt 0.962807 0.925000
vt 0.962807 0.916667
vt 0.968022 0.925000
vt 0.965848 0.916667
vt 0.937500 0.583333
vt 0.962806 0.583333
vt 0.968022 0.575000
vt 0.965848 0.583333
vt 0.937500 0.916667
vt 0.937151 0.575000
vt 0.875000 0.916667
vt 0.812500 0.916667
vt 0.812849 0.925000
vt 0.812849 0.575000
vt 0.750000 0.916667
vt 0.718750 0.916667
vt 0.750000 0.583333
vt 0.712806 0.575000
vt 0.687500 0.575000
vt 0.712807 0.925000
vt 0.687151 0.925000
vt 0.656250 0.925000
vt 0.625000 0.583333
vt 0.656250 0.583333
vt 0.562500 0.916667
vt 0.562849 0.925000
vt 0.593750 0.583333
vt 0.593750 0.575000
vt 0.562849 0.575000
vt 0.531978 0.925000
vt 0.534152 0.916667
vt 0.557410 0.925000
vt 0.537194 0.583333
vt 0.542388 0.575000
vt 0.531978 0.575000
vt 0.534152 0.583333
vt 0.500000 0.916667
vt 0.500000 0.583333
vt 0.468022 0.925000
vt 0.465848 0.916667
vt 0.460185 0.925000
vt 0.462806 0.925000
vt 0.462806 0.916667
vt 0.468022 0.575000
vt 0.466228 0.583333
vt 0.462806 0.583333
vt 0.462806 0.575000
vt 0.451353 0.575000
vt 0.406250 0.916667
vt 0.437151 0.925000
vt 0.437500 0.583333
vt 0.437151 0.575000
vt 0.375000 0.925000
vt 0.343750 0.916667
vt 0.375000 0.583333
vt 0.287194 0.925000
vt 0.312500 0.925000
vt 0.312500 0.916667
vt 0.250000 0.916667
vt 0.250000 0.583333
vt 0.212806 0.925000
vt 0.212806 0.575000
vt 0.156250 0.916667
vt 0.187151 0.925000
vt 0.187151 0.575000
vt 0.125000 0.575000
vt 0.156250 0.583333
vt 0.062849 0.925000
vt 0.093750 0.916667
vt 0.031978 0.925000
vt 0.056976 0.925000
vt 0.062500 0.916667
vt 0.042388 0.575000
vt 0.039815 0.575000
vt 0.037194 0.583333
vt 0.031978 0.575000
vt 0.031250 0.583333
vt 0.034152 0.583333
vt 0.000000 0.583333
vt 0.968750 0.511905
vt 0.843750 1.000000
vt 0.812500 0.511905
vt 0.750000 0.511905
vt 0.406250 0.511905
vt 0.218750 0.511905
vt 0.187500 0.511905
vt 0.062500 0.511905
vt 0.383337 0.050447
vt 0.449553 0.383337
vt 0.116663 0.449553
vt 0.031250 0.511905
vt 0.000000 1.000000
vt 0.658156 0.471731
vt 0.687500 1.000000
vt 0.562500 1.000000
vt 0.125000 1.000000
vt 0.062500 1.000000
vt 0.550447 0.116663
vt 0.616663 0.449553
vt 0.562500 0.187500
vt 0.375000 0.400000
vt 0.625000 0.850000
vt 0.562500 0.850000
vt 0.275000 0.562500
vt 0.125000 0.562500
vt 0.725000 0.750000
vt 0.725000 0.500000
vt 0.562500 0.750000
vt 0.562500 0.562500
vt 0.225000 0.562500
vt 0.225000 0.500000
vt 0.775000 0.500000
vt 0.775000 0.650000
vt 0.815000 0.750000
vt 0.803571 0.678571
vt 0.775000 0.750000
vt 0.562500 0.250000
vt 0.562500 0.062500
vt 0.562500 0.400000
vt 0.375000 0.850000
vt 0.475000 0.850000
vt 0.275000 0.750000
vt 0.125000 0.687500
vt 0.375000 0.187500
vt 0.562500 0.187500
vt 0.562500 0.850000
vt 0.275000 0.562500
vt 0.625000 0.350000
vt 0.375000 0.350000
vt 0.562500 0.750000
vt 0.375000 0.562500
vt 0.562500 0.250000
vt 0.562500 0.062500
vt 0.625000 0.400000
vt 0.475000 0.850000
vt 0.275000 0.750000
vt 0.375000 0.187500
vt 0.562500 0.187500
vt 0.275000 0.562500
vt 0.125000 0.562500
vt 0.625000 0.000000
vt 0.562500 0.562500
vt 0.375000 0.562500
vt 0.225000 0.562500
vt 0.562500 0.250000
vt 0.625000 0.750000
vt 0.475000 0.850000
vt 0.562500 0.187500
vt 0.562500 0.250000
vt 0.562500 1.000000
vt 0.562500 0.850000
vt 0.562500 0.750000
vt 0.562500 0.562500
vt 0.625000 0.900000
vt 0.562500 0.062500
vt 0.125000 0.687500
vt 0.275000 0.687500
vt 0.875000 0.750000
vt 0.275000 0.562500
vt 0.562500 0.900000
vt 0.375000 0.562500
vt 0.225000 0.562500
vt 0.562500 0.062500
vt 0.375000 0.000000
vt 0.125000 0.687500
vt 0.562500 0.062500
vt 0.625000 0.750000
vt 0.841809 0.606250
vt 0.875000 0.643750
vt 0.841809 0.643750
vt 0.841949 0.643290
vt 0.836614 0.660877
vt 0.838017 0.656250
vt 0.875000 0.656250
vt 0.875000 0.693750
vt 0.856250 0.731250
vt 0.818750 0.731250
vt 0.818750 0.750000
vt 0.781250 0.750000
vt 0.781250 0.713017
vt 0.785877 0.711614
vt 0.802085 0.702950
vt 0.856250 0.518750
vt 0.856250 0.556250
vt 0.875000 0.556250
vt 0.875000 0.593750
vt 0.838017 0.593750
vt 0.836614 0.589123
vt 0.827950 0.572915
vt 0.818750 0.500000
vt 0.785877 0.538386
vt 0.781250 0.536983
vt 0.767081 0.545684
vt 0.768750 0.546191
vt 0.761853 0.565410
vt 0.781093 0.549935
vt 0.773251 0.568868
vt 0.795140 0.557443
vt 0.805901 0.566274
vt 0.783755 0.574482
vt 0.792962 0.582038
vt 0.750000 0.543750
vt 0.765851 0.545311
vt 0.732734 0.545741
vt 0.718907 0.549935
vt 0.731250 0.546191
vt 0.726749 0.568868
vt 0.694099 0.566274
vt 0.704860 0.557443
vt 0.716245 0.574482
vt 0.707038 0.582038
vt 0.800518 0.591245
vt 0.807452 0.567548
vt 0.817557 0.579860
vt 0.825065 0.593907
vt 0.806132 0.601749
vt 0.829689 0.609149
vt 0.809589 0.613147
vt 0.831250 0.625000
vt 0.810757 0.625000
vt 0.829689 0.640851
vt 0.825065 0.656093
vt 0.809589 0.636853
vt 0.824328 0.657471
vt 0.806132 0.648251
vt 0.817557 0.670140
vt 0.807452 0.682452
vt 0.792962 0.667962
vt 0.796474 0.691462
vt 0.783755 0.675518
vt 0.795140 0.692557
vt 0.781093 0.700065
vt 0.768750 0.703809
vt 0.773251 0.681132
vt 0.767266 0.704259
vt 0.765851 0.704689
vt 0.734149 0.704689
vt 0.738147 0.684590
vt 0.732734 0.704259
vt 0.731250 0.703809
vt 0.718907 0.700065
vt 0.726749 0.681132
vt 0.704860 0.692557
vt 0.716245 0.675518
vt 0.703526 0.691462
vt 0.692548 0.682452
vt 0.707038 0.667962
vt 0.682443 0.670140
vt 0.674935 0.656093
vt 0.670311 0.640851
vt 0.690410 0.636853
vt 0.668750 0.625000
vt 0.670311 0.609149
vt 0.690411 0.613147
vt 0.674935 0.593907
vt 0.682443 0.579860
vt 0.693868 0.601749
vt 0.692548 0.567548
vt 0.699482 0.591245
vt 0.693868 0.648251
vt 0.800518 0.658755
vt 0.689243 0.625000
vt 0.699482 0.658755
vt 0.731250 0.533191
vt 0.731250 0.500000
vt 0.731710 0.533051
vt 0.768750 0.533191
vt 0.643750 0.518750
vt 0.681250 0.518750
vt 0.681250 0.500000
vt 0.718750 0.536983
vt 0.714123 0.538386
vt 0.697915 0.547050
vt 0.625000 0.593750
vt 0.625000 0.556250
vt 0.663386 0.589123
vt 0.661983 0.593750
vt 0.768750 0.716809
vt 0.731250 0.750000
vt 0.731250 0.716809
vt 0.731710 0.716949
vt 0.643750 0.693750
vt 0.625000 0.693750
vt 0.625000 0.656250
vt 0.661983 0.656250
vt 0.663386 0.660877
vt 0.672050 0.677085
vt 0.643750 0.731250
vt 0.683709 0.691291
vt 0.718750 0.750000
vt 0.681250 0.750000
vt 0.718750 0.713017
vt 0.658191 0.643750
vt 0.658191 0.606250
vt 0.658051 0.606710
vt 0.606250 0.981250
vt 0.568750 0.981250
vt 0.568750 1.000000
vt 0.531250 0.963017
vt 0.535877 0.961614
vt 0.552085 0.952950
vt 0.625000 0.906250
vt 0.625000 0.943750
vt 0.586614 0.910877
vt 0.588017 0.906250
vt 0.591809 0.856250
vt 0.625000 0.893750
vt 0.591809 0.893750
vt 0.591949 0.893290
vt 0.606250 0.768750
vt 0.606250 0.806250
vt 0.625000 0.806250
vt 0.625000 0.843750
vt 0.588017 0.843750
vt 0.586614 0.839123
vt 0.577950 0.822915
vt 0.531250 0.750000
vt 0.568750 0.750000
vt 0.535877 0.788386
vt 0.531250 0.786983
vt 0.545140 0.807443
vt 0.557452 0.817548
vt 0.533755 0.824482
vt 0.558726 0.819099
vt 0.542962 0.832038
vt 0.523251 0.818868
vt 0.531093 0.799935
vt 0.500000 0.793750
vt 0.515851 0.795311
vt 0.500000 0.814243
vt 0.511853 0.815410
vt 0.468907 0.799935
vt 0.484149 0.795311
vt 0.488147 0.815410
vt 0.442548 0.817548
vt 0.454860 0.807443
vt 0.466245 0.824483
vt 0.424935 0.843907
vt 0.432443 0.829860
vt 0.443868 0.851749
vt 0.421191 0.856250
vt 0.440410 0.863147
vt 0.420311 0.859149
vt 0.420741 0.857734
vt 0.420311 0.890851
vt 0.418750 0.875000
vt 0.439243 0.875000
vt 0.421191 0.893750
vt 0.420740 0.892266
vt 0.440411 0.886853
vt 0.432443 0.920140
vt 0.424935 0.906093
vt 0.443868 0.898251
vt 0.457038 0.917962
vt 0.441274 0.930901
vt 0.449482 0.908755
vt 0.476749 0.818868
vt 0.578809 0.856250
vt 0.579259 0.857734
vt 0.559589 0.863147
vt 0.579689 0.859149
vt 0.581250 0.875000
vt 0.560757 0.875000
vt 0.579689 0.890851
vt 0.579316 0.892081
vt 0.559590 0.886853
vt 0.578809 0.893750
vt 0.575065 0.906093
vt 0.556132 0.898251
vt 0.567557 0.920140
vt 0.566462 0.921474
vt 0.557452 0.932452
vt 0.542962 0.917962
vt 0.545140 0.942557
vt 0.533755 0.925518
vt 0.550517 0.908755
vt 0.575065 0.843907
vt 0.556132 0.851749
vt 0.567557 0.829860
vt 0.550517 0.841245
vt 0.531093 0.950065
vt 0.523251 0.931132
vt 0.515851 0.954689
vt 0.484149 0.954689
vt 0.488147 0.934590
vt 0.468907 0.950065
vt 0.467529 0.949328
vt 0.476749 0.931132
vt 0.454860 0.942557
vt 0.466245 0.925518
vt 0.442548 0.932452
vt 0.481250 0.783191
vt 0.518750 0.783191
vt 0.518290 0.783051
vt 0.413386 0.839123
vt 0.411983 0.843750
vt 0.375000 0.843750
vt 0.375000 0.806250
vt 0.393750 0.768750
vt 0.431250 0.768750
vt 0.431250 0.750000
vt 0.468750 0.750000
vt 0.468750 0.786983
vt 0.464123 0.788386
vt 0.447915 0.797050
vt 0.518750 0.966809
vt 0.481250 1.000000
vt 0.481250 0.966809
vt 0.481710 0.966949
vt 0.464123 0.961614
vt 0.468750 0.963017
vt 0.431250 1.000000
vt 0.393750 0.981250
vt 0.393750 0.943750
vt 0.375000 0.943750
vt 0.375000 0.906250
vt 0.411983 0.906250
vt 0.413386 0.910877
vt 0.422050 0.927085
vt 0.408191 0.893750
vt 0.375000 0.856250
vt 0.408191 0.856250
vt 0.408051 0.856710
vt 0.591809 0.106250
vt 0.625000 0.143750
vt 0.591809 0.143750
vt 0.591949 0.143290
vt 0.535877 0.038386
vt 0.531250 0.036983
vt 0.531250 0.000000
vt 0.568750 0.000000
vt 0.606250 0.018750
vt 0.606250 0.056250
vt 0.625000 0.056250
vt 0.625000 0.093750
vt 0.588017 0.093750
vt 0.586614 0.089123
vt 0.577950 0.072915
vt 0.568750 0.231250
vt 0.568750 0.250000
vt 0.531250 0.250000
vt 0.531250 0.213017
vt 0.535877 0.211614
vt 0.552085 0.202950
vt 0.606250 0.231250
vt 0.566291 0.191291
vt 0.625000 0.156250
vt 0.625000 0.193750
vt 0.588017 0.156250
vt 0.481250 0.033191
vt 0.518750 0.000000
vt 0.518750 0.033191
vt 0.518290 0.033051
vt 0.431250 0.018750
vt 0.431250 0.000000
vt 0.468750 0.000000
vt 0.468750 0.036983
vt 0.464123 0.038386
vt 0.447915 0.047050
vt 0.393750 0.018750
vt 0.433709 0.058709
vt 0.375000 0.093750
vt 0.375000 0.056250
vt 0.411983 0.093750
vt 0.466245 0.074482
vt 0.457038 0.082038
vt 0.444099 0.066274
vt 0.454860 0.057443
vt 0.468907 0.049935
vt 0.476749 0.068868
vt 0.481250 0.046191
vt 0.484149 0.045311
vt 0.488147 0.065411
vt 0.500000 0.043750
vt 0.502536 0.044000
vt 0.500000 0.064243
vt 0.502642 0.044010
vt 0.515851 0.045311
vt 0.511853 0.065411
vt 0.516895 0.045628
vt 0.518750 0.046191
vt 0.531093 0.049935
vt 0.523251 0.068868
vt 0.545140 0.057443
vt 0.546474 0.058538
vt 0.533755 0.074482
vt 0.557452 0.067548
vt 0.567557 0.079860
vt 0.575065 0.093907
vt 0.556132 0.101749
vt 0.578809 0.106250
vt 0.579689 0.109149
vt 0.559589 0.113147
vt 0.581250 0.125000
vt 0.560757 0.125000
vt 0.579689 0.140851
vt 0.579372 0.141895
vt 0.559590 0.136853
vt 0.578809 0.143750
vt 0.575065 0.156093
vt 0.556132 0.148251
vt 0.567557 0.170140
vt 0.550517 0.158755
vt 0.566462 0.171474
vt 0.557452 0.182452
vt 0.542962 0.167962
vt 0.555901 0.183726
vt 0.533755 0.175518
vt 0.545140 0.192557
vt 0.531093 0.200065
vt 0.523251 0.181132
vt 0.518750 0.203809
vt 0.515851 0.204689
vt 0.511853 0.184590
vt 0.500000 0.206250
vt 0.484149 0.204689
vt 0.500000 0.185757
vt 0.483105 0.204372
vt 0.488147 0.184590
vt 0.481250 0.203809
vt 0.468907 0.200065
vt 0.476749 0.181132
vt 0.454860 0.192557
vt 0.453526 0.191463
vt 0.466245 0.175518
vt 0.442548 0.182452
vt 0.432443 0.170140
vt 0.424935 0.156093
vt 0.443868 0.148251
vt 0.421191 0.143750
vt 0.420311 0.140851
vt 0.440411 0.136853
vt 0.418750 0.125000
vt 0.439243 0.125000
vt 0.419000 0.122464
vt 0.419010 0.122358
vt 0.420311 0.109149
vt 0.440410 0.113147
vt 0.420628 0.108105
vt 0.421191 0.106250
vt 0.424935 0.093907
vt 0.443868 0.101749
vt 0.432443 0.079860
vt 0.449482 0.091245
vt 0.433538 0.078526
vt 0.442548 0.067548
vt 0.375000 0.106250
vt 0.408191 0.106250
vt 0.408051 0.106710
vt 0.408191 0.143750
vt 0.375000 0.193750
vt 0.375000 0.156250
vt 0.393750 0.193750
vt 0.411983 0.156250
vt 0.413386 0.160877
vt 0.393750 0.231250
vt 0.422050 0.177085
vt 0.468750 0.250000
vt 0.431250 0.250000
vt 0.433709 0.191291
vt 0.468750 0.213017
vt 0.518750 0.216809
vt 0.481250 0.216809
vt 0.481710 0.216949
vt 0.318750 0.731250
vt 0.318750 0.750000
vt 0.281250 0.750000
vt 0.281250 0.713017
vt 0.285877 0.711614
vt 0.302085 0.702950
vt 0.356250 0.731250
vt 0.316291 0.691291
vt 0.375000 0.656250
vt 0.375000 0.693750
vt 0.338017 0.656250
vt 0.125000 0.693750
vt 0.125000 0.656250
vt 0.143750 0.693750
vt 0.161983 0.656250
vt 0.163386 0.660877
vt 0.143750 0.731250
vt 0.172050 0.677085
vt 0.218750 0.750000
vt 0.181250 0.750000
vt 0.183709 0.691291
vt 0.218750 0.713017
vt 0.268750 0.716809
vt 0.231250 0.750000
vt 0.231250 0.716809
vt 0.231710 0.716949
vt 0.158191 0.643750
vt 0.125000 0.606250
vt 0.158191 0.606250
vt 0.158051 0.606710
vt 0.163386 0.589123
vt 0.161983 0.593750
vt 0.125000 0.593750
vt 0.125000 0.556250
vt 0.143750 0.518750
vt 0.181250 0.518750
vt 0.181250 0.500000
vt 0.218750 0.536983
vt 0.214123 0.538386
vt 0.197915 0.547050
vt 0.265851 0.704689
vt 0.250000 0.706250
vt 0.250000 0.685757
vt 0.234149 0.704689
vt 0.232919 0.704316
vt 0.231250 0.703809
vt 0.238147 0.684590
vt 0.218907 0.700065
vt 0.226749 0.681132
vt 0.281093 0.700065
vt 0.268750 0.703809
vt 0.273251 0.681132
vt 0.267266 0.704259
vt 0.261853 0.684590
vt 0.204860 0.692557
vt 0.203526 0.691462
vt 0.216245 0.675518
vt 0.182443 0.670140
vt 0.174935 0.656093
vt 0.193868 0.648251
vt 0.170311 0.640851
vt 0.168750 0.625000
vt 0.189243 0.625000
vt 0.170311 0.609149
vt 0.174374 0.595755
vt 0.174935 0.593907
vt 0.193868 0.601749
vt 0.182443 0.579860
vt 0.192548 0.567548
vt 0.199482 0.591245
vt 0.194099 0.566274
vt 0.207038 0.582038
vt 0.190411 0.613147
vt 0.190411 0.636853
vt 0.282863 0.699119
vt 0.295140 0.692557
vt 0.283755 0.675518
vt 0.307452 0.682452
vt 0.305901 0.683726
vt 0.292962 0.667962
vt 0.325065 0.656093
vt 0.317557 0.670140
vt 0.300518 0.658755
vt 0.325626 0.654245
vt 0.306132 0.648251
vt 0.329689 0.640851
vt 0.309589 0.636853
vt 0.329689 0.609149
vt 0.331250 0.625000
vt 0.310757 0.625000
vt 0.325065 0.593907
vt 0.306132 0.601749
vt 0.296474 0.558537
vt 0.307452 0.567548
vt 0.283755 0.574482
vt 0.281093 0.549935
vt 0.295140 0.557443
vt 0.267266 0.545741
vt 0.268750 0.546191
vt 0.261853 0.565410
vt 0.273251 0.568868
vt 0.250000 0.543750
vt 0.265851 0.545311
vt 0.250000 0.564243
vt 0.232734 0.545741
vt 0.234149 0.545311
vt 0.238147 0.565410
vt 0.218907 0.549935
vt 0.231250 0.546191
vt 0.226749 0.568868
vt 0.204860 0.557443
vt 0.216245 0.574482
vt 0.309590 0.613147
vt 0.268750 0.500000
vt 0.268750 0.533191
vt 0.268290 0.533051
vt 0.231250 0.533191
vt 0.356250 0.556250
vt 0.375000 0.556250
vt 0.375000 0.593750
vt 0.338017 0.593750
vt 0.336614 0.589123
vt 0.327950 0.572915
vt 0.356250 0.518750
vt 0.316291 0.558709
vt 0.318750 0.500000
vt 0.281250 0.536983
vt 0.341809 0.606250
vt 0.341809 0.643750
vt 0.341949 0.643290
vt 0.606250 0.518750
vt 0.606250 0.556250
vt 0.588017 0.593750
vt 0.586614 0.589123
vt 0.577950 0.572915
vt 0.568750 0.500000
vt 0.535877 0.538386
vt 0.531250 0.536983
vt 0.606250 0.731250
vt 0.568750 0.731250
vt 0.531250 0.713017
vt 0.535877 0.711614
vt 0.552085 0.702950
vt 0.586614 0.660877
vt 0.588017 0.656250
vt 0.591809 0.606250
vt 0.591809 0.643750
vt 0.591949 0.643290
vt 0.518750 0.716809
vt 0.481250 0.716809
vt 0.481710 0.716949
vt 0.393750 0.693750
vt 0.411983 0.656250
vt 0.413386 0.660877
vt 0.422050 0.677085
vt 0.393750 0.731250
vt 0.433709 0.691291
vt 0.468750 0.713017
vt 0.413386 0.589123
vt 0.411983 0.593750
vt 0.393750 0.518750
vt 0.431250 0.518750
vt 0.431250 0.500000
vt 0.468750 0.536983
vt 0.464123 0.538386
vt 0.447915 0.547050
vt 0.408191 0.643750
vt 0.408191 0.606250
vt 0.408051 0.606710
vt 0.581250 0.625000
vt 0.579689 0.640851
vt 0.579276 0.642213
vt 0.578809 0.643750
vt 0.559590 0.636853
vt 0.575065 0.656093
vt 0.556132 0.648251
vt 0.575065 0.593907
vt 0.578809 0.606250
vt 0.556132 0.601749
vt 0.558726 0.569099
vt 0.567557 0.579860
vt 0.550517 0.591245
vt 0.546474 0.558537
vt 0.557452 0.567548
vt 0.542962 0.582038
vt 0.531093 0.549935
vt 0.545140 0.557443
vt 0.523251 0.568868
vt 0.533755 0.574482
vt 0.515851 0.545311
vt 0.517213 0.545724
vt 0.511853 0.565410
vt 0.518750 0.546191
vt 0.567557 0.670140
vt 0.550517 0.658755
vt 0.566462 0.671474
vt 0.557452 0.682452
vt 0.542962 0.667962
vt 0.546474 0.691462
vt 0.545140 0.692557
vt 0.533755 0.675518
vt 0.531093 0.700065
vt 0.518750 0.703809
vt 0.523251 0.681132
vt 0.517213 0.704276
vt 0.511853 0.684590
vt 0.515851 0.704689
vt 0.513209 0.704949
vt 0.500000 0.706250
vt 0.500000 0.685757
vt 0.497464 0.706000
vt 0.497358 0.705990
vt 0.484149 0.704689
vt 0.488147 0.684590
vt 0.482787 0.704276
vt 0.484149 0.545311
vt 0.500000 0.543750
vt 0.500000 0.564243
vt 0.454860 0.557443
vt 0.468907 0.549935
vt 0.476749 0.568868
vt 0.481250 0.546191
vt 0.488147 0.565410
vt 0.481250 0.703809
vt 0.468907 0.700065
vt 0.476749 0.681132
vt 0.454860 0.692557
vt 0.466245 0.675518
vt 0.444099 0.683726
vt 0.457038 0.667962
vt 0.444099 0.566274
vt 0.466245 0.574482
vt 0.457038 0.582038
vt 0.441274 0.569099
vt 0.442548 0.567548
vt 0.449482 0.591245
vt 0.443868 0.601749
vt 0.432443 0.579860
vt 0.421191 0.606250
vt 0.424935 0.593907
vt 0.419010 0.622358
vt 0.420311 0.609149
vt 0.440410 0.613147
vt 0.420724 0.607787
vt 0.418750 0.625000
vt 0.419000 0.622464
vt 0.439243 0.625000
vt 0.420051 0.638209
vt 0.420311 0.640851
vt 0.440411 0.636853
vt 0.421191 0.643750
vt 0.420724 0.642213
vt 0.433538 0.671474
vt 0.432443 0.670140
vt 0.442548 0.682452
vt 0.481250 0.533191
vt 0.518750 0.533191
vt 0.518290 0.533051
vt 0.606250 0.306250
vt 0.625000 0.306250
vt 0.625000 0.343750
vt 0.588017 0.343750
vt 0.586614 0.339123
vt 0.577950 0.322915
vt 0.606250 0.268750
vt 0.566291 0.308709
vt 0.531250 0.286983
vt 0.591809 0.356250
vt 0.625000 0.393750
vt 0.591809 0.393750
vt 0.591949 0.393290
vt 0.586614 0.410877
vt 0.588017 0.406250
vt 0.625000 0.406250
vt 0.625000 0.443750
vt 0.606250 0.481250
vt 0.568750 0.481250
vt 0.531250 0.463017
vt 0.535877 0.461614
vt 0.552085 0.452950
vt 0.431250 0.268750
vt 0.468750 0.286983
vt 0.464123 0.288386
vt 0.393750 0.268750
vt 0.447915 0.297050
vt 0.375000 0.343750
vt 0.375000 0.306250
vt 0.433709 0.308709
vt 0.411983 0.343750
vt 0.481250 0.283191
vt 0.518750 0.283191
vt 0.518290 0.283051
vt 0.408191 0.393750
vt 0.375000 0.356250
vt 0.408191 0.356250
vt 0.408051 0.356710
vt 0.393750 0.443750
vt 0.375000 0.443750
vt 0.375000 0.406250
vt 0.411983 0.406250
vt 0.413386 0.410877
vt 0.422050 0.427085
vt 0.393750 0.481250
vt 0.433709 0.441291
vt 0.468750 0.463017
vt 0.518750 0.466809
vt 0.481250 0.466809
vt 0.481710 0.466949
vt 0.420311 0.390851
vt 0.418750 0.375000
vt 0.439243 0.375000
vt 0.420311 0.359149
vt 0.440410 0.363147
vt 0.420684 0.357919
vt 0.421191 0.356250
vt 0.423374 0.349051
vt 0.424935 0.343907
vt 0.443868 0.351749
vt 0.432443 0.329860
vt 0.433538 0.328526
vt 0.442548 0.317548
vt 0.457038 0.332038
vt 0.454860 0.307443
vt 0.449482 0.341245
vt 0.468907 0.299935
vt 0.476749 0.318868
vt 0.484149 0.295311
vt 0.500000 0.293750
vt 0.500000 0.314243
vt 0.515851 0.295311
vt 0.420740 0.392266
vt 0.432443 0.420140
vt 0.424935 0.406093
vt 0.454860 0.442557
vt 0.442548 0.432452
vt 0.466245 0.425518
vt 0.433538 0.421474
vt 0.457038 0.417962
vt 0.449482 0.408755
vt 0.531093 0.299935
vt 0.523251 0.318868
vt 0.545140 0.307443
vt 0.557452 0.317548
vt 0.533755 0.324482
vt 0.558726 0.319099
vt 0.542962 0.332038
vt 0.484149 0.454689
vt 0.468907 0.450065
vt 0.488147 0.434590
vt 0.476749 0.431132
vt 0.515851 0.454689
vt 0.500000 0.456250
vt 0.500000 0.435757
vt 0.545140 0.442557
vt 0.531093 0.450065
vt 0.523251 0.431132
vt 0.558726 0.430901
vt 0.557452 0.432452
vt 0.542962 0.417962
vt 0.533755 0.425518
vt 0.488147 0.315410
vt 0.511853 0.315410
vt 0.511853 0.434590
vt 0.466245 0.324482
vt 0.578809 0.393750
vt 0.575065 0.406093
vt 0.556132 0.398251
vt 0.567557 0.420140
vt 0.550517 0.408755
vt 0.579260 0.392266
vt 0.559590 0.386853
vt 0.581250 0.375000
vt 0.579689 0.390851
vt 0.560757 0.375000
vt 0.579259 0.357734
vt 0.579689 0.359149
vt 0.567557 0.329860
vt 0.575065 0.343907
vt 0.550517 0.341245
vt 1.000000 0.511905
vt 0.158156 0.471731
vt 0.116663 0.449553
vt 0.028269 0.341844
vt 0.050447 0.383337
vt 0.014612 0.203178
vt 0.014612 0.296822
vt 0.010000 0.250000
vt 0.050447 0.116663
vt 0.080294 0.080294
vt 0.116663 0.050447
vt 0.158156 0.028269
vt 0.203178 0.014612
vt 0.250000 0.010000
vt 0.341844 0.028269
vt 0.383337 0.050447
vt 0.419706 0.080294
vt 0.449553 0.116663
vt 0.485388 0.203178
vt 0.490000 0.250000
vt 0.471731 0.341844
vt 0.383337 0.449553
vt 0.341844 0.471731
vt 0.296822 0.485388
vt 0.250000 0.490000
vt 0.000000 1.000000
vt 0.750000 0.490000
vt 0.841844 0.471731
vt 0.971731 0.341844
vt 0.949553 0.383337
vt 0.971731 0.158156
vt 0.990000 0.250000
vt 0.949553 0.116663
vt 0.883337 0.050447
vt 0.796822 0.014612
vt 0.750000 0.010000
vt 0.703178 0.014612
vt 0.658156 0.028269
vt 0.967932 1.000000
vt 0.945721 0.511905
vt 0.782068 0.500000
vt 0.717932 0.988095
vt 0.695721 0.500000
vt 0.532068 0.511905
vt 0.467932 1.000000
vt 0.445721 0.511905
vt 0.282068 0.511905
vt 0.217932 0.988095
vt 0.195721 0.511905
vt 0.202000 0.014969
vt 0.203178 0.014612
vt 0.250000 0.010000
vt 0.215508 0.045397
vt 0.296822 0.014612
vt 0.256087 0.042600
vt 0.290579 0.045997
vt 0.298000 0.048248
vt 0.250000 0.042000
vt 0.330000 0.024676
vt 0.341844 0.028269
vt 0.330000 0.058048
vt 0.365559 0.077054
vt 0.080294 0.080294
vt 0.170000 0.058048
vt 0.134441 0.077054
vt 0.485031 0.202000
vt 0.457400 0.256087
vt 0.454003 0.290579
vt 0.451752 0.298000
vt 0.458000 0.250000
vt 0.456570 0.202000
vt 0.451752 0.202000
vt 0.475324 0.330000
vt 0.330000 0.441952
vt 0.422946 0.365559
vt 0.298000 0.485031
vt 0.250000 0.458000
vt 0.209421 0.454003
vt 0.298000 0.451752
vt 0.170000 0.441952
vt 0.058048 0.330000
vt 0.134441 0.422945
vt 0.014969 0.298000
vt 0.042000 0.250000
vt 0.014969 0.202000
vt 0.045997 0.209421
vt 0.048248 0.298000
vt 0.057833 0.329598
vt 0.329598 0.442167
vt 0.054279 1.000000
vt 0.032068 0.511905
vt 0.000000 1.000000
vt 0.550447 0.383337
vt 0.670000 0.441952
vt 0.577054 0.365559
vt 0.798000 0.451752
vt 0.702000 0.451752
vt 0.941952 0.330000
vt 0.830000 0.441952
vt 0.985031 0.202000
vt 0.951752 0.202000
vt 0.951752 0.298000
vt 0.949553 0.116663
vt 0.941952 0.170000
vt 0.830000 0.058048
vt 0.922945 0.134441
vt 0.796822 0.014612
vt 0.514612 0.203178
vt 0.514969 0.298000
vt 0.829598 0.057833
vt 0.670402 0.442167
vt 0.942167 0.329598
vt 0.829598 0.442167
vt 0.658156 0.028269
vt 0.616663 0.050447
vt 0.670000 0.058048
vt 0.528269 0.158156
vt 0.558048 0.170000
vt 0.634441 0.077054
vt 0.514969 0.202000
vt 0.750000 0.010000
vt 0.702000 0.048248
vt 0.675195 0.023100
vt 0.670402 0.057833
vt 1.000000 0.911673
vt 0.968750 0.596026
vt 0.906250 0.903974
vt 0.843750 0.596026
vt 0.787194 0.903974
vt 0.781250 0.903974
vt 0.712806 0.596026
vt 0.593750 0.596026
vt 0.531250 0.903974
vt 0.343750 0.596026
vt 0.281250 0.911673
vt 0.218750 0.596026
vt 0.212806 0.596026
vt 0.093750 0.596026
vt 0.037194 0.903974
vt 0.000000 0.596026
vt 0.967932 1.000000
vt 0.717932 1.000000
vt 0.532068 0.500000
vt 0.445721 0.500000
vt 0.282068 0.511905
vt 0.080294 0.080294
vt 0.116663 0.050447
vt 0.158156 0.028269
vt 0.170000 0.058048
vt 0.134441 0.077054
vt 0.250000 0.010000
vt 0.296822 0.014612
vt 0.298000 0.014969
vt 0.290579 0.045997
vt 0.298000 0.048248
vt 0.291488 0.046272
vt 0.208512 0.046272
vt 0.202000 0.048248
vt 0.341844 0.028269
vt 0.419706 0.080294
vt 0.449553 0.116663
vt 0.197089 0.017134
vt 0.323243 0.055905
vt 0.485388 0.203178
vt 0.454003 0.290579
vt 0.451752 0.298000
vt 0.203178 0.485388
vt 0.209421 0.454003
vt 0.208512 0.453727
vt 0.291488 0.453727
vt 0.298000 0.451752
vt 0.158156 0.471731
vt 0.116663 0.449553
vt 0.170000 0.441952
vt 0.050447 0.383337
vt 0.028269 0.341844
vt 0.058048 0.330000
vt 0.134441 0.422945
vt 0.014969 0.298000
vt 0.014612 0.296822
vt 0.014969 0.202000
vt 0.045997 0.209421
vt 0.048248 0.298000
vt 0.479443 0.196926
vt 0.465654 0.324269
vt 0.303074 0.479443
vt 0.020557 0.303074
vt 0.057833 0.170402
vt 0.057833 0.329598
vt 0.329598 0.442167
vt 0.322701 0.444259
vt 0.170402 0.442167
vt 0.177299 0.444259
vt 0.054279 1.000000
vt 0.000000 1.000000
vt 0.670000 0.441952
vt 0.798000 0.485031
vt 0.791488 0.453727
vt 0.702000 0.451752
vt 0.830000 0.471645
vt 0.897078 0.397078
vt 0.949553 0.383337
vt 0.941952 0.330000
vt 0.985031 0.298000
vt 0.954003 0.209421
vt 0.960162 0.170000
vt 0.971731 0.158156
vt 0.941952 0.170000
vt 0.883337 0.050447
vt 0.841844 0.028269
vt 0.830000 0.058048
vt 0.922945 0.134441
vt 0.791488 0.046272
vt 0.798000 0.048248
vt 0.829598 0.057833
vt 0.670402 0.442167
vt 0.670000 0.025913
vt 0.658156 0.028269
vt 0.616663 0.050447
vt 0.550447 0.116663
vt 0.528269 0.158156
vt 0.558048 0.170000
vt 0.670000 0.030040
vt 0.702000 0.014969
vt 0.708512 0.046272
vt 0.677299 0.055741
vt 0.968022 0.911673
vt 0.968022 0.588327
vt 0.906250 0.903974
vt 0.625000 0.903974
vt 0.531978 0.588327
vt 0.462806 0.596026
vt 0.462806 0.903974
vt 0.375000 0.596026
vt 0.031978 0.911673
vt 0.031978 0.588327
vt 0.945721 0.500000
vt 0.782068 0.511905
vt 0.554279 0.988095
vt 0.304279 0.988095
vt 0.282068 0.511905
vt 0.116663 0.050447
vt 0.158156 0.028269
vt 0.134441 0.077054
vt 0.203178 0.014612
vt 0.296822 0.014612
vt 0.298000 0.014969
vt 0.291488 0.046272
vt 0.208512 0.046272
vt 0.330000 0.024676
vt 0.341844 0.028269
vt 0.419706 0.080294
vt 0.397078 0.102922
vt 0.449553 0.116663
vt 0.365559 0.077054
vt 0.195514 0.050216
vt 0.485031 0.298000
vt 0.454003 0.290579
vt 0.422946 0.365559
vt 0.209421 0.454003
vt 0.208512 0.453727
vt 0.158156 0.471731
vt 0.116663 0.449553
vt 0.050447 0.383337
vt 0.028269 0.341844
vt 0.058048 0.330000
vt 0.014969 0.298000
vt 0.014612 0.296822
vt 0.010000 0.250000
vt 0.014612 0.203178
vt 0.014969 0.202000
vt 0.048248 0.298000
vt 0.057833 0.170402
vt 0.054279 1.000000
vt 0.000000 1.000000
vt 0.616663 0.449553
vt 0.798000 0.451752
vt 0.830000 0.441952
vt 0.941952 0.330000
vt 0.985388 0.296822
vt 0.985388 0.203178
vt 0.958000 0.250000
vt 0.954003 0.209421
vt 0.951752 0.202000
vt 0.951752 0.298000
vt 0.883337 0.050447
vt 0.841844 0.028269
vt 0.830000 0.058048
vt 0.922945 0.134441
vt 0.798000 0.014969
vt 0.796822 0.014612
vt 0.514612 0.203178
vt 0.510000 0.250000
vt 0.534346 0.324269
vt 0.979443 0.303074
vt 0.965654 0.175731
vt 0.804486 0.050216
vt 0.696558 0.471731
vt 0.695513 0.449784
vt 0.695937 0.458666
vt 0.942167 0.329598
vt 0.658156 0.028269
vt 0.550447 0.116663
vt 0.702000 0.014969
vt 0.708512 0.046272
vt 0.675195 0.023100
vt 0.557833 0.170402
vt 0.687699 0.052586
vt 0.906250 0.903974
vt 0.468022 0.588327
vt 0.468022 0.911673
vt 0.375000 0.596026
vt 0.125000 0.903974
vt 0.093750 0.596026
vt 0.037194 0.596026
vt 0.833826 0.500000
vt 0.662563 0.750000
vt 0.619048 0.962437
vt 0.587437 1.000000
vt 0.587437 0.994048
vt 0.587437 0.755952
vt 0.625000 0.787563
vt 0.619048 0.787563
vt 0.380952 0.787563
vt 0.412563 0.750000
vt 0.412563 0.755952
vt 0.412563 0.994048
vt 0.375000 0.962437
vt 0.380952 0.962437
vt 0.587437 0.000000
vt 0.413113 0.038113
vt 0.416174 0.250000
vt 0.333826 0.500000
vt 0.162563 0.750000
vt 0.586887 0.711887
vt 0.583826 0.500000
vt 0.619048 0.458826
vt 0.583826 0.494048
vt 0.583826 0.255952
vt 0.625000 0.291174
vt 0.619048 0.291174
vt 0.416174 0.494048
vt 0.375000 0.458826
vt 0.380952 0.458826
vt 0.380952 0.291174
vt 0.416174 0.255952
vt 0.837437 0.500000
vt 0.666174 0.750000
vt 0.619048 0.958826
vt 0.583826 1.000000
vt 0.583826 0.994048
vt 0.583826 0.755952
vt 0.625000 0.791174
vt 0.619048 0.791174
vt 0.380952 0.791174
vt 0.416174 0.755952
vt 0.416174 0.994048
vt 0.375000 0.958826
vt 0.380952 0.958826
vt 0.412563 0.250000
vt 0.337437 0.500000
vt 0.587437 0.500000
vt 0.619048 0.462437
vt 0.587437 0.494048
vt 0.587437 0.255952
vt 0.625000 0.287563
vt 0.619048 0.287563
vt 0.380952 0.287563
vt 0.412563 0.255952
vt 0.412563 0.494048
vt 0.375000 0.462437
vt 0.380952 0.462437
vt 0.666174 0.750000
vt 0.583826 1.000000
vt 0.583826 0.994048
vt 0.416174 0.755952
vt 0.375000 0.958826
vt 0.380952 0.958826
vt 0.337437 0.500000
vt 0.166174 0.750000
vt 0.412563 0.255952
vt 0.662563 0.750000
vt 0.412563 0.755952
vt 0.413113 0.038114
vt 0.333826 0.500000
vt 0.162563 0.750000
vt 0.583826 0.494048
vt 0.416174 0.255952
vt 0.375000 0.458826
vt 0.380952 0.458826
vt 0.662563 0.750000
vt 0.587437 1.000000
vt 0.587437 0.994048
vt 0.587437 0.000000
vt 0.162563 0.750000
vt 0.583826 0.494048
vt 0.666174 0.750000
vt 0.583826 0.755952
vt 0.625000 0.791174
vt 0.619048 0.791174
vt 0.583826 0.000000
vt 0.380952 0.287563
vt 0.587437 0.255952
vt 0.619048 0.287563
vt 0.619048 0.462437
vt 0.962806 0.925000
vt 0.906250 0.575000
vt 0.906250 0.583333
vt 0.906250 0.916667
vt 0.812500 0.916667
vt 0.787194 0.575000
vt 0.712806 0.916667
vt 0.712806 0.583333
vt 0.700652 0.575000
vt 0.712806 0.575000
vt 0.656250 0.916667
vt 0.656250 0.925000
vt 0.562500 0.916667
vt 0.537194 0.583333
vt 0.462807 0.916667
vt 0.406250 0.583333
vt 0.312500 0.916667
vt 0.289699 0.575000
vt 0.287194 0.583333
vt 0.287194 0.575000
vt 0.192590 0.575000
vt 0.212806 0.925000
vt 0.156250 0.925000
vt 0.062500 0.916667
vt 0.037194 0.575000
vt 0.968750 0.575000
vt 0.962806 0.916667
vt 0.875000 0.925000
vt 0.843750 0.583333
vt 0.718750 0.583333
vt 0.691288 0.583333
vt 0.656250 0.925000
vt 0.562500 0.575000
vt 0.462806 0.925000
vt 0.460185 0.925000
vt 0.466228 0.583333
vt 0.315566 0.916667
vt 0.312500 0.916667
vt 0.292388 0.575000
vt 0.191288 0.583333
vt 0.212806 0.575000
vt 0.125000 0.575000
vt 0.037194 0.575000
vt 0.037194 0.583333
vt 0.000000 0.575000
vt 1.000000 0.916667
vt 0.962806 0.575000
vt 0.906250 0.916667
vt 0.906250 0.583333
vt 0.593750 0.916667
vt 0.539815 0.575000
vt 0.537194 0.575000
vt 0.437500 0.916667
vt 0.457612 0.925000
vt 0.442590 0.575000
vt 0.448047 0.583333
vt 0.437500 0.575000
vt 0.406250 0.583333
vt 0.375000 0.916667
vt 0.312849 0.925000
vt 0.315566 0.916667
vt 0.218750 0.583333
vt 0.125000 0.583333
vt 0.033772 0.916667
vt 0.037194 0.925000
vt 0.037194 0.575000
vt 0.080294 0.419706
vt 0.050447 0.383337
vt 0.028269 0.341844
vt 0.296822 0.014612
vt 0.341844 0.028269
vt 0.449553 0.116663
vt 0.471731 0.158156
vt 0.031250 0.500000
vt 0.000000 0.988095
vt 0.971731 0.341844
vt 0.703178 0.014612
vt 0.658156 0.028269
vt 0.616663 0.050447
vt 0.580294 0.080294
vt 0.550447 0.116663
vt 0.514612 0.203178
vt 0.014612 0.203178
vt 0.010000 0.250000
vt 0.028269 0.158156
vt 0.050447 0.116663
vt 0.080294 0.080294
vt 0.116663 0.050447
vt 0.158156 0.028269
vt 0.250000 0.010000
vt 0.471731 0.341844
vt 0.449553 0.383337
vt 0.419706 0.419706
vt 0.658156 0.471731
vt 0.750000 0.490000
vt 0.949553 0.116663
vt 0.841844 0.028269
vt 0.796822 0.014612
vt 0.528269 0.341844
vt 0.550447 0.383337
vt 0.562500 0.000000
vt 0.625000 0.400000
vt 0.275000 0.500000
vt 0.562500 0.900000
vt 0.875000 0.500000
vt 0.375000 0.062500
vt 0.625000 0.850000
vt 0.562500 0.000000
vt 0.625000 0.400000
vt 0.275000 0.500000
vt 0.625000 0.000000
vt 0.375000 0.062500
vt 0.375000 0.000000
vt 0.562500 0.400000
vt 0.275000 0.687500
vt 0.625000 0.000000
vt 0.562500 0.900000
vt 0.375000 0.062500
vt 0.375000 0.062500
vt 0.375000 0.062500
vt 0.375000 0.000000
s 0
usemtl Black
f 1254/1/1 1255/2/1 1251/3/1
f 1278/4/1 1259/5/1 2078/6/1
f 1284/7/1 1275/8/1 2082/9/1
f 1302/10/1 1295/11/1 1301/12/1
f 1339/13/1 1341/14/1 1334/15/1
f 1298/16/1 1289/17/1 1297/18/1
f 1314/19/1 1387/20/1 2088/21/1
f 1338/22/1 1331/23/1 1337/24/1
f 2090/25/1 1355/26/1 1349/27/1
f 1374/28/1 1378/29/1 1372/30/1
f 1389/31/2 1392/32/2 2096/33/2
f 1408/34/2 1412/35/2 1352/36/2
f 1433/37/2 1453/38/2 2101/39/2
f 1523/40/2 1428/41/2 1520/42/2
f 1477/43/2 1490/44/2 1469/45/2
f 1437/46/2 1444/47/2 1438/48/2
f 1524/49/2 1521/50/2 2102/51/2
f 1462/52/2 1463/53/2 1459/54/2
f 1487/55/2 1465/56/2 2111/57/2
f 1506/58/2 1503/59/2 1497/60/2
f 1576/61/3 1572/62/3 1249/63/3
f 1559/64/3 1547/65/3 2112/66/3
f 2115/67/3 1587/68/3 1584/69/3
f 1529/70/3 1528/71/3 1457/72/3
f 2120/73/3 1597/74/3 1602/75/3
f 1563/76/3 1562/77/3 1560/78/3
f 1631/79/3 1627/80/3 1635/81/3
f 1618/82/3 1619/83/3 1621/84/3
f 1640/85/3 1664/86/3 2123/87/3
f 1653/88/3 1661/89/3 1656/90/3
f 2129/91/4 1735/92/4 1736/93/4
f 1773/94/4 1779/95/4 2132/96/4
f 1788/97/4 1789/98/4 1516/99/4
f 1744/100/4 1747/101/4 1611/102/4
f 1671/103/4 1757/104/4 2135/105/4
f 1765/106/4 1766/107/4 1804/108/4
f 1701/109/4 1714/110/4 1721/111/4
f 1692/112/4 1682/113/4 1686/114/4
f 2139/115/4 1725/116/4 1704/117/4
f 1732/118/4 1733/119/4 1728/120/4
f 1844/121/5 1872/122/5 2145/123/5
f 1805/124/5 1808/125/5 2149/126/5
f 1822/127/5 1828/128/5 1373/129/5
f 1879/130/5 1880/131/5 1439/132/5
f 2153/133/5 1894/134/5 1883/135/5
f 1945/136/5 1941/137/5 2154/138/5
f 1930/139/5 1923/140/5 1727/141/5
f 1824/142/5 1830/143/5 1825/144/5
f 1913/145/5 1918/146/5 1914/147/5
f 1860/148/5 1859/149/5 1855/150/5
f 2158/151/6 1962/152/6 1961/153/6
f 1992/154/6 1987/155/6 1298/156/6
f 2007/157/6 2006/158/6 2161/159/6
f 2014/160/6 2016/161/6 2164/162/6
f 1949/163/6 1952/164/6 1655/165/6
f 2031/166/6 2033/167/6 1698/168/6
f 2168/169/6 2066/170/6 2067/171/6
f 2062/172/6 2063/173/6 1856/174/6
f 2034/175/6 2040/176/6 2037/177/6
f 1989/178/6 1983/179/6 1993/180/6
f 1255/2/1 1257/1645/1 1251/3/1
f 1251/3/1 1249/1646/1 1254/1/1
f 1249/1646/1 1252/1647/1 1253/1648/1
f 1249/1646/1 1253/1648/1 1254/1/1
f 1260/1649/1 1261/1650/1 1248/1651/1
f 1248/1651/1 2075/1652/1 2078/6/1
f 2078/6/1 2074/1653/1 2076/1654/1
f 2076/1654/1 2077/1655/1 1327/1656/1
f 1327/1656/1 1328/1657/1 1325/1658/1
f 1327/1656/1 1325/1658/1 2076/1654/1
f 1325/1658/1 1323/1659/1 2076/1654/1
f 2078/6/1 2076/1654/1 1278/4/1
f 1260/1649/1 1248/1651/1 2078/6/1
f 1259/5/1 1260/1649/1 2078/6/1
f 2076/1654/1 1323/1659/1 1278/4/1
f 2082/9/1 2083/1660/1 2080/1661/1
f 2080/1661/1 2079/1662/1 1250/1663/1
f 1250/1663/1 1258/1664/1 1264/1665/1
f 1250/1663/1 1264/1665/1 2080/1661/1
f 1264/1665/1 1265/1666/1 2080/1661/1
f 2082/9/1 2080/1661/1 1284/7/1
f 1284/7/1 2080/1661/1 1265/1666/1
f 1300/209/1 2081/1667/1 2082/9/1
f 1288/1668/1 1286/1669/1 1300/209/1
f 1275/8/1 1288/1668/1 2082/9/1
f 1288/1668/1 1300/209/1 2082/9/1
f 1294/1670/1 1291/1671/1 1293/1672/1
f 1291/1671/1 1287/1673/1 1299/1674/1
f 1287/1673/1 1274/1675/1 1299/1674/1
f 1274/1675/1 1273/1676/1 1285/1677/1
f 1299/1674/1 1274/1675/1 1285/1677/1
f 1273/1676/1 1321/1678/1 1285/1677/1
f 1291/1671/1 1299/1674/1 1293/1672/1
f 1296/1679/1 1292/1680/1 1295/11/1
f 1292/1680/1 1294/1670/1 1293/1672/1
f 1295/11/1 1292/1680/1 1293/1672/1
f 1304/1681/1 1302/10/1 1301/12/1
f 1302/10/1 1296/1679/1 1295/11/1
f 1306/1682/1 1308/1683/1 1307/1684/1
f 1308/1683/1 1304/1681/1 1301/12/1
f 1315/1685/1 1312/1686/1 1317/1687/1
f 1312/1686/1 1306/1682/1 1307/1684/1
f 1317/1687/1 1316/1688/1 1315/1685/1
f 1307/1684/1 1317/1687/1 1312/1686/1
f 1308/1683/1 1301/12/1 1307/1684/1
f 1272/1689/1 1321/1678/1 1283/1690/1
f 1321/1678/1 1273/1676/1 1283/1690/1
f 1283/1690/1 1270/1691/1 1272/1689/1
f 1270/1691/1 1268/1692/1 1277/1693/1
f 1268/1692/1 1256/1694/1 1282/1695/1
f 1256/1694/1 1263/1696/1 1281/1697/1
f 1263/1696/1 1262/1698/1 1281/1697/1
f 1262/1698/1 1267/1699/1 1271/1700/1
f 1267/1699/1 1266/1701/1 1276/1702/1
f 1271/1700/1 1267/1699/1 1276/1702/1
f 1269/1703/1 1279/1704/1 1320/1705/1
f 1279/1704/1 1324/1706/1 1320/1705/1
f 1320/1705/1 1324/1706/1 1326/1707/1
f 1324/1706/1 1322/1708/1 1326/1707/1
f 1322/1708/1 1329/1709/1 1326/1707/1
f 1329/1709/1 1336/1710/1 1330/1711/1
f 1336/1710/1 1335/1712/1 1334/15/1
f 1330/1711/1 1336/1710/1 1334/15/1
f 1335/1712/1 1333/1713/1 1334/15/1
f 1333/1713/1 1339/13/1 1334/15/1
f 1339/13/1 1342/1714/1 1340/1715/1
f 1342/1714/1 1344/1716/1 1340/1715/1
f 1344/1716/1 1345/1717/1 1340/1715/1
f 1345/1717/1 1348/1718/1 1347/1719/1
f 1348/1718/1 1356/1720/1 1351/1721/1
f 1356/1720/1 1357/1722/1 1351/1721/1
f 1357/1722/1 1358/1723/1 1388/1724/1
f 1358/1723/1 1364/1725/1 1388/1724/1
f 1363/1726/1 1384/1727/1 1366/1728/1
f 1384/1727/1 1385/1729/1 1366/1728/1
f 1385/1729/1 1370/1730/1 1362/1731/1
f 1370/1730/1 1368/1732/1 1362/1731/1
f 1368/1732/1 1369/1733/1 1367/1734/1
f 1369/1733/1 1313/1735/1 1360/1736/1
f 1367/1734/1 1369/1733/1 1360/1736/1
f 1313/1735/1 1315/1685/1 1316/1688/1
f 1313/1735/1 1316/1688/1 1360/1736/1
f 1362/1731/1 1368/1732/1 1367/1734/1
f 1364/1725/1 1363/1726/1 1359/1737/1
f 1345/1717/1 1347/1719/1 1340/1715/1
f 1266/1701/1 1269/1703/1 1280/1738/1
f 1268/1692/1 1282/1695/1 1277/1693/1
f 1277/1693/1 1272/1689/1 1270/1691/1
f 1256/1694/1 1281/1697/1 1282/1695/1
f 1281/1697/1 1262/1698/1 1271/1700/1
f 1326/1707/1 1329/1709/1 1330/1711/1
f 1357/1722/1 1388/1724/1 1351/1721/1
f 1363/1726/1 1366/1728/1 1359/1737/1
f 1385/1729/1 1362/1731/1 1361/1739/1
f 1385/1729/1 1361/1739/1 1366/1728/1
f 1276/1702/1 1266/1701/1 1280/1738/1
f 1364/1725/1 1359/1737/1 1354/1740/1
f 1364/1725/1 1354/1740/1 1388/1724/1
f 1320/1705/1 1280/1738/1 1269/1703/1
f 1348/1718/1 1351/1721/1 1347/1719/1
f 1339/13/1 1340/1715/1 1341/14/1
f 1305/1741/1 1319/1742/1 1303/1743/1
f 1319/1742/1 1298/16/1 1297/18/1
f 1303/1743/1 1319/1742/1 1297/18/1
f 1298/16/1 1290/1744/1 1289/17/1
f 2088/21/1 2087/1745/1 2085/1746/1
f 2085/1746/1 2084/1747/1 1318/217/1
f 1318/217/1 1310/1748/1 1309/1749/1
f 1318/217/1 1309/1749/1 2085/1746/1
f 1309/1749/1 1311/1750/1 2085/1746/1
f 2088/21/1 2085/1746/1 1314/19/1
f 1314/19/1 2085/1746/1 1311/1750/1
f 1375/1751/1 2086/1752/1 2088/21/1
f 1386/1753/1 1381/1754/1 1375/1751/1
f 1387/20/1 1386/1753/1 2088/21/1
f 1386/1753/1 1375/1751/1 2088/21/1
f 1331/23/1 1332/1755/1 1337/24/1
f 1337/24/1 1352/1756/1 1338/22/1
f 1352/1756/1 1346/1757/1 1343/1758/1
f 1352/1756/1 1343/1758/1 1338/22/1
f 2091/1759/1 2092/1760/1 1371/1761/1
f 1371/1761/1 1377/1762/1 1383/1763/1
f 1371/1761/1 1383/1763/1 2091/1759/1
f 1383/1763/1 1382/1764/1 2091/1759/1
f 2090/25/1 2093/1765/1 2091/1759/1
f 2091/1759/1 1382/1764/1 1365/1766/1
f 1353/1767/1 2089/1768/1 2090/25/1
f 2090/25/1 2091/1759/1 1365/1766/1
f 2090/25/1 1365/1766/1 1355/26/1
f 1350/1769/1 1353/1767/1 1349/27/1
f 1353/1767/1 2090/25/1 1349/27/1
f 1378/29/1 1376/1770/1 1372/30/1
f 1372/30/1 1373/129/1 1374/28/1
f 1373/129/1 1380/1771/1 1379/1772/1
f 1373/129/1 1379/1772/1 1374/28/1
f 2096/33/2 2097/1773/2 2094/1774/2
f 2094/1774/2 2095/1775/2 1458/243/2
f 1458/243/2 1471/1776/2 1472/1777/2
f 1458/243/2 1472/1777/2 2094/1774/2
f 1472/1777/2 1473/1778/2 2094/1774/2
f 2096/33/2 2094/1774/2 1389/31/2
f 1389/31/2 2094/1774/2 1473/1778/2
f 1327/1779/2 2077/1780/2 2096/33/2
f 1403/1781/2 1404/1782/2 1327/1779/2
f 1392/32/2 1403/1781/2 2096/33/2
f 1403/1781/2 1327/1779/2 2096/33/2
f 1412/35/2 1417/1783/2 1352/36/2
f 1352/36/2 1337/1784/2 1408/34/2
f 1337/1784/2 1398/1785/2 1402/1786/2
f 1337/1784/2 1402/1786/2 1408/34/2
f 2101/39/2 2100/1787/2 2098/1788/2
f 2098/1788/2 2089/1789/2 1353/1790/2
f 1353/1790/2 1414/1791/2 1455/1792/2
f 1353/1790/2 1455/1792/2 2098/1788/2
f 1455/1792/2 1423/1793/2 2098/1788/2
f 2101/39/2 2098/1788/2 1433/37/2
f 1433/37/2 2098/1788/2 1423/1793/2
f 1446/1794/2 2099/1795/2 2101/39/2
f 1435/1796/2 1447/1797/2 1446/1794/2
f 1453/38/2 1435/1796/2 2101/39/2
f 1435/1796/2 1446/1794/2 2101/39/2
f 1431/1798/2 1432/1799/2 1420/1800/2
f 1432/1799/2 1421/1801/2 1418/1802/2
f 1420/1800/2 1432/1799/2 1418/1802/2
f 1420/1800/2 1430/1803/2 1431/1798/2
f 1436/1804/2 1431/1798/2 1430/1803/2
f 1452/1805/2 1434/1806/2 1424/1807/2
f 1434/1806/2 1436/1804/2 1426/1808/2
f 1424/1807/2 1434/1806/2 1426/1808/2
f 1450/1809/2 1451/1810/2 1425/1811/2
f 1451/1810/2 1452/1805/2 1425/1811/2
f 1525/1812/2 1427/1813/2 1419/1814/2
f 1427/1813/2 1450/1809/2 1419/1814/2
f 1514/1815/2 1522/1816/2 1515/1817/2
f 1522/1816/2 1523/40/2 1520/42/2
f 1515/1817/2 1522/1816/2 1520/42/2
f 1523/40/2 1525/1812/2 1428/41/2
f 1425/1811/2 1452/1805/2 1424/1807/2
f 1436/1804/2 1430/1803/2 1426/1808/2
f 1525/1812/2 1419/1814/2 1428/41/2
f 1512/1818/2 1514/1815/2 1515/1817/2
f 1512/1818/2 1515/1817/2 1509/1819/2
f 1508/1820/2 1511/1821/2 1509/1819/2
f 1511/1821/2 1512/1818/2 1509/1819/2
f 1502/1822/2 1505/1823/2 1507/1824/2
f 1505/1823/2 1508/1820/2 1507/1824/2
f 1499/1825/2 1501/1826/2 1504/1827/2
f 1501/1826/2 1502/1822/2 1504/1827/2
f 1479/1828/2 1495/1829/2 1496/1830/2
f 1495/1829/2 1499/1825/2 1496/1830/2
f 1483/1831/2 1482/1832/2 1498/1833/2
f 1482/1832/2 1479/1828/2 1498/1833/2
f 1496/1830/2 1499/1825/2 1504/1827/2
f 1507/1824/2 1508/1820/2 1509/1819/2
f 1498/1833/2 1479/1828/2 1496/1830/2
f 1450/1809/2 1425/1811/2 1429/1834/2
f 1450/1809/2 1429/1834/2 1419/1814/2
f 1507/1824/2 1504/1827/2 1502/1822/2
f 1416/1835/2 1411/1836/2 1410/1837/2
f 1411/1836/2 1409/1838/2 1410/1837/2
f 1409/1838/2 1407/1839/2 1406/1840/2
f 1407/1839/2 1401/1841/2 1406/1840/2
f 1401/1841/2 1400/1842/2 1405/1843/2
f 1400/1842/2 1399/1844/2 1405/1843/2
f 1399/1844/2 1397/1845/2 1396/1846/2
f 1397/1845/2 1394/1847/2 1396/1846/2
f 1391/1848/2 1390/1849/2 1395/1850/2
f 1390/1849/2 1491/1851/2 1481/1852/2
f 1394/1847/2 1391/1848/2 1393/1853/2
f 1396/1846/2 1394/1847/2 1393/1853/2
f 1406/1840/2 1401/1841/2 1405/1843/2
f 1415/1854/2 1416/1835/2 1413/1855/2
f 1421/1801/2 1422/1856/2 1454/1857/2
f 1422/1856/2 1415/1854/2 1413/1855/2
f 1454/1857/2 1418/1802/2 1421/1801/2
f 1413/1855/2 1454/1857/2 1422/1856/2
f 1416/1835/2 1410/1837/2 1413/1855/2
f 1390/1849/2 1481/1852/2 1395/1850/2
f 1491/1851/2 1476/1858/2 1486/1859/2
f 1476/1858/2 1470/1860/2 1486/1859/2
f 1470/1860/2 1469/45/2 1490/44/2
f 1486/1859/2 1470/1860/2 1490/44/2
f 1469/45/2 1468/1861/2 1489/1862/2
f 1468/1861/2 1475/1863/2 1489/1862/2
f 1475/1863/2 1474/1864/2 1485/1865/2
f 1489/1862/2 1475/1863/2 1485/1865/2
f 1491/1851/2 1486/1859/2 1481/1852/2
f 1406/1840/2 1410/1837/2 1409/1838/2
f 1474/1864/2 1488/1866/2 1480/1867/2
f 1488/1866/2 1484/1868/2 1480/1867/2
f 1484/1868/2 1482/1832/2 1483/1831/2
f 1484/1868/2 1483/1831/2 1480/1867/2
f 1405/1843/2 1399/1844/2 1396/1846/2
f 1474/1864/2 1480/1867/2 1485/1865/2
f 1489/1862/2 1477/43/2 1469/45/2
f 1395/1850/2 1393/1853/2 1391/1848/2
f 1444/47/2 1443/1869/2 1438/48/2
f 1438/48/2 1439/132/2 1437/46/2
f 1439/132/2 1445/1870/2 1440/1871/2
f 1439/132/2 1440/1871/2 1437/46/2
f 1518/1872/2 1519/1873/2 1517/1874/2
f 1517/1874/2 2103/1875/2 2102/51/2
f 2102/51/2 2106/1876/2 2104/1877/2
f 2104/1877/2 2105/1878/2 1442/1879/2
f 1442/1879/2 1441/1880/2 1449/1881/2
f 1442/1879/2 1449/1881/2 2104/1877/2
f 1449/1881/2 1448/1882/2 2104/1877/2
f 2102/51/2 2104/1877/2 1524/49/2
f 1518/1872/2 1517/1874/2 2102/51/2
f 1521/50/2 1518/1872/2 2102/51/2
f 2104/1877/2 1448/1882/2 1524/49/2
f 1463/53/2 1464/1883/2 1459/54/2
f 1459/54/2 1457/1884/2 1462/52/2
f 1457/1884/2 1460/1885/2 1461/1886/2
f 1457/1884/2 1461/1886/2 1462/52/2
f 1466/1887/2 1467/1888/2 1456/251/2
f 1456/251/2 2107/1889/2 2111/57/2
f 2111/57/2 2108/1890/2 2109/1891/2
f 2109/1891/2 2110/1892/2 1492/1893/2
f 1492/1893/2 1493/1894/2 1494/1895/2
f 1492/1893/2 1494/1895/2 2109/1891/2
f 1494/1895/2 1478/1896/2 2109/1891/2
f 2111/57/2 2109/1891/2 1487/55/2
f 1466/1887/2 1456/251/2 2111/57/2
f 1465/56/2 1466/1887/2 2111/57/2
f 2109/1891/2 1478/1896/2 1487/55/2
f 1503/59/2 1500/1897/2 1497/60/2
f 1497/60/2 1516/1898/2 1506/58/2
f 1516/1898/2 1513/1899/2 1510/1900/2
f 1516/1898/2 1510/1900/2 1506/58/2
f 1572/62/3 1570/1901/3 1249/63/3
f 1249/63/3 1251/1902/3 1576/61/3
f 1251/1902/3 1583/1903/3 1581/1904/3
f 1251/1902/3 1581/1904/3 1576/61/3
f 1542/1905/3 1541/1906/3 1458/1907/3
f 1458/1907/3 2095/1908/3 2112/66/3
f 2112/66/3 2113/1909/3 2114/1910/3
f 2114/1910/3 2075/1911/3 1248/1912/3
f 1248/1912/3 1565/1913/3 1568/1914/3
f 1248/1912/3 1568/1914/3 2114/1910/3
f 1568/1914/3 1561/1915/3 2114/1910/3
f 2112/66/3 2114/1910/3 1559/64/3
f 1542/1905/3 1458/1907/3 2112/66/3
f 1547/65/3 1542/1905/3 2112/66/3
f 2114/1910/3 1561/1915/3 1559/64/3
f 2116/1916/3 2117/1917/3 1657/1918/3
f 1657/1918/3 1663/1919/3 1667/1920/3
f 1657/1918/3 1667/1920/3 2116/1916/3
f 1667/1920/3 1644/1921/3 2116/1916/3
f 2115/67/3 2118/1922/3 2116/1916/3
f 2116/1916/3 1644/1921/3 1589/1923/3
f 1250/1924/3 2079/1925/3 2115/67/3
f 2115/67/3 2116/1916/3 1589/1923/3
f 2115/67/3 1589/1923/3 1587/68/3
f 1585/1926/3 1250/1924/3 1584/69/3
f 1250/1924/3 2115/67/3 1584/69/3
f 1528/71/3 1527/1927/3 1457/72/3
f 1457/72/3 1459/1928/3 1529/70/3
f 1459/1928/3 1531/1929/3 1530/1930/3
f 1459/1928/3 1530/1930/3 1529/70/3
f 2121/1931/3 2107/1932/3 1456/1933/3
f 1456/1933/3 1526/1934/3 1533/1935/3
f 1456/1933/3 1533/1935/3 2121/1931/3
f 1533/1935/3 1545/1936/3 2121/1931/3
f 2120/73/3 2122/1937/3 2121/1931/3
f 2121/1931/3 1545/1936/3 1595/1938/3
f 1600/1939/3 2119/1940/3 2120/73/3
f 2120/73/3 2121/1931/3 1595/1938/3
f 2120/73/3 1595/1938/3 1597/74/3
f 1601/1941/3 1600/1939/3 1602/75/3
f 1600/1939/3 2120/73/3 1602/75/3
f 1555/1942/3 1594/1943/3 1554/1944/3
f 1554/1944/3 1544/1945/3 1555/1942/3
f 1544/1945/3 1543/1946/3 1552/1947/3
f 1534/1948/3 1532/1949/3 1550/1950/3
f 1532/1949/3 1535/1951/3 1550/1950/3
f 1544/1945/3 1552/1947/3 1555/1942/3
f 1543/1946/3 1534/1948/3 1552/1947/3
f 1550/1950/3 1552/1947/3 1534/1948/3
f 1535/1951/3 1536/1952/3 1549/1953/3
f 1536/1952/3 1537/1954/3 1549/1953/3
f 1537/1954/3 1538/1955/3 1551/1956/3
f 1538/1955/3 1539/1957/3 1551/1956/3
f 1539/1957/3 1540/1958/3 1551/1956/3
f 1540/1958/3 1556/1959/3 1553/1960/3
f 1551/1956/3 1540/1958/3 1553/1960/3
f 1556/1959/3 1546/1961/3 1553/1960/3
f 1546/1961/3 1548/1962/3 1557/1963/3
f 1553/1960/3 1546/1961/3 1557/1963/3
f 1548/1962/3 1558/1964/3 1562/77/3
f 1558/1964/3 1560/78/3 1562/77/3
f 1560/78/3 1564/1965/3 1563/76/3
f 1564/1965/3 1567/1966/3 1566/1967/3
f 1567/1966/3 1569/1968/3 1566/1967/3
f 1569/1968/3 1571/1969/3 1573/1970/3
f 1571/1969/3 1574/1971/3 1575/1972/3
f 1574/1971/3 1578/1973/3 1575/1972/3
f 1578/1973/3 1580/1974/3 1577/1975/3
f 1580/1974/3 1579/1976/3 1577/1975/3
f 1579/1976/3 1593/1977/3 1582/1978/3
f 1593/1977/3 1588/1979/3 1592/1980/3
f 1588/1979/3 1586/1981/3 1592/1980/3
f 1586/1981/3 1590/1982/3 1591/1983/3
f 1592/1980/3 1586/1981/3 1591/1983/3
f 1590/1982/3 1648/1984/3 1591/1983/3
f 1593/1977/3 1592/1980/3 1582/1978/3
f 1575/1972/3 1578/1973/3 1577/1975/3
f 1564/1965/3 1566/1967/3 1563/76/3
f 1569/1968/3 1573/1970/3 1566/1967/3
f 1537/1954/3 1551/1956/3 1549/1953/3
f 1550/1950/3 1535/1951/3 1549/1953/3
f 1579/1976/3 1582/1978/3 1577/1975/3
f 1557/1963/3 1548/1962/3 1562/77/3
f 1571/1969/3 1575/1972/3 1573/1970/3
f 1647/1985/3 1591/1983/3 1648/1984/3
f 1648/1984/3 1643/1986/3 1647/1985/3
f 1643/1986/3 1646/1987/3 1632/1988/3
f 1666/1989/3 1652/1990/3 1638/1991/3
f 1652/1990/3 1649/1992/3 1638/1991/3
f 1643/1986/3 1632/1988/3 1647/1985/3
f 1646/1987/3 1666/1989/3 1632/1988/3
f 1638/1991/3 1632/1988/3 1666/1989/3
f 1649/1992/3 1651/1993/3 1633/1994/3
f 1651/1993/3 1650/1995/3 1634/1996/3
f 1633/1994/3 1651/1993/3 1634/1996/3
f 1650/1995/3 1665/1997/3 1634/1996/3
f 1665/1997/3 1642/1998/3 1637/1999/3
f 1634/1996/3 1665/1997/3 1637/1999/3
f 1642/1998/3 1641/2000/3 1637/1999/3
f 1641/2000/3 1639/2001/3 1669/2002/3
f 1637/1999/3 1641/2000/3 1669/2002/3
f 1639/2001/3 1636/2003/3 1627/80/3
f 1636/2003/3 1635/81/3 1627/80/3
f 1635/81/3 1630/2004/3 1631/79/3
f 1630/2004/3 1625/2005/3 1624/2006/3
f 1625/2005/3 1623/2007/3 1624/2006/3
f 1623/2007/3 1620/2008/3 1615/2009/3
f 1620/2008/3 1616/2010/3 1617/2011/3
f 1616/2010/3 1614/2012/3 1617/2011/3
f 1613/2013/3 1605/2014/3 1608/2015/3
f 1605/2014/3 1607/2016/3 1608/2015/3
f 1614/2012/3 1613/2013/3 1617/2011/3
f 1630/2004/3 1624/2006/3 1631/79/3
f 1623/2007/3 1615/2009/3 1624/2006/3
f 1633/1994/3 1638/1991/3 1649/1992/3
f 1607/2016/3 1609/2017/3 1608/2015/3
f 1609/2017/3 1612/2018/3 1604/2019/3
f 1612/2018/3 1598/2020/3 1603/2021/3
f 1598/2020/3 1599/2022/3 1603/2021/3
f 1599/2022/3 1596/2023/3 1594/1943/3
f 1603/2021/3 1599/2022/3 1594/1943/3
f 1596/2023/3 1554/1944/3 1594/1943/3
f 1612/2018/3 1603/2021/3 1604/2019/3
f 1620/2008/3 1617/2011/3 1615/2009/3
f 1617/2011/3 1613/2013/3 1608/2015/3
f 1669/2002/3 1639/2001/3 1627/80/3
f 1609/2017/3 1604/2019/3 1608/2015/3
f 1621/84/3 1611/2024/3 1618/82/3
f 1611/2024/3 1610/2025/3 1606/2026/3
f 1611/2024/3 1606/2026/3 1618/82/3
f 1619/83/3 1622/2027/3 1621/84/3
f 2126/2028/3 1629/2029/3 2125/2030/3
f 1629/2029/3 1626/2031/3 1628/2032/3
f 1629/2029/3 1628/2032/3 2125/2030/3
f 2123/87/3 2127/2033/3 2125/2030/3
f 2125/2030/3 1628/2032/3 1668/2034/3
f 1654/2035/3 2124/2036/3 2123/87/3
f 2123/87/3 2125/2030/3 1645/2037/3
f 2125/2030/3 1668/2034/3 1645/2037/3
f 1659/2038/3 1654/2035/3 1664/86/3
f 1654/2035/3 2123/87/3 1664/86/3
f 2123/87/3 1645/2037/3 1640/85/3
f 1661/89/3 1662/2039/3 1656/90/3
f 1656/90/3 1655/165/3 1653/88/3
f 1655/165/3 1658/2040/3 1660/2041/3
f 1655/165/3 1660/2041/3 1653/88/3
f 2128/2042/4 2103/2043/4 1517/2044/4
f 1517/2044/4 1797/2045/4 1799/2046/4
f 1517/2044/4 1799/2046/4 2128/2042/4
f 1799/2046/4 1801/2047/4 2128/2042/4
f 2129/91/4 2131/2048/4 2128/2042/4
f 2128/2042/4 1801/2047/4 1716/2049/4
f 1726/2050/4 2130/2051/4 2129/91/4
f 2129/91/4 2128/2042/4 1716/2049/4
f 2129/91/4 1716/2049/4 1735/92/4
f 1737/2052/4 1726/2050/4 1736/93/4
f 1726/2050/4 2129/91/4 1736/93/4
f 2119/2053/4 1600/2054/4 2133/2055/4
f 1600/2054/4 1745/2056/4 1753/2057/4
f 1600/2054/4 1753/2057/4 2133/2055/4
f 2132/96/4 2134/2058/4 2133/2055/4
f 2133/2055/4 1753/2057/4 1752/2059/4
f 1492/2060/4 2110/2061/4 2132/96/4
f 2132/96/4 2133/2055/4 1768/2062/4
f 2133/2055/4 1752/2059/4 1768/2062/4
f 1777/2063/4 1492/2060/4 1779/95/4
f 1492/2060/4 2132/96/4 1779/95/4
f 2132/96/4 1768/2062/4 1773/94/4
f 1789/98/4 1795/2064/4 1516/99/4
f 1516/99/4 1497/2065/4 1788/97/4
f 1497/2065/4 1780/2066/4 1781/2067/4
f 1497/2065/4 1781/2067/4 1788/97/4
f 1747/101/4 1746/2068/4 1611/102/4
f 1611/102/4 1621/2069/4 1744/100/4
f 1621/2069/4 1749/2070/4 1748/2071/4
f 1621/2069/4 1748/2071/4 1744/100/4
f 1756/2072/4 1750/2073/4 1629/2074/4
f 1629/2074/4 2126/2075/4 2135/105/4
f 2135/105/4 2138/2076/4 2137/2077/4
f 2137/2077/4 2136/2078/4 1679/282/4
f 1679/282/4 1675/2079/4 1676/2080/4
f 1679/282/4 1676/2080/4 2137/2077/4
f 1676/2080/4 1672/2081/4 2137/2077/4
f 2135/105/4 2137/2077/4 1671/103/4
f 1756/2072/4 1629/2074/4 2135/105/4
f 1757/104/4 1756/2072/4 2135/105/4
f 2137/2077/4 1672/2081/4 1671/103/4
f 1790/2082/4 1786/2083/4 1787/2084/4
f 1786/2083/4 1782/2085/4 1787/2084/4
f 1783/2086/4 1784/2087/4 1785/2088/4
f 1784/2087/4 1776/2089/4 1778/2090/4
f 1782/2085/4 1783/2086/4 1785/2088/4
f 1787/2084/4 1782/2085/4 1785/2088/4
f 1793/2091/4 1796/2092/4 1794/2093/4
f 1796/2092/4 1792/2094/4 1791/2095/4
f 1792/2094/4 1790/2082/4 1791/2095/4
f 1784/2087/4 1778/2090/4 1785/2088/4
f 1776/2089/4 1775/2096/4 1778/2090/4
f 1775/2096/4 1763/2097/4 1774/2098/4
f 1763/2097/4 1765/106/4 1804/108/4
f 1774/2098/4 1763/2097/4 1804/108/4
f 1765/106/4 1761/2099/4 1766/107/4
f 1761/2099/4 1758/2100/4 1762/2101/4
f 1751/2102/4 1754/2103/4 1760/2104/4
f 1754/2103/4 1755/2105/4 1760/2104/4
f 1771/2106/4 1759/2107/4 1767/2108/4
f 1759/2107/4 1772/2109/4 1767/2108/4
f 1772/2109/4 1670/2110/4 1764/2111/4
f 1670/2110/4 1674/2112/4 1677/2113/4
f 1764/2111/4 1670/2110/4 1677/2113/4
f 1764/2111/4 1767/2108/4 1772/2109/4
f 1755/2105/4 1771/2106/4 1770/2114/4
f 1760/2104/4 1755/2105/4 1770/2114/4
f 1761/2099/4 1762/2101/4 1766/107/4
f 1758/2100/4 1751/2102/4 1769/2115/4
f 1778/2090/4 1775/2096/4 1774/2098/4
f 1796/2092/4 1791/2095/4 1794/2093/4
f 1790/2082/4 1787/2084/4 1791/2095/4
f 1794/2093/4 1800/2116/4 1793/2091/4
f 1758/2100/4 1769/2115/4 1762/2101/4
f 1769/2115/4 1751/2102/4 1760/2104/4
f 1771/2106/4 1767/2108/4 1770/2114/4
f 1802/2117/4 1800/2116/4 1798/2118/4
f 1800/2116/4 1794/2093/4 1798/2118/4
f 1715/2119/4 1803/2120/4 1707/2121/4
f 1803/2120/4 1802/2117/4 1798/2118/4
f 1713/2122/4 1717/2123/4 1708/2124/4
f 1717/2123/4 1715/2119/4 1708/2124/4
f 1718/2125/4 1713/2122/4 1711/2126/4
f 1803/2120/4 1798/2118/4 1707/2121/4
f 1738/2127/4 1718/2125/4 1709/2128/4
f 1713/2122/4 1708/2124/4 1711/2126/4
f 1740/2129/4 1739/2130/4 1719/2131/4
f 1739/2130/4 1738/2127/4 1709/2128/4
f 1714/110/4 1720/2132/4 1721/111/4
f 1720/2132/4 1740/2129/4 1712/2133/4
f 1721/111/4 1720/2132/4 1712/2133/4
f 1724/2134/4 1722/2135/4 1701/109/4
f 1722/2135/4 1714/110/4 1701/109/4
f 1724/2134/4 1701/109/4 1703/2136/4
f 1700/2137/4 1702/2138/4 1703/2136/4
f 1702/2138/4 1724/2134/4 1703/2136/4
f 1697/2139/4 1695/2140/4 1691/2141/4
f 1695/2140/4 1700/2137/4 1705/2142/4
f 1690/2143/4 1694/2144/4 1689/2145/4
f 1694/2144/4 1697/2139/4 1691/2141/4
f 1689/2145/4 1694/2144/4 1691/2141/4
f 1685/2146/4 1683/2147/4 1684/2148/4
f 1683/2147/4 1690/2143/4 1689/2145/4
f 1681/2149/4 1687/2150/4 1680/2151/4
f 1687/2150/4 1685/2146/4 1684/2148/4
f 1674/2112/4 1673/2152/4 1678/2153/4
f 1673/2152/4 1681/2149/4 1680/2151/4
f 1678/2153/4 1677/2113/4 1674/2112/4
f 1680/2151/4 1678/2153/4 1673/2152/4
f 1687/2150/4 1684/2148/4 1680/2151/4
f 1683/2147/4 1689/2145/4 1684/2148/4
f 1695/2140/4 1705/2142/4 1691/2141/4
f 1739/2130/4 1709/2128/4 1719/2131/4
f 1718/2125/4 1711/2126/4 1709/2128/4
f 1715/2119/4 1707/2121/4 1708/2124/4
f 1700/2137/4 1703/2136/4 1705/2142/4
f 1740/2129/4 1719/2131/4 1710/2154/4
f 1740/2129/4 1710/2154/4 1712/2133/4
f 1686/114/4 1698/2155/4 1692/112/4
f 1698/2155/4 1696/2156/4 1693/2157/4
f 1698/2155/4 1693/2157/4 1692/112/4
f 1682/113/4 1688/2158/4 1686/114/4
f 2141/2159/4 2142/2160/4 1729/2161/4
f 1729/2161/4 1741/2162/4 1742/2163/4
f 1729/2161/4 1742/2163/4 2141/2159/4
f 1742/2163/4 1743/2164/4 2141/2159/4
f 2139/115/4 2143/2165/4 2141/2159/4
f 2141/2159/4 1743/2164/4 1723/2166/4
f 1706/274/4 2140/2167/4 2139/115/4
f 2139/115/4 2141/2159/4 1723/2166/4
f 2139/115/4 1723/2166/4 1725/116/4
f 1699/2168/4 1706/274/4 1704/117/4
f 1706/274/4 2139/115/4 1704/117/4
f 1733/119/4 1734/2169/4 1728/120/4
f 1728/120/4 1727/141/4 1732/118/4
f 1727/141/4 1730/2170/4 1731/2171/4
f 1727/141/4 1731/2171/4 1732/118/4
f 2145/123/5 2147/2172/5 2144/2173/5
f 2144/2173/5 2086/1752/5 1375/1751/5
f 1375/1751/5 1832/2174/5 1836/2175/5
f 1375/1751/5 1836/2175/5 2144/2173/5
f 1836/2175/5 1873/2176/5 2144/2173/5
f 2145/123/5 2144/2173/5 1844/121/5
f 1844/121/5 2144/2173/5 1873/2176/5
f 1857/241/5 2146/2177/5 2145/123/5
f 1871/2178/5 1863/2179/5 1857/241/5
f 1872/122/5 1871/2178/5 2145/123/5
f 1871/2178/5 1857/241/5 2145/123/5
f 2149/126/5 2150/2180/5 2148/2181/5
f 2148/2181/5 2099/1795/5 1446/1794/5
f 1446/1794/5 1892/2182/5 1893/2183/5
f 1446/1794/5 1893/2183/5 2148/2181/5
f 1893/2183/5 1898/2184/5 2148/2181/5
f 2149/126/5 2148/2181/5 1805/124/5
f 1805/124/5 2148/2181/5 1898/2184/5
f 1371/1761/5 2092/1760/5 2149/126/5
f 1820/2185/5 1821/2186/5 1371/1761/5
f 1808/125/5 1820/2185/5 2149/126/5
f 1820/2185/5 1371/1761/5 2149/126/5
f 1828/128/5 1827/2187/5 1373/129/5
f 1373/129/5 1372/30/5 1822/127/5
f 1372/30/5 1819/2188/5 1815/2189/5
f 1372/30/5 1815/2189/5 1822/127/5
f 1880/131/5 1881/2190/5 1439/132/5
f 1439/132/5 1438/48/5 1879/130/5
f 1438/48/5 1877/2191/5 1878/2192/5
f 1438/48/5 1878/2192/5 1879/130/5
f 2152/2193/5 2130/2051/5 1726/2050/5
f 1726/2050/5 1916/2194/5 1915/2195/5
f 1726/2050/5 1915/2195/5 2152/2193/5
f 1915/2195/5 1912/2196/5 2152/2193/5
f 2153/133/5 2151/2197/5 2152/2193/5
f 2152/2193/5 1912/2196/5 1902/2198/5
f 1442/1879/5 2105/1878/5 2153/133/5
f 2153/133/5 2152/2193/5 1902/2198/5
f 2153/133/5 1902/2198/5 1894/134/5
f 1876/2199/5 1442/1879/5 1883/135/5
f 1442/1879/5 2153/133/5 1883/135/5
f 1940/2200/5 1939/2201/5 1729/2161/5
f 1729/2161/5 2142/2160/5 2154/138/5
f 2154/138/5 2156/2202/5 2157/2203/5
f 2157/2203/5 2155/2204/5 1854/249/5
f 1854/249/5 1865/2205/5 1864/2206/5
f 1854/249/5 1864/2206/5 2157/2203/5
f 1864/2206/5 1846/2207/5 2157/2203/5
f 2154/138/5 2157/2203/5 1945/136/5
f 1940/2200/5 1729/2161/5 2154/138/5
f 1941/137/5 1940/2200/5 2154/138/5
f 2157/2203/5 1846/2207/5 1945/136/5
f 1923/140/5 1920/2208/5 1727/141/5
f 1727/141/5 1728/120/5 1930/139/5
f 1728/120/5 1937/2209/5 1933/2210/5
f 1728/120/5 1933/2210/5 1930/139/5
f 1830/143/5 1823/2211/5 1825/144/5
f 1823/2211/5 1814/2212/5 1825/144/5
f 1816/2213/5 1818/2214/5 1817/2215/5
f 1818/2214/5 1812/2216/5 1813/2217/5
f 1814/2212/5 1816/2213/5 1817/2215/5
f 1825/144/5 1814/2212/5 1817/2215/5
f 1831/2218/5 1826/2219/5 1829/2220/5
f 1826/2219/5 1830/143/5 1824/142/5
f 1829/2220/5 1826/2219/5 1824/142/5
f 1845/2221/5 1834/2222/5 1835/2223/5
f 1834/2222/5 1831/2218/5 1835/2223/5
f 1852/2224/5 1843/2225/5 1833/2226/5
f 1843/2225/5 1845/2221/5 1833/2226/5
f 1849/2227/5 1851/2228/5 1842/2229/5
f 1851/2228/5 1852/2224/5 1875/2230/5
f 1842/2229/5 1851/2228/5 1875/2230/5
f 1868/2231/5 1869/2232/5 1840/2233/5
f 1869/2232/5 1870/2234/5 1840/2233/5
f 1870/2234/5 1849/2227/5 1842/2229/5
f 1818/2214/5 1813/2217/5 1817/2215/5
f 1812/2216/5 1810/2235/5 1809/2236/5
f 1810/2235/5 1807/2237/5 1809/2236/5
f 1807/2237/5 1806/2238/5 1811/2239/5
f 1806/2238/5 1899/2240/5 1811/2239/5
f 1899/2240/5 1897/2241/5 1911/2242/5
f 1811/2239/5 1899/2240/5 1911/2242/5
f 1897/2241/5 1910/2243/5 1911/2242/5
f 1910/2243/5 1909/2244/5 1908/2245/5
f 1911/2242/5 1910/2243/5 1908/2245/5
f 1909/2244/5 1891/2246/5 1903/2247/5
f 1891/2246/5 1890/2248/5 1903/2247/5
f 1882/2249/5 1889/2250/5 1900/2251/5
f 1889/2250/5 1888/2252/5 1900/2251/5
f 1887/2253/5 1886/2254/5 1907/2255/5
f 1886/2254/5 1885/2256/5 1907/2255/5
f 1888/2252/5 1887/2253/5 1900/2251/5
f 1890/2248/5 1882/2249/5 1903/2247/5
f 1812/2216/5 1809/2236/5 1813/2217/5
f 1807/2237/5 1811/2239/5 1809/2236/5
f 1845/2221/5 1835/2223/5 1833/2226/5
f 1835/2223/5 1831/2218/5 1829/2220/5
f 1853/2257/5 1867/2258/5 1839/2259/5
f 1867/2258/5 1868/2231/5 1839/2259/5
f 1847/2260/5 1848/2261/5 1838/2262/5
f 1848/2261/5 1866/2263/5 1838/2262/5
f 1866/2263/5 1853/2257/5 1841/2264/5
f 1903/2247/5 1882/2249/5 1900/2251/5
f 1885/2256/5 1884/2265/5 1907/2255/5
f 1884/2265/5 1896/2266/5 1905/2267/5
f 1896/2266/5 1895/2268/5 1904/2269/5
f 1895/2268/5 1901/2270/5 1904/2269/5
f 1901/2270/5 1948/2271/5 1904/2269/5
f 1896/2266/5 1904/2269/5 1905/2267/5
f 1853/2257/5 1839/2259/5 1841/2264/5
f 1870/2234/5 1842/2229/5 1840/2233/5
f 1839/2259/5 1868/2231/5 1840/2233/5
f 1850/2272/5 1847/2260/5 1874/2273/5
f 1874/2273/5 1837/2274/5 1850/2272/5
f 1838/2262/5 1874/2273/5 1847/2260/5
f 1884/2265/5 1905/2267/5 1907/2255/5
f 1841/2264/5 1838/2262/5 1866/2263/5
f 1887/2253/5 1907/2255/5 1900/2251/5
f 1903/2247/5 1908/2245/5 1909/2244/5
f 1833/2226/5 1875/2230/5 1852/2224/5
f 1943/2275/5 1944/2276/5 1850/2272/5
f 1850/2272/5 1837/2274/5 1943/2275/5
f 1837/2274/5 1946/2277/5 1943/2275/5
f 1946/2277/5 1936/2278/5 1942/2279/5
f 1942/2279/5 1943/2275/5 1946/2277/5
f 1938/2280/5 1947/2281/5 1936/2278/5
f 1947/2281/5 1942/2279/5 1936/2278/5
f 1931/2282/5 1932/2283/5 1934/2284/5
f 1932/2283/5 1935/2285/5 1934/2284/5
f 1935/2285/5 1938/2280/5 1934/2284/5
f 1936/2278/5 1934/2284/5 1938/2280/5
f 1929/2286/5 1928/2287/5 1927/2288/5
f 1928/2287/5 1931/2282/5 1927/2288/5
f 1925/2289/5 1929/2286/5 1927/2288/5
f 1931/2282/5 1934/2284/5 1927/2288/5
f 1922/2290/5 1925/2289/5 1926/2291/5
f 1926/2291/5 1925/2289/5 1927/2288/5
f 1914/147/5 1921/2292/5 1913/145/5
f 1921/2292/5 1924/2293/5 1926/2291/5
f 1913/145/5 1921/2292/5 1926/2291/5
f 1924/2293/5 1922/2290/5 1926/2291/5
f 1919/2294/5 1917/2295/5 1918/146/5
f 1917/2295/5 1914/147/5 1918/146/5
f 1901/2270/5 1906/2296/5 1948/2271/5
f 1906/2296/5 1919/2294/5 1948/2271/5
f 1918/146/5 1948/2271/5 1919/2294/5
f 1859/149/5 1858/2297/5 1855/150/5
f 1855/150/5 1856/174/5 1860/148/5
f 1856/174/5 1862/2298/5 1861/2299/5
f 1856/174/5 1861/2299/5 1860/148/5
f 2159/2300/6 2081/2301/6 1300/2302/6
f 1300/2302/6 1980/2303/6 1982/2304/6
f 1300/2302/6 1982/2304/6 2159/2300/6
f 1982/2304/6 1969/2305/6 2159/2300/6
f 2158/151/6 2160/2306/6 2159/2300/6
f 2159/2300/6 1969/2305/6 1978/2307/6
f 1657/1918/6 2117/1917/6 2158/151/6
f 2158/151/6 2159/2300/6 1978/2307/6
f 2158/151/6 1978/2307/6 1962/152/6
f 1955/2308/6 1657/1918/6 1961/153/6
f 1657/1918/6 2158/151/6 1961/153/6
f 1987/155/6 1985/2309/6 1298/156/6
f 1298/156/6 1319/2310/6 1992/154/6
f 1319/2310/6 2002/2311/6 1998/2312/6
f 1319/2310/6 1998/2312/6 1992/154/6
f 2003/2313/6 1999/2314/6 1318/2315/6
f 1318/2315/6 2084/2316/6 2161/159/6
f 2161/159/6 2162/2317/6 2163/2318/6
f 2163/2318/6 2146/2177/6 1857/241/6
f 1857/241/6 2065/2319/6 2058/2320/6
f 1857/241/6 2058/2320/6 2163/2318/6
f 2058/2320/6 2071/2321/6 2163/2318/6
f 2161/159/6 2163/2318/6 2007/157/6
f 2003/2313/6 1318/2315/6 2161/159/6
f 2006/158/6 2003/2313/6 2161/159/6
f 2163/2318/6 2071/2321/6 2007/157/6
f 2124/2036/6 1654/2035/6 2165/2322/6
f 1654/2035/6 1950/2323/6 1958/2324/6
f 1654/2035/6 1958/2324/6 2165/2322/6
f 2164/162/6 2166/2325/6 2165/2322/6
f 2165/2322/6 1958/2324/6 1957/2326/6
f 1679/2327/6 2136/2328/6 2164/162/6
f 2164/162/6 2165/2322/6 2012/2329/6
f 2165/2322/6 1957/2326/6 2012/2329/6
f 2020/2330/6 1679/2327/6 2016/161/6
f 1679/2327/6 2164/162/6 2016/161/6
f 2164/162/6 2012/2329/6 2014/160/6
f 1952/164/6 1951/2331/6 1655/165/6
f 1655/165/6 1656/90/6 1949/163/6
f 1656/90/6 1954/2332/6 1953/2333/6
f 1656/90/6 1953/2333/6 1949/163/6
f 2033/167/6 2036/2334/6 1698/168/6
f 1698/168/6 1686/2335/6 2031/166/6
f 1686/2335/6 2023/2336/6 2024/2337/6
f 1686/2335/6 2024/2337/6 2031/166/6
f 2167/2338/6 2140/2339/6 1706/2340/6
f 1706/2340/6 2038/2341/6 2073/2342/6
f 1706/2340/6 2073/2342/6 2167/2338/6
f 2073/2342/6 2046/2343/6 2167/2338/6
f 2168/169/6 2169/2344/6 2167/2338/6
f 2167/2338/6 2046/2343/6 2053/2345/6
f 1854/249/6 2155/2204/6 2168/169/6
f 2168/169/6 2167/2338/6 2053/2345/6
f 2168/169/6 2053/2345/6 2066/170/6
f 2057/2346/6 1854/249/6 2067/171/6
f 1854/249/6 2168/169/6 2067/171/6
f 2063/173/6 2064/2347/6 1856/174/6
f 1856/174/6 1855/150/6 2062/172/6
f 1855/150/6 2060/2348/6 2061/2349/6
f 1855/150/6 2061/2349/6 2062/172/6
f 2032/2350/6 2030/2351/6 2029/2352/6
f 2030/2351/6 2025/2353/6 2028/2354/6
f 2028/2354/6 2025/2353/6 2026/2355/6
f 2026/2355/6 2027/2356/6 2028/2354/6
f 2021/2357/6 2019/2358/6 2022/2359/6
f 2019/2358/6 2017/2360/6 2022/2359/6
f 2013/2361/6 2015/2362/6 1973/2363/6
f 2015/2362/6 1974/2364/6 1973/2363/6
f 2013/2361/6 1973/2363/6 2018/2365/6
f 2017/2360/6 2013/2361/6 2018/2365/6
f 2022/2359/6 2017/2360/6 2018/2365/6
f 2027/2356/6 2021/2357/6 2028/2354/6
f 2028/2354/6 2021/2357/6 2022/2359/6
f 1974/2364/6 1979/2366/6 1967/2367/6
f 1956/2368/6 1959/2369/6 1964/2370/6
f 1959/2369/6 1960/2371/6 1964/2370/6
f 1979/2366/6 1956/2368/6 1967/2367/6
f 2037/177/6 2035/2372/6 2034/175/6
f 2035/2372/6 2032/2350/6 2034/175/6
f 2045/2373/6 2039/2374/6 2040/176/6
f 2039/2374/6 2037/177/6 2040/176/6
f 2054/2375/6 2047/2376/6 2048/2377/6
f 2047/2376/6 2043/2378/6 2042/2379/6
f 2048/2377/6 2047/2376/6 2042/2379/6
f 2043/2378/6 2045/2373/6 2041/2380/6
f 1960/2371/6 1963/2381/6 1976/2382/6
f 1963/2381/6 1977/2383/6 1976/2382/6
f 1977/2383/6 1966/2384/6 1968/2385/6
f 1966/2384/6 1972/2386/6 2011/2387/6
f 1968/2385/6 1966/2384/6 2011/2387/6
f 1968/2385/6 1976/2382/6 1977/2383/6
f 2045/2373/6 2040/176/6 2041/2380/6
f 2068/2388/6 2072/2389/6 2055/2390/6
f 2072/2389/6 2054/2375/6 2044/2391/6
f 2055/2390/6 2072/2389/6 2044/2391/6
f 2070/2392/6 2069/2393/6 2051/2394/6
f 2069/2393/6 2068/2388/6 2051/2394/6
f 2052/2395/6 2059/2396/6 2056/2397/6
f 2059/2396/6 2070/2392/6 2056/2397/6
f 2004/2398/6 2008/2399/6 2009/2400/6
f 2008/2399/6 2052/2395/6 2049/2401/6
f 2049/2401/6 2009/2400/6 2008/2399/6
f 2056/2397/6 2049/2401/6 2052/2395/6
f 2051/2394/6 2068/2388/6 2055/2390/6
f 1956/2368/6 1964/2370/6 1975/2402/6
f 1964/2370/6 1960/2371/6 1965/2403/6
f 1976/2382/6 1965/2403/6 1960/2371/6
f 2050/2404/6 2056/2397/6 2070/2392/6
f 2051/2394/6 2050/2404/6 2070/2392/6
f 1956/2368/6 1975/2402/6 1967/2367/6
f 1974/2364/6 1967/2367/6 1971/2405/6
f 2048/2377/6 2044/2391/6 2054/2375/6
f 1974/2364/6 1971/2405/6 1973/2363/6
f 2042/2379/6 2043/2378/6 2041/2380/6
f 2030/2351/6 2028/2354/6 2029/2352/6
f 2032/2350/6 2029/2352/6 2034/175/6
f 1995/2406/6 2000/2407/6 2001/2408/6
f 2000/2407/6 2005/2409/6 2001/2408/6
f 2005/2409/6 2004/2398/6 2010/2410/6
f 2004/2398/6 2009/2400/6 2010/2410/6
f 1996/2411/6 1995/2406/6 1994/2412/6
f 1990/2413/6 1997/2414/6 1991/2415/6
f 1997/2414/6 1996/2411/6 1994/2412/6
f 1991/2415/6 1997/2414/6 1994/2412/6
f 1986/2416/6 1988/2417/6 1989/178/6
f 1988/2417/6 1990/2413/6 1989/178/6
f 1970/2418/6 1984/2419/6 1983/179/6
f 1984/2419/6 1993/180/6 1983/179/6
f 1993/180/6 1986/2416/6 1989/178/6
f 1995/2406/6 2001/2408/6 1994/2412/6
f 2005/2409/6 2010/2410/6 2001/2408/6
f 1989/178/6 1990/2413/6 1991/2415/6
f 1972/2386/6 1970/2418/6 1981/2420/6
f 1981/2420/6 2011/2387/6 1972/2386/6
f 1983/179/6 1981/2420/6 1970/2418/6
usemtl White
f 14/181/7 1301/182/7 1295/183/7
f 4/184/7 1691/185/7 28/186/7
f 42/187/8 1307/188/8 1301/182/8
f 28/186/8 1705/189/8 53/190/8
f 69/191/9 1317/192/9 1307/188/9
f 53/190/9 1703/193/9 73/194/9
f 84/195/10 1316/196/10 1317/192/10
f 73/194/10 1701/197/10 93/198/10
f 105/199/11 1360/200/11 1316/196/11
f 112/201/11 1701/197/11 1721/202/11
f 130/203/12 1367/204/12 1360/200/12
f 139/205/12 1721/202/12 1712/206/12
f 154/207/13 1362/208/13 1367/204/13
f 161/209/13 1712/206/13 1710/210/13
f 166/211/14 1361/212/14 1362/208/14
f 178/213/14 1710/210/14 1719/214/14
f 185/215/15 1366/216/15 1361/212/15
f 191/217/15 1719/214/15 1709/218/15
f 201/219/16 1359/220/16 1366/216/16
f 218/221/16 1709/218/16 1711/222/16
f 227/223/17 1354/224/17 1359/220/17
f 234/225/17 1711/222/17 1708/226/17
f 242/227/18 1388/228/18 1354/224/18
f 251/229/18 1708/226/18 1707/230/18
f 263/231/19 1351/232/19 1388/228/19
f 276/233/19 1707/230/19 1798/234/19
f 287/235/20 1347/236/20 1351/232/20
f 293/237/20 1798/234/20 1794/238/20
f 305/239/21 1340/240/21 1347/236/21
f 312/241/21 1794/238/21 1791/242/21
f 320/243/22 1341/244/22 1340/240/22
f 321/245/22 1791/242/22 1787/246/22
f 324/247/23 1334/248/23 1341/244/23
f 328/249/23 1787/246/23 1785/250/23
f 332/251/24 1330/252/24 1334/248/24
f 336/253/24 1785/250/24 1778/254/24
f 339/255/25 1326/256/25 1330/252/25
f 342/257/25 1778/254/25 1774/258/25
f 344/259/26 1320/260/26 1326/256/26
f 350/261/26 1774/258/26 1804/262/26
f 354/263/27 1280/264/27 1320/260/27
f 350/261/27 1766/265/27 355/266/27
f 362/267/28 1276/268/28 1280/264/28
f 355/266/28 1762/269/28 365/270/28
f 367/271/29 1271/272/29 1276/268/29
f 365/270/29 1769/273/29 371/274/29
f 376/275/30 1281/276/30 1271/272/30
f 371/274/30 1760/277/30 378/278/30
f 380/279/31 1282/280/31 1281/276/31
f 378/278/31 1770/281/31 382/282/31
f 384/283/32 1277/284/32 1282/280/32
f 382/282/32 1767/285/32 385/286/32
f 387/287/33 1272/288/33 1277/284/33
f 385/286/33 1764/289/33 390/290/33
f 392/291/34 1321/292/34 1272/288/34
f 390/290/34 1677/293/34 393/294/34
f 395/295/35 1285/296/35 1321/292/35
f 393/294/35 1678/297/35 397/298/35
f 399/299/36 1299/300/36 1285/296/36
f 397/298/36 1680/301/36 401/302/36
f 320/303/1 166/304/1 407/305/1
f 404/306/37 1293/307/37 1299/300/37
f 401/302/37 1684/308/37 405/309/37
f 407/310/38 1295/311/38 1293/307/38
f 405/309/38 1689/312/38 4/313/38
f 293/314/4 365/315/4 401/316/4
f 323/181/39 1859/182/39 1860/317/39
f 181/184/39 1660/318/39 394/186/39
f 699/319/40 1864/320/40 1865/321/40
f 396/187/40 1858/322/40 1859/182/40
f 394/186/40 1658/323/40 700/324/40
f 701/325/40 1664/326/40 402/190/40
f 410/191/41 1846/192/41 1864/320/41
f 402/190/41 1640/327/41 412/194/41
f 415/195/42 1945/328/42 1846/192/42
f 412/194/42 1645/329/42 418/198/42
f 428/203/43 1945/328/43 420/330/43
f 424/201/43 1645/329/43 1668/331/43
f 432/207/44 1941/200/44 428/203/44
f 430/205/44 1668/331/44 1628/332/44
f 439/211/45 1937/333/45 704/334/45
f 705/335/45 1940/336/45 432/207/45
f 707/337/45 1628/332/45 1626/338/45
f 437/209/45 1622/339/45 1619/210/45
f 444/215/46 1933/208/46 439/211/46
f 443/213/46 1619/210/46 1618/340/46
f 452/219/47 1930/341/47 444/215/47
f 448/217/47 1618/340/47 1606/218/47
f 456/223/48 1916/342/48 710/343/48
f 711/344/48 1923/216/48 452/219/48
f 713/345/48 1606/218/48 1610/346/48
f 454/221/48 1601/347/48 1602/348/48
f 463/227/49 1915/349/49 456/223/49
f 460/225/49 1602/348/49 1597/350/49
f 468/231/50 1912/224/50 463/227/50
f 465/229/50 1597/350/50 1595/230/50
f 474/235/51 1902/228/51 468/231/51
f 473/233/51 1595/230/51 1545/351/51
f 482/239/52 1894/232/52 474/235/52
f 479/237/52 1545/351/52 1533/352/52
f 486/243/53 1877/353/53 716/354/53
f 482/239/53 1876/355/53 1883/356/53
f 719/357/53 1533/352/53 1526/358/53
f 718/359/53 1528/242/53 485/241/53
f 493/247/54 1878/240/54 486/243/54
f 490/245/54 1528/242/54 1529/360/54
f 500/251/55 1879/361/55 493/247/55
f 495/249/55 1529/360/55 1530/362/55
f 506/255/56 1892/363/56 722/364/56
f 500/251/56 1881/365/56 1880/248/56
f 725/366/56 1530/362/56 1531/367/56
f 724/368/56 1542/369/56 503/253/56
f 510/259/57 1893/370/57 506/255/57
f 508/257/57 1542/369/57 1547/371/57
f 518/263/58 1898/256/58 510/259/58
f 514/261/58 1547/371/58 1559/262/58
f 523/267/59 1805/260/59 518/263/59
f 514/261/59 1561/372/59 519/266/59
f 529/271/60 1808/264/60 523/267/60
f 519/266/60 1568/373/60 527/270/60
f 729/374/61 1815/272/61 1819/375/61
f 529/271/61 1821/376/61 1820/377/61
f 527/270/61 1565/378/61 730/379/61
f 731/380/61 1572/273/61 531/274/61
f 536/275/62 1822/381/62 1815/272/62
f 531/274/62 1576/382/62 538/278/62
f 542/279/63 1828/280/63 1822/381/63
f 538/278/63 1581/281/63 543/282/63
f 734/383/64 1836/384/64 1832/385/64
f 733/386/64 1828/280/64 548/283/64
f 543/282/64 1583/387/64 735/388/64
f 736/389/64 1584/390/64 549/286/64
f 553/287/65 1873/288/65 1836/384/65
f 549/286/65 1587/391/65 556/290/65
f 559/291/66 1844/392/66 1873/288/66
f 556/290/66 1589/393/66 561/294/66
f 565/295/67 1872/296/67 1844/392/67
f 561/294/67 1644/394/67 567/298/67
f 577/306/68 1872/296/68 570/395/68
f 567/298/68 1667/396/68 574/302/68
f 611/397/5 753/398/5 928/399/5
f 468/400/5 619/401/5 621/402/5
f 523/403/5 608/404/5 603/405/5
f 886/406/5 1098/407/5 610/408/5
f 721/409/5 930/410/5 1003/411/5
f 715/412/5 944/413/5 1006/414/5
f 1092/415/5 887/416/5 640/417/5
f 716/418/5 715/412/5 1006/414/5
f 722/419/5 1003/411/5 1004/420/5
f 929/421/5 1005/422/5 1004/420/5
f 710/423/5 887/416/5 456/424/5
f 1053/425/5 634/426/5 895/427/5
f 420/428/5 626/429/5 628/430/5
f 956/431/5 955/432/5 593/433/5
f 565/434/5 585/435/5 591/436/5
f 874/437/5 872/438/5 601/439/5
f 529/440/5 885/441/5 728/442/5
f 1000/443/5 998/444/5 710/423/5
f 709/445/5 894/446/5 999/447/5
f 703/448/5 880/449/5 1001/450/5
f 697/451/5 957/452/5 996/453/5
f 738/454/5 939/455/5 1002/456/5
f 732/457/5 873/458/5 992/459/5
f 727/460/5 885/441/5 994/461/5
f 994/461/5 886/406/5 754/462/5
f 991/463/5 993/464/5 734/465/5
f 995/466/5 997/467/5 699/468/5
f 872/438/5 993/464/5 991/463/5
f 895/427/5 998/444/5 1000/443/5
f 704/469/5 703/448/5 1001/450/5
f 740/470/5 738/454/5 1002/456/5
f 955/432/5 997/467/5 995/466/5
f 740/471/69 1861/307/69 1862/472/69
f 577/306/69 1863/473/69 1871/474/69
f 574/302/69 1663/475/69 741/476/69
f 742/477/69 1661/478/69 580/309/69
f 582/310/70 1860/479/70 1861/307/70
f 580/309/70 1653/480/70 181/313/70
f 1104/481/3 879/482/3 549/483/3
f 643/484/3 693/485/3 580/486/3
f 653/487/3 951/488/3 412/489/3
f 448/490/3 665/491/3 1247/492/3
f 465/493/3 660/494/3 656/495/3
f 696/496/3 750/497/3 958/498/3
f 684/499/3 680/500/3 538/501/3
f 960/502/3 736/503/3 878/504/3
f 937/505/3 743/506/3 742/507/3
f 967/508/3 701/509/3 949/510/3
f 875/511/3 708/512/3 706/513/3
f 973/514/3 712/515/3 888/516/3
f 958/498/3 720/517/3 718/518/3
f 719/519/3 720/517/3 965/520/3
f 879/482/3 970/521/3 878/504/3
f 683/522/3 1102/523/3 968/524/3
f 968/524/3 1101/525/3 970/521/3
f 973/514/3 966/526/3 1090/527/3
f 966/526/3 661/528/3 1089/529/3
f 741/530/3 743/506/3 962/531/3
f 707/532/3 708/512/3 974/533/3
f 950/534/3 971/535/3 972/536/3
f 700/537/3 967/508/3 972/536/3
f 514/538/3 671/539/3 668/540/3
f 695/541/3 755/542/3 893/543/3
f 495/544/3 676/545/3 1246/546/3
f 964/547/3 724/548/3 940/549/3
f 893/543/3 755/542/3 1099/550/3
f 961/551/3 667/552/3 730/553/3
f 942/554/3 969/555/3 941/556/3
f 969/555/3 963/557/3 725/558/3
f 593/559/55 1867/560/55 1853/561/55
f 645/562/55 1649/563/55 643/564/55
f 744/565/56 1853/561/56 1866/566/56
f 745/567/56 1650/568/56 645/562/56
f 628/569/58 1850/570/58 1944/571/58
f 626/572/58 1850/570/58 628/569/58
f 653/573/58 1639/574/58 1641/575/58
f 647/576/58 1639/574/58 653/573/58
f 647/576/59 1635/577/59 1636/578/59
f 650/579/59 1635/577/59 647/576/59
f 1943/580/59 628/569/59 1944/571/59
f 627/581/59 1943/580/59 1942/582/59
f 694/583/61 1623/584/61 746/585/61
f 747/586/61 1935/587/61 635/588/61
f 662/589/62 1620/590/62 694/583/62
f 1052/591/62 1928/592/62 632/593/62
f 1928/592/62 1929/594/62 632/593/62
f 635/588/62 1931/595/62 1052/591/62
f 1247/596/63 1614/597/63 662/589/63
f 1613/598/63 665/599/63 1605/600/63
f 662/589/63 1614/597/63 1616/601/63
f 1925/602/63 1922/603/63 634/604/63
f 632/593/63 1925/602/63 1053/605/63
f 1053/605/63 1925/602/63 634/604/63
f 748/606/64 1607/607/64 665/599/64
f 749/608/64 1924/609/64 1921/610/64
f 666/611/66 1599/612/66 1598/613/66
f 656/614/66 1599/612/66 666/611/66
f 1919/615/66 619/616/66 1917/617/66
f 621/618/66 1919/615/66 1906/619/66
f 656/614/67 1554/620/67 1596/621/67
f 660/622/67 1554/620/67 656/614/67
f 1901/623/67 621/618/67 1906/619/67
f 618/624/67 1901/623/67 1895/625/67
f 750/626/69 1532/627/69 1534/628/69
f 1885/629/69 751/630/69 1884/631/69
f 673/632/70 1532/627/70 696/633/70
f 1888/634/70 1050/635/70 1887/636/70
f 612/637/70 1887/636/70 1050/635/70
f 1889/638/70 614/639/70 1888/634/70
f 673/632/39 1536/640/39 1535/641/39
f 1537/642/39 676/643/39 1538/644/39
f 1246/645/39 1536/640/39 673/632/39
f 614/639/39 1882/646/39 1051/647/39
f 1890/648/39 611/649/39 1882/650/39
f 752/651/40 1539/652/40 676/643/40
f 753/653/40 1891/654/40 1909/655/40
f 679/656/42 1548/657/42 1546/658/42
f 668/659/42 1548/657/42 679/656/42
f 1899/660/42 604/661/42 1897/662/42
f 608/663/42 1899/660/42 1806/664/42
f 1810/665/43 603/666/43 1807/667/43
f 1807/667/43 608/663/43 1806/664/43
f 668/659/43 1560/668/43 1558/669/43
f 671/670/43 1560/668/43 668/659/43
f 1816/671/45 754/672/45 1818/673/45
f 695/674/45 1569/675/45 755/676/45
f 598/677/46 1814/678/46 1823/679/46
f 680/680/46 1571/681/46 695/674/46
f 601/682/47 1823/679/47 1830/683/47
f 684/684/47 1574/685/47 680/680/47
f 756/686/48 1830/683/48 1826/687/48
f 757/688/48 1580/689/48 684/684/48
f 1843/690/50 591/691/50 1845/692/50
f 1845/692/50 585/693/50 1834/694/50
f 692/695/50 1586/696/50 1588/697/50
f 687/698/50 1586/696/50 692/695/50
f 1851/699/51 586/700/51 1852/701/51
f 591/691/51 1852/701/51 586/700/51
f 687/698/51 1648/702/51 1590/703/51
f 691/704/51 1648/702/51 687/698/51
f 758/705/53 1869/706/53 592/707/53
f 759/708/53 1652/709/53 1666/710/53
f 594/711/54 1868/712/54 1867/713/54
f 643/714/54 1652/709/54 693/715/54
f 346/181/7 1303/182/7 1297/317/7
f 66/184/7 1693/185/7 373/186/7
f 398/187/8 1305/716/8 1303/182/8
f 762/319/8 1309/320/8 1310/321/8
f 373/186/8 1696/323/8 763/324/8
f 765/325/8 1704/717/8 403/190/8
f 408/191/9 1311/192/9 1309/320/9
f 403/190/9 1725/327/9 411/194/9
f 416/195/10 1314/328/10 1311/192/10
f 411/194/10 1723/329/10 419/198/10
f 422/199/11 1387/200/11 1314/328/11
f 425/201/11 1723/329/11 1743/718/11
f 427/203/12 1386/336/12 1387/200/12
f 431/205/12 1743/718/12 1742/332/12
f 766/719/13 1379/208/13 1380/720/13
f 433/721/13 1381/722/13 1386/336/13
f 771/723/13 1742/332/13 1741/724/13
f 436/725/13 1734/339/13 1733/210/13
f 438/211/14 1374/341/14 1379/208/14
f 441/213/14 1733/210/14 1732/340/14
f 445/215/15 1378/216/15 1374/341/15
f 447/217/15 1732/340/15 1731/218/15
f 772/343/16 1383/349/16 1377/342/16
f 451/219/16 1376/726/16 1378/216/16
f 777/727/16 1731/218/16 1730/728/16
f 453/221/16 1737/729/16 1736/730/16
f 458/223/17 1382/224/17 1383/349/17
f 461/225/17 1736/730/17 1735/350/17
f 464/227/18 1365/228/18 1382/224/18
f 466/229/18 1735/350/18 1716/230/18
f 470/231/19 1355/232/19 1365/228/19
f 471/233/19 1716/230/19 1801/351/19
f 476/235/20 1349/356/20 1355/232/20
f 478/237/20 1801/351/20 1799/352/20
f 778/731/21 1343/240/21 1346/732/21
f 481/239/21 1350/355/21 1349/356/21
f 783/357/21 1799/352/21 1797/358/21
f 483/241/21 1795/733/21 1789/242/21
f 488/243/22 1338/361/22 1343/240/22
f 489/245/22 1789/242/22 1788/360/22
f 492/247/23 1331/248/23 1338/361/23
f 497/249/23 1788/360/23 1781/362/23
f 784/364/24 1325/370/24 1328/734/24
f 498/251/24 1332/735/24 1331/248/24
f 789/736/24 1781/362/24 1780/367/24
f 502/253/24 1777/737/24 1779/369/24
f 505/738/25 1323/256/25 1325/370/25
f 509/257/25 1779/369/25 1773/739/25
f 511/259/26 1278/260/26 1323/256/26
f 513/261/26 1773/739/26 1768/262/26
f 516/740/27 1259/264/27 1278/260/27
f 513/261/27 1752/372/27 520/266/27
f 522/741/28 1260/377/28 1259/264/28
f 520/266/28 1753/373/28 526/270/28
f 792/742/29 1253/272/29 1252/743/29
f 528/271/29 1261/376/29 1260/377/29
f 526/270/29 1745/378/29 793/379/29
f 794/744/29 1747/273/29 533/274/29
f 535/275/30 1254/381/30 1253/272/30
f 533/274/30 1744/382/30 537/278/30
f 541/279/31 1255/745/31 1254/381/31
f 537/278/31 1748/281/31 544/282/31
f 797/383/32 1264/384/32 1258/385/32
f 547/283/32 1257/746/32 1255/745/32
f 544/282/32 1749/747/32 798/748/32
f 800/389/32 1756/390/32 550/286/32
f 552/749/33 1265/288/33 1264/384/33
f 550/286/33 1757/391/33 555/290/33
f 558/291/34 1284/392/34 1265/288/34
f 555/290/34 1671/750/34 562/294/34
f 566/295/35 1275/296/35 1284/392/35
f 562/294/35 1672/751/35 568/298/35
f 572/395/36 1288/474/36 1275/296/36
f 568/298/36 1676/752/36 573/302/36
f 1151/405/1 522/403/1 607/753/1
f 613/754/1 1142/755/1 915/756/1
f 1134/757/1 899/758/1 476/759/1
f 914/760/71 785/761/71 786/762/71
f 898/763/1 779/764/1 780/765/1
f 1126/766/1 1130/767/1 882/768/1
f 1049/769/1 1146/770/1 784/771/1
f 1153/772/1 1154/773/1 884/774/1
f 1034/775/1 1035/776/1 1137/777/1
f 899/758/1 1134/757/1 1133/778/1
f 1145/779/1 1144/780/1 1049/769/1
f 882/768/1 458/781/1 772/423/1
f 890/782/1 891/783/1 1124/426/1
f 422/428/1 625/429/1 629/784/1
f 906/785/1 907/786/1 1107/787/1
f 566/788/1 1055/435/1 589/789/1
f 871/790/1 870/791/1 1161/439/1
f 528/792/1 883/793/1 790/794/1
f 772/423/1 1044/795/1 1042/796/1
f 892/797/1 773/798/1 774/799/1
f 877/800/1 767/448/1 768/801/1
f 908/802/1 761/803/1 760/804/1
f 922/805/1 802/806/1 801/807/1
f 869/808/1 796/809/1 795/810/1
f 883/793/1 791/811/1 790/794/1
f 1036/812/1 884/774/1 1157/813/1
f 1038/814/1 1043/815/1 797/816/1
f 1041/817/1 1046/818/1 762/468/1
f 1043/815/1 870/791/1 871/790/1
f 1042/796/1 891/783/1 890/782/1
f 877/800/1 1117/819/1 1116/820/1
f 813/821/1 803/822/1 1048/823/1
f 1046/818/1 907/786/1 906/785/1
f 803/471/37 1289/307/37 1290/472/37
f 576/824/37 1286/825/37 1288/474/37
f 573/302/37 1675/826/37 804/827/37
f 806/477/37 1682/478/37 581/309/37
f 583/310/38 1297/828/38 1289/307/38
f 581/309/38 1692/480/38 66/313/38
f 562/316/4 689/829/4 686/830/4
f 373/831/4 1108/832/4 641/833/4
f 651/487/4 903/834/4 411/835/4
f 663/836/4 1123/837/4 436/838/4
f 466/839/4 659/840/4 657/841/4
f 1141/842/72 913/843/72 781/844/72
f 544/845/4 1162/846/4 681/500/4
f 800/503/4 1016/847/4 799/848/4
f 805/849/4 921/850/4 1020/851/4
f 765/852/4 1014/853/4 764/854/4
f 770/855/4 876/856/4 1015/857/4
f 775/858/4 1010/859/4 776/860/4
f 782/861/4 913/843/4 1007/862/4
f 1007/862/4 1140/863/4 783/864/4
f 1166/865/4 1012/866/4 1167/867/4
f 1012/866/4 1165/868/4 1016/847/4
f 1009/869/4 1129/870/4 1010/859/4
f 1128/871/4 1009/869/4 1127/872/4
f 1020/851/4 1177/873/4 804/874/4
f 771/875/4 1015/857/4 1122/876/4
f 904/877/4 1017/878/4 1013/879/4
f 1017/878/4 903/834/4 1112/880/4
f 513/881/4 1152/539/4 669/540/4
f 1160/541/4 1159/542/4 897/882/4
f 1143/883/4 674/884/4 489/885/4
f 787/886/4 1008/887/4 788/888/4
f 1011/889/4 1159/542/4 1158/890/4
f 1156/552/4 793/891/4 1011/889/4
f 1018/892/4 927/893/4 1019/894/4
f 1019/894/4 927/893/4 1147/895/4
f 807/565/24 1304/896/24 1308/566/24
f 1697/897/24 808/898/24 1695/899/24
f 1313/571/26 629/569/26 1315/900/26
f 625/572/26 1315/900/26 629/569/26
f 1702/901/26 651/573/26 1724/902/26
f 1724/902/26 646/576/26 1722/578/26
f 657/614/35 1803/903/35 1715/621/35
f 659/904/35 1803/903/35 657/614/35
f 1356/625/35 616/624/35 1357/905/35
f 620/906/35 1357/905/35 616/624/35
f 809/626/37 1792/907/37 1796/628/37
f 810/630/37 1344/908/37 1063/909/37
f 811/910/8 1783/911/8 1064/912/8
f 1335/913/8 812/653/8 1065/914/8
f 677/656/10 1763/915/10 1775/916/10
f 669/659/10 1763/915/10 677/656/10
f 1324/917/10 606/661/10 1322/918/10
f 1324/917/10 607/663/10 606/661/10
f 589/919/19 1283/920/19 1273/921/19
f 588/700/19 1273/921/19 1274/699/19
f 1670/703/19 686/698/19 1674/922/19
f 1674/922/19 689/704/19 1673/923/19
f 1294/924/21 813/925/21 1291/926/21
f 814/927/21 1685/928/21 1687/710/21
f 268/181/73 1412/182/73 1408/317/73
f 379/186/73 1992/929/73 1998/185/73
f 400/187/74 1417/322/74 1412/182/74
f 817/319/74 1455/320/74 1414/321/74
f 818/324/74 1998/185/74 2002/323/74
f 406/190/74 1999/930/74 2003/931/74
f 409/191/75 1423/192/75 1455/320/75
f 413/194/75 2003/931/75 2006/327/75
f 414/932/76 1433/328/76 1423/192/76
f 417/198/76 2006/327/76 2007/197/76
f 421/199/77 1453/200/77 1433/328/77
f 417/198/77 2071/331/77 423/201/77
f 426/203/78 1435/336/78 1453/200/78
f 423/201/78 2058/332/78 429/205/78
f 822/719/79 1440/208/79 1445/720/79
f 434/207/79 1447/933/79 1435/336/79
f 429/205/79 2065/724/79 825/723/79
f 826/934/79 2063/935/79 435/209/79
f 440/211/80 1437/341/80 1440/208/80
f 435/209/80 2062/936/80 442/213/80
f 446/215/81 1444/216/81 1437/341/81
f 442/213/81 2061/218/81 449/217/81
f 827/343/82 1449/349/82 1441/342/82
f 450/219/82 1443/726/82 1444/216/82
f 449/217/82 2060/937/82 831/938/82
f 832/939/82 2067/940/82 455/221/82
f 457/223/83 1448/224/83 1449/349/83
f 455/221/83 2066/350/83 459/225/83
f 462/227/84 1524/228/84 1448/224/84
f 459/225/84 2053/230/84 467/229/84
f 475/235/85 1524/228/85 469/231/85
f 472/233/85 2053/230/85 2046/351/85
f 480/239/86 1521/232/86 475/235/86
f 477/237/86 2046/351/86 2073/941/86
f 487/243/87 1513/732/87 833/731/87
f 835/942/87 1518/356/87 480/239/87
f 837/943/87 2073/941/87 2038/944/87
f 484/241/87 2036/945/87 2033/242/87
f 494/247/88 1510/240/88 487/243/88
f 491/245/88 2033/242/88 2031/360/88
f 499/251/89 1506/361/89 494/247/89
f 496/249/89 2031/360/89 2024/362/89
f 504/738/90 1493/946/90 838/947/90
f 840/948/90 1503/248/90 499/251/90
f 843/736/90 2024/362/90 2023/949/90
f 501/253/90 2020/737/90 2016/950/90
f 512/259/91 1494/370/91 504/738/91
f 507/257/91 2016/950/91 2014/739/91
f 517/263/92 1478/256/92 512/259/92
f 515/261/92 2014/739/92 2012/262/92
f 517/263/93 1465/264/93 1487/260/93
f 521/266/93 2012/262/93 1957/372/93
f 530/271/94 1465/264/94 524/267/94
f 525/270/94 1957/372/94 1958/373/94
f 846/951/95 1461/272/95 1460/952/95
f 844/953/95 1466/377/95 530/271/95
f 849/379/95 1958/373/95 1950/378/95
f 848/744/95 1952/954/95 532/274/95
f 540/279/96 1461/272/96 534/275/96
f 539/278/96 1952/954/96 1949/955/96
f 546/283/97 1462/381/97 540/279/97
f 545/282/97 1949/955/97 1953/281/97
f 554/287/98 1471/385/98 850/383/98
f 851/956/98 1463/280/98 546/283/98
f 855/748/98 1953/281/98 1954/747/98
f 854/389/98 1961/957/98 551/286/98
f 560/958/99 1472/384/99 554/287/99
f 551/286/99 1962/959/99 557/290/99
f 564/295/100 1473/288/100 560/958/100
f 563/294/100 1962/959/100 1978/293/100
f 564/295/101 1392/296/101 1389/392/101
f 569/298/101 1978/293/101 1969/960/101
f 571/961/102 1403/474/102 1392/296/102
f 575/302/102 1969/960/102 1982/752/102
f 1221/405/2 524/962/2 609/963/2
f 1211/755/2 920/964/2 615/965/2
f 1201/966/2 902/967/2 475/968/2
f 839/969/103 919/970/103 978/971/103
f 834/972/2 901/973/2 988/974/2
f 946/768/2 1198/417/2 1197/767/2
f 980/769/2 1215/975/2 838/976/2
f 1224/977/2 948/978/2 1223/979/2
f 988/974/2 987/980/2 1205/981/2
f 902/967/2 1201/966/2 1202/778/2
f 980/769/2 866/982/2 1214/983/2
f 457/424/2 827/984/2 946/768/2
f 953/985/2 954/986/2 1193/987/2
f 421/428/2 624/988/2 630/784/2
f 1178/433/103 1077/989/103 909/785/103
f 564/990/2 1070/991/2 590/992/2
f 936/993/2 935/994/2 1229/439/2
f 530/995/2 947/996/2 844/997/2
f 827/984/2 984/795/2 983/998/2
f 828/445/2 952/999/2 977/1000/2
f 823/1001/2 938/800/2 990/1002/2
f 816/451/2 911/802/2 981/1003/2
f 857/806/2 923/1004/2 982/1005/2
f 852/1006/2 934/1007/2 976/1008/2
f 845/1009/2 947/996/2 979/1010/2
f 979/1010/2 948/978/2 1226/462/2
f 935/994/2 975/1011/2 989/1012/2
f 954/986/2 983/998/2 984/795/2
f 850/1013/2 989/1012/2 975/1011/2
f 938/800/104 1186/1014/104 1187/1015/104
f 1238/1016/2 1241/1017/2 982/1005/2
f 817/468/2 981/1003/2 985/817/2
f 910/1018/2 986/818/2 985/817/2
f 858/471/105 1402/307/105 1398/472/105
f 578/824/105 1404/1019/105 1403/474/105
f 859/827/105 1982/752/105 1980/826/105
f 579/309/105 1985/1020/105 1987/478/105
f 584/310/106 1408/1021/106 1402/307/106
f 90/313/106 1987/478/106 1992/480/106
f 563/316/6 690/829/6 685/1022/6
f 1244/485/107 1084/1023/107 918/1024/107
f 417/1025/6 1073/1026/6 648/1027/6
f 931/1028/6 932/1029/6 1192/1030/6
f 467/493/6 658/1031/6 655/1032/6
f 1210/1033/6 1079/1034/6 912/1035/6
f 545/1036/6 1230/499/6 682/500/6
f 943/1037/6 853/1038/6 854/503/6
f 900/1039/6 819/854/6 820/509/6
f 933/1040/6 824/1041/6 826/513/6
f 945/1042/6 830/860/6 832/858/6
f 1204/1043/6 837/1044/6 1029/1045/6
f 912/1035/6 863/1046/6 1209/1047/6
f 917/1048/6 1021/1049/6 916/1050/6
f 943/1037/108 1236/1051/108 1232/522/108
f 945/1042/107 1199/1052/107 1196/1053/107
f 1024/1054/6 932/1029/6 931/1028/6
f 918/1024/6 868/1055/6 1245/1056/6
f 825/875/6 1032/1057/6 1024/1054/6
f 859/530/6 860/507/6 1021/1049/6
f 1183/1058/6 1182/1059/6 1022/1060/6
f 515/538/6 1076/539/6 670/540/6
f 1227/541/6 1228/542/6 959/1061/6
f 675/884/6 496/1062/6 1212/545/6
f 1028/1063/6 841/886/6 924/1064/6
f 959/1061/6 847/1065/6 848/1066/6
f 849/1067/6 1025/1068/6 1228/542/6
f 1027/1069/6 1217/1070/6 1218/1071/6
f 1028/1063/6 1217/1070/6 1027/1069/6
f 861/565/90 1411/1072/90 1416/566/90
f 862/567/90 1996/1073/90 1078/1074/90
f 630/569/92 1421/570/92 1432/571/92
f 624/572/92 1421/570/92 630/569/92
f 2004/1075/92 648/576/92 2008/1076/92
f 2004/1075/92 652/573/92 648/576/92
f 658/622/101 2045/1077/101 2043/1078/101
f 655/614/101 2043/1078/101 2047/621/101
f 1522/1079/101 617/624/101 1523/1080/101
f 1523/1080/101 622/618/101 1525/619/101
f 863/626/105 2035/1081/105 2037/1082/105
f 1511/908/105 864/630/105 1512/631/105
f 2026/1083/74 865/651/74 2027/1084/74
f 866/653/74 1501/1085/74 1499/655/74
f 2017/658/76 678/656/76 2013/1086/76
f 670/659/76 2013/1086/76 678/656/76
f 1484/1087/76 609/663/76 1482/1088/76
f 1482/1088/76 605/661/76 1479/1089/76
f 587/700/85 1391/1090/85 1394/1091/85
f 590/1092/85 1391/1090/85 587/700/85
f 1966/703/85 685/698/85 1972/1093/85
f 690/1094/85 1972/1093/85 685/698/85
f 1400/1095/87 867/705/87 1399/1096/87
f 1986/1097/87 868/1098/87 1084/1099/87
f 796/1100/1 315/198/1 795/1101/1
f 19/229/1 768/1102/1 767/1103/1
f 1251/1104/2 795/1105/2 358/231/2
f 1373/1106/2 733/1107/2 172/1108/2
f 1728/1109/2 769/1110/2 222/1111/2
f 1621/1112/2 706/1113/2 391/263/2
f 315/1114/3 736/1115/3 737/1116/3
f 330/1117/3 391/1118/3 706/1119/3
f 770/1120/4 135/261/4 769/1121/4
f 330/294/4 800/1122/4 799/1123/4
f 19/229/5 172/1108/5 733/1107/5
f 135/261/5 705/1124/5 703/1125/5
f 1375/1126/6 768/1127/6 19/229/6
f 1250/1128/6 736/1115/6 315/1114/6
f 1729/1129/6 705/1124/6 135/261/6
f 1629/1130/6 800/1131/6 330/1117/6
f 359/1132/1 790/1133/1 791/1134/1
f 773/1135/1 194/1108/1 774/1136/1
f 1248/1137/2 790/1138/2 359/231/2
f 1371/1139/2 728/1140/2 194/1108/2
f 1726/1141/2 775/1142/2 249/1111/2
f 1600/1143/2 712/1144/2 383/263/2
f 359/1145/3 731/1146/3 730/1147/3
f 383/1118/3 712/1148/3 714/1149/3
f 249/1111/4 775/1150/4 776/1151/4
f 383/1152/4 794/1153/4 793/1154/4
f 194/1108/5 728/1140/5 727/1155/5
f 249/1111/5 711/1156/5 709/1157/5
f 1372/1126/6 774/1158/6 46/229/6
f 1249/1159/6 731/1146/6 322/1114/6
f 1611/1160/6 794/1161/6 340/1117/6
f 1727/1162/6 711/1156/6 100/261/6
f 363/1163/1 780/1164/1 779/1165/1
f 761/1166/1 174/1108/1 760/1136/1
f 1353/1104/5 780/1138/5 363/231/5
f 1318/1167/5 820/1168/5 174/1108/5
f 1706/1109/5 765/1142/5 290/1111/5
f 1517/1169/5 835/1144/5 389/263/5
f 363/1145/2 300/1114/2 815/1146/2
f 389/1170/2 835/1148/2 834/1171/2
f 290/1111/4 765/1172/4 764/1173/4
f 782/1174/4 389/1152/4 781/1175/4
f 174/1108/6 820/1168/6 819/1176/6
f 290/1111/6 836/1156/6 837/1177/6
f 1319/1178/3 760/1158/3 77/1179/3
f 1352/1180/3 815/1146/3 300/1114/3
f 1516/1181/3 781/1161/3 352/1117/3
f 1698/1162/3 836/1156/3 123/261/3
f 785/1182/1 302/198/1 786/1101/1
f 2/1179/1 801/1183/1 802/1184/1
f 1337/1137/5 786/1105/5 375/231/5
f 1298/1185/5 860/1107/5 211/1108/5
f 1686/1186/5 806/1110/5 228/1111/5
f 1497/1187/5 840/1113/5 386/263/5
f 302/1114/2 856/1115/2 857/1188/2
f 341/1117/2 386/1170/2 840/1119/2
f 805/1189/4 119/261/4 806/1121/4
f 341/1190/4 787/1122/4 788/1191/4
f 2/1179/6 860/1107/6 859/1192/6
f 119/261/6 841/1124/6 842/1193/6
f 1300/1178/3 801/1127/3 2/1179/3
f 1327/1159/3 856/1115/3 302/1114/3
f 1492/1160/3 787/1131/3 341/1117/3
f 1679/1194/3 841/1124/3 119/261/3
f 721/1195/5 327/198/5 723/1101/5
f 33/1196/5 739/1183/5 738/1197/5
f 1856/1139/4 826/1107/4 207/1108/4
f 1656/1186/4 742/1110/4 283/1111/4
f 1459/1187/4 851/1113/4 388/263/4
f 1439/1137/4 723/1105/4 377/231/4
f 327/1114/2 821/1115/2 823/1198/2
f 852/1199/2 335/1117/2 851/1119/2
f 743/1200/3 147/261/3 742/1121/3
f 335/1190/3 724/1201/3 726/1202/3
f 824/1203/6 33/1196/6 826/1107/6
f 147/261/6 854/1124/6 853/1204/6
f 1446/1205/1 821/1115/1 327/1114/1
f 1458/1160/1 724/1131/1 335/1117/1
f 1657/1206/1 854/1124/1 147/261/1
f 1857/1178/1 739/1127/1 33/1196/1
f 369/1207/5 717/1208/5 715/1209/5
f 697/1210/5 159/1108/5 698/1136/5
f 1854/1211/4 832/1140/4 159/1108/4
f 1654/1212/4 701/1142/4 258/1111/4
f 1456/1169/4 844/1144/4 381/263/4
f 1442/1213/4 717/1138/4 369/231/4
f 828/1214/2 369/1145/2 829/1215/2
f 381/1216/2 844/1148/2 845/1217/2
f 258/1111/3 701/1150/3 702/1218/3
f 720/1219/3 381/1152/3 718/1220/3
f 159/1108/6 832/1140/6 830/1155/6
f 847/1221/6 258/1111/6 848/1156/6
f 1457/1181/1 718/1222/1 348/1117/1
f 1438/1223/1 829/1215/1 309/1114/1
f 1655/1224/1 848/1156/1 97/261/1
f 1855/1225/1 698/1226/1 57/1196/1
f 745/1227/56 1642/1228/56 1665/1229/56
f 645/1230/56 1650/1231/56 1651/1232/56
f 639/1233/56 1866/1234/56 1848/1235/56
f 1642/1228/57 644/1236/57 1086/1237/57
f 1085/1238/57 639/1233/57 1848/1235/57
f 1630/1239/60 650/1240/60 1088/1241/60
f 1087/1242/60 627/1243/60 1942/1244/60
f 649/1245/61 1623/1246/61 1625/1247/61
f 1935/1248/61 1932/1249/61 635/1250/61
f 636/1251/61 1938/1252/61 747/1253/61
f 749/1254/64 1914/1255/64 640/1256/64
f 1922/1257/64 1924/1258/64 634/1259/64
f 1089/1260/64 661/1261/64 1612/1262/64
f 665/1263/64 1607/1264/64 1605/1265/64
f 1612/1262/65 661/1261/65 1091/1266/65
f 1092/1267/65 640/1256/65 1914/1255/65
f 1544/1268/68 660/1269/68 1094/1270/68
f 1093/1271/68 618/1272/68 1895/1273/68
f 750/1274/69 1543/1275/69 654/1276/69
f 623/1277/69 1884/1278/69 751/1279/69
f 1886/1280/69 612/1281/69 1885/1282/69
f 753/1283/40 1910/1284/40 638/1285/40
f 1891/1286/40 611/1287/40 1890/1288/40
f 676/1289/40 1539/1290/40 1538/1291/40
f 672/1292/40 1540/1293/40 752/1294/40
f 1556/1295/41 672/1292/41 1095/1296/41
f 1096/1297/41 638/1285/41 1910/1284/41
f 1098/1298/44 603/1299/44 1810/1300/44
f 1564/1301/44 671/1302/44 1097/1303/44
f 1567/1304/45 667/1305/45 1100/1306/45
f 1814/1307/45 602/1308/45 1816/1309/45
f 610/1310/45 1818/1311/45 754/1312/45
f 684/1313/48 1580/1314/48 1578/1315/48
f 1579/1316/48 757/1317/48 1101/1318/48
f 637/1319/48 1826/1320/48 1831/1321/48
f 1593/1322/49 683/1323/49 1104/1324/49
f 1103/1325/49 637/1319/49 1831/1321/49
f 1106/1326/52 586/1327/52 1851/1328/52
f 1643/1329/52 691/1330/52 1105/1331/52
f 688/1332/53 1666/1333/53 1646/1334/53
f 1869/1335/53 1868/1336/53 592/1337/53
f 597/1338/53 1870/1339/53 758/1340/53
f 1107/1341/23 1296/1342/23 1302/1343/23
f 641/1344/23 1694/1232/23 1690/1345/23
f 1060/1346/24 1302/1343/24 1304/1347/24
f 1306/1235/24 1110/1233/24 1109/1348/24
f 1694/1232/24 1061/1349/24 1697/1350/24
f 1695/1229/24 808/1351/24 1112/1352/24
f 1312/1353/25 625/1354/25 1113/1355/25
f 1700/1228/25 1111/1356/25 1114/1357/25
f 1054/1243/27 1313/1358/27 1369/1244/27
f 1115/1359/27 1722/1360/27 646/1361/27
f 1368/1362/28 1116/1363/28 1117/1364/28
f 1119/1365/28 1118/1245/28 1720/1247/28
f 1370/1366/29 1121/1250/29 1120/1253/29
f 1122/1367/29 1123/1368/29 1740/1369/29
f 631/1370/30 1370/1366/30 1385/1371/30
f 663/1372/30 1740/1369/30 1123/1368/30
f 1124/1373/31 1385/1371/31 1384/1374/31
f 1058/1263/31 1739/1375/31 663/1372/31
f 1363/1255/32 1126/1256/32 1125/1254/32
f 1129/1376/32 1128/1377/32 1718/1378/32
f 1131/1379/33 1059/1380/33 1717/1381/33
f 620/1382/34 1364/1383/34 1358/1384/34
f 657/1385/34 1717/1381/34 1059/1380/34
f 1348/1386/36 1133/1387/36 1134/1388/36
f 1135/1389/36 1793/1275/36 1800/1390/36
f 1342/1391/37 1063/1392/37 1344/1393/37
f 1345/1278/37 810/1279/37 1137/1394/37
f 1062/1395/37 1790/1396/37 1792/1397/37
f 1140/1398/37 809/1274/37 1796/1399/37
f 613/1400/38 1342/1391/38 1339/1401/38
f 1790/1396/38 1141/1402/38 1786/1403/38
f 1142/1404/7 1339/1401/7 1333/1405/7
f 1143/1406/7 1786/1403/7 674/1407/7
f 1329/1408/8 1146/1409/8 1144/1410/8
f 1065/1411/8 1333/1405/8 1335/1412/8
f 1064/1413/8 1782/1414/8 1143/1406/8
f 1148/1415/8 1147/1416/8 1776/1417/8
f 1322/1418/9 606/1419/9 1149/1420/9
f 1150/1421/9 677/1422/9 1775/1423/9
f 1151/1299/11 1279/1424/11 1269/1300/11
f 669/1425/11 1761/1426/11 1765/1427/11
f 1154/1310/12 1153/1428/12 1266/1429/12
f 1761/1426/12 1152/1430/12 1155/1303/12
f 1262/1431/13 1056/1308/13 1157/1312/13
f 1159/1432/13 1160/1433/13 1751/1434/13
f 599/1435/14 1262/1431/14 1263/1436/14
f 1160/1433/14 1754/1437/14 1751/1438/14
f 1161/1439/15 1263/1436/15 1256/1440/15
f 681/1441/15 1755/1315/15 1754/1437/15
f 1268/1321/16 1164/1319/16 1163/1442/16
f 1166/1443/16 1167/1444/16 1771/1445/16
f 1270/1446/17 1055/1447/17 1168/1448/17
f 1759/1322/109 1167/1449/109 1169/1324/109
f 589/1450/18 1270/1446/18 1283/1451/18
f 1057/1452/18 1670/1453/18 1772/1454/18
f 1287/1455/20 1171/1456/20 1170/1457/20
f 1673/1458/20 689/1459/20 1172/1460/20
f 1291/1461/21 813/1340/21 1174/1462/21
f 1292/1463/21 1066/1464/21 1294/1465/21
f 1681/1334/21 1173/1466/21 1177/1467/21
f 1067/1468/21 1683/1469/21 1685/1470/21
f 595/1471/22 1292/1463/22 1296/1472/22
f 1176/1473/22 1690/1474/22 1683/1469/22
f 596/1475/89 1409/1476/89 1178/1341/89
f 642/1344/89 1997/1232/89 1990/1345/89
f 1180/1477/90 861/1478/90 1416/1479/90
f 1077/1480/90 1409/1476/90 1411/1481/90
f 1182/1352/90 2000/1482/90 1995/1483/90
f 1997/1232/90 1078/1484/90 1996/1485/90
f 1184/1238/91 1181/1233/91 1415/1486/91
f 2000/1482/91 1183/1356/91 1185/1487/91
f 1069/1243/93 1432/1488/93 1431/1244/93
f 1073/1359/93 2008/1360/93 648/1361/93
f 1436/1489/94 1187/1363/94 1186/1490/94
f 2052/1239/94 1073/1359/94 1188/1491/94
f 1190/1253/95 1187/1363/95 1436/1489/95
f 1191/1367/95 1192/1368/95 2070/1369/95
f 633/1370/96 1434/1366/96 1452/1492/96
f 664/1372/96 2070/1369/96 1192/1368/96
f 633/1370/97 1451/1493/97 1193/1373/97
f 1074/1263/97 2069/1494/97 664/1372/97
f 1195/1495/98 1196/1496/98 2072/1262/98
f 1194/1497/98 1193/1373/98 1451/1493/98
f 1197/1498/99 1198/1256/99 1450/1255/99
f 2072/1262/99 1196/1496/99 1199/1266/99
f 1200/1499/100 1525/1384/100 622/1382/100
f 1075/1380/100 2047/1500/100 2054/1501/100
f 1514/1502/102 1202/1387/102 1201/1503/102
f 2045/1504/102 658/1505/102 1203/1506/102
f 1508/1391/105 1080/1507/105 1511/1508/105
f 1205/1394/105 1206/1509/105 1514/1502/105
f 2037/1510/105 2039/1275/105 1208/1511/105
f 1079/1512/105 2032/1396/105 2035/1513/105
f 615/1400/106 1508/1391/106 1505/1514/106
f 1211/1404/73 1505/1514/73 1502/1405/73
f 675/1407/73 2025/1414/73 2030/1515/73
f 1082/1516/74 1502/1405/74 1501/1517/74
f 1214/1518/74 866/1519/74 1499/1520/74
f 2025/1414/74 1081/1521/74 2026/1522/74
f 2027/1523/74 865/1524/74 1216/1525/74
f 1479/1526/75 605/1419/75 1219/1527/75
f 2019/1528/110 1217/1416/110 1220/1529/110
f 609/1530/77 1488/1531/77 1221/1299/77
f 1076/1430/77 2015/1532/77 670/1425/77
f 1974/1301/78 1076/1430/78 1225/1303/78
f 1226/1533/79 1224/1534/79 1475/1535/79
f 600/1435/80 1468/1431/80 1469/1536/80
f 1227/1433/80 1959/1537/80 1956/1438/80
f 1229/1439/81 1469/1536/81 1470/1440/81
f 1230/1313/81 1959/1537/81 682/1441/81
f 1231/1538/82 1229/1439/82 1470/1440/82
f 1234/1539/82 1232/1449/82 1963/1322/82
f 1491/1540/83 1070/1447/83 1235/1541/83
f 1963/1322/83 1232/1449/83 1236/1542/83
f 590/1450/84 1491/1540/84 1390/1451/84
f 685/1543/84 1977/1544/84 1072/1452/84
f 1237/1545/86 587/1327/86 1394/1546/86
f 1970/1458/86 690/1459/86 1239/1331/86
f 1083/1547/111 1401/1463/111 1242/1337/111
f 1241/1548/87 1238/1456/87 1397/1549/87
f 1243/1550/87 1245/1551/87 1993/1552/87
f 1084/1553/87 1988/1554/87 1986/1555/87
f 1242/1337/88 1407/1472/88 596/1471/88
f 1244/1473/88 1990/1556/88 1988/1554/88
f 18/186/39 1633/929/39 1634/1557/39
f 24/187/39 1839/317/39 9/181/39
f 26/190/40 1634/1557/40 1637/326/40
f 32/191/40 1841/182/40 24/187/40
f 40/194/41 1637/326/41 1669/327/41
f 48/195/41 1838/320/41 32/191/41
f 50/198/42 1669/327/42 1627/197/42
f 55/199/42 1874/192/42 48/195/42
f 61/201/43 1627/197/43 1631/331/43
f 67/1558/43 1837/328/43 55/199/43
f 72/205/44 1631/331/44 1624/1559/44
f 76/207/44 1946/200/44 67/1558/44
f 82/209/45 1624/1559/45 1615/210/45
f 92/211/45 1936/336/45 76/207/45
f 82/209/46 1617/1560/46 94/213/46
f 98/215/46 1934/208/46 92/211/46
f 101/217/47 1617/1560/47 1608/218/47
f 98/215/47 1926/216/47 1927/341/47
f 114/221/48 1608/218/48 1604/348/48
f 118/223/48 1926/216/48 108/219/48
f 121/225/49 1604/348/49 1603/350/49
f 128/227/49 1913/349/49 118/223/49
f 137/229/50 1603/350/50 1594/230/50
f 143/231/50 1918/224/50 128/227/50
f 149/233/51 1594/230/51 1555/351/51
f 152/235/51 1948/228/51 143/231/51
f 156/237/52 1555/351/52 1552/352/52
f 162/239/52 1904/232/52 152/235/52
f 156/237/53 1550/242/53 167/241/53
f 162/239/53 1907/240/53 1905/356/53
f 167/241/54 1549/360/54 173/245/54
f 169/243/54 1900/361/54 1907/240/54
f 180/249/55 1549/360/55 1551/362/55
f 183/251/55 1900/361/55 176/247/55
f 187/253/56 1551/362/56 1553/369/56
f 183/251/56 1908/370/56 1903/248/56
f 200/257/57 1553/369/57 1557/1561/57
f 195/255/57 1911/256/57 1908/370/57
f 213/261/58 1557/1561/58 1562/262/58
f 206/259/58 1811/260/58 1911/256/58
f 213/261/59 1563/372/59 221/266/59
f 224/267/59 1811/260/59 219/263/59
f 221/266/60 1566/373/60 230/270/60
f 224/267/60 1813/377/60 1809/264/60
f 230/270/61 1573/273/61 241/274/61
f 237/271/61 1817/272/61 1813/377/61
f 255/278/62 1573/273/62 1575/382/62
f 248/275/62 1825/381/62 1817/272/62
f 267/282/63 1575/382/63 1577/1562/63
f 272/283/63 1825/381/63 261/279/63
f 278/286/64 1577/1562/64 1582/1563/64
f 272/283/64 1829/384/64 1824/280/64
f 286/290/65 1582/1563/65 1592/959/65
f 285/287/65 1835/288/65 1829/384/65
f 295/294/66 1592/959/66 1591/293/66
f 291/291/66 1833/392/66 1835/288/66
f 295/294/67 1647/751/67 303/298/67
f 304/299/67 1833/392/67 299/295/67
f 303/298/68 1632/1564/68 308/302/68
f 304/299/68 1842/474/68 1875/296/68
f 152/1565/5 67/1566/5 304/1567/5
f 313/309/69 1632/1564/69 1638/308/69
f 318/310/69 1842/474/69 311/306/69
f 3/313/70 1638/1568/70 1633/480/70
f 9/1569/70 1840/307/70 318/310/70
f 278/483/3 308/1570/3 156/314/3
f 12/186/73 1991/929/73 1994/1557/73
f 5/181/73 1410/182/73 1406/317/73
f 30/190/74 1994/1557/74 2001/326/74
f 21/187/74 1413/320/74 1410/182/74
f 37/194/75 2001/326/75 2010/327/75
f 36/191/75 1454/192/75 1413/320/75
f 51/198/76 2010/327/76 2009/197/76
f 43/195/76 1418/328/76 1454/192/76
f 51/198/77 2049/331/77 63/201/77
f 59/199/77 1420/200/77 1418/328/77
f 63/201/78 2056/1559/78 75/205/78
f 70/203/78 1430/336/78 1420/200/78
f 86/209/79 2056/1559/79 2050/210/79
f 79/207/79 1426/208/79 1430/336/79
f 86/209/80 2051/1560/80 95/213/80
f 88/211/80 1424/341/80 1426/208/80
f 99/217/81 2051/1560/81 2055/218/81
f 104/219/81 1424/341/81 96/215/81
f 109/221/82 2055/218/82 2044/348/82
f 115/1571/82 1425/216/82 104/219/82
f 125/225/83 2044/348/83 2048/350/83
f 132/227/83 1429/349/83 115/1571/83
f 134/229/84 2048/350/84 2042/230/84
f 142/231/84 1419/224/84 132/227/84
f 146/233/85 2042/230/85 2041/351/85
f 151/235/85 1428/228/85 142/231/85
f 158/237/86 2041/351/86 2040/352/86
f 165/1572/86 1520/232/86 151/235/86
f 168/241/87 2040/352/87 2034/242/87
f 170/243/87 1515/356/87 165/1572/87
f 175/245/88 2034/242/88 2029/360/88
f 177/247/88 1509/240/88 170/243/88
f 179/249/89 2029/360/89 2028/362/89
f 182/251/89 1507/361/89 177/247/89
f 190/253/90 2028/362/90 2022/369/90
f 197/255/90 1504/248/90 182/251/90
f 203/257/91 2022/369/91 2018/1561/91
f 209/259/91 1496/370/91 197/255/91
f 215/261/92 2018/1561/92 1973/262/92
f 220/263/92 1498/256/92 209/259/92
f 223/266/93 1973/262/93 1971/372/93
f 220/263/93 1480/264/93 1483/260/93
f 233/270/94 1971/372/94 1967/373/94
f 239/271/94 1480/264/94 225/267/94
f 233/270/95 1975/273/95 244/274/95
f 239/271/95 1489/272/95 1485/377/95
f 244/274/96 1964/382/96 253/278/96
f 246/275/96 1477/381/96 1489/272/96
f 253/278/97 1965/281/97 265/282/97
f 257/279/97 1490/280/97 1477/381/97
f 265/282/98 1976/1563/98 274/286/98
f 270/283/98 1486/384/98 1490/280/98
f 274/286/99 1968/391/99 288/290/99
f 280/287/99 1481/288/99 1486/384/99
f 288/290/100 2011/293/100 296/294/100
f 289/291/100 1395/392/100 1481/288/100
f 301/298/101 2011/293/101 1981/960/101
f 298/1573/101 1393/296/101 1395/392/101
f 307/302/102 1981/960/102 1983/396/102
f 306/961/102 1396/474/102 1393/296/102
f 170/303/2 88/304/2 316/305/2
f 314/309/105 1983/396/105 1989/308/105
f 310/1574/105 1405/307/105 1396/474/105
f 1/313/106 1989/308/106 1991/480/106
f 316/310/106 1406/311/106 1405/307/106
f 223/1575/6 265/1036/6 301/1576/6
f 2084/1577/3 38/1145/3 117/1114/3
f 117/1114/6 269/1578/6 85/1117/6
f 17/1579/2 2085/1572/2 2087/1580/2
f 85/294/4 2162/1581/4 2161/1582/4
f 117/198/1 17/1583/1 102/1584/1
f 212/1145/1 102/1117/1 17/1118/1
f 208/1108/4 2145/1585/4 2146/1586/4
f 235/261/3 2162/1587/3 269/1588/3
f 277/229/5 250/1589/5 357/1590/5
f 212/1132/5 333/1591/5 372/1592/5
f 319/1593/5 372/1592/5 333/1591/5
f 145/1114/2 2088/1594/2 2086/1595/2
f 145/1114/3 2087/1596/3 2088/1594/3
f 102/229/6 250/1111/6 269/261/6
f 6/263/5 319/1597/5 333/1598/5
f 319/1599/4 6/1152/4 2144/1600/4
f 83/1117/3 2090/1601/3 2089/1602/3
f 126/1114/1 262/1578/1 83/1117/1
f 34/231/4 2100/1603/4 23/1579/4
f 83/294/6 2093/1604/6 2090/1582/6
f 126/198/2 23/1583/2 111/1584/2
f 252/1605/1 282/229/1 262/1606/1
f 204/1108/6 2149/1607/6 2092/1586/6
f 262/1588/3 2091/1608/3 2093/1587/3
f 282/229/5 252/1589/5 343/1590/5
f 216/1132/5 337/1591/5 360/1592/5
f 186/1593/5 360/1592/5 337/1591/5
f 148/1114/4 2101/1609/4 2099/1610/4
f 23/1611/3 2101/1609/3 148/1114/3
f 111/229/1 252/1111/1 262/261/1
f 13/263/5 186/1597/5 337/1612/5
f 186/1613/6 13/1152/6 2148/1600/6
f 89/1117/3 2139/1614/3 2140/1615/3
f 120/1114/4 259/1578/4 89/1117/4
f 25/1579/1 2167/1572/1 2169/1580/1
f 89/294/2 2143/1616/2 2139/1617/2
f 120/198/6 25/1583/6 116/1584/6
f 214/1618/6 116/1117/6 25/1118/6
f 232/261/4 259/1606/4 243/1605/4
f 2142/1619/2 232/261/2 271/229/2
f 259/1588/3 2141/1620/3 2143/1621/3
f 271/229/5 243/1589/5 345/1590/5
f 214/1132/5 326/1591/5 361/1592/5
f 317/1593/5 361/1592/5 326/1591/5
f 136/1114/1 2168/1622/1 2155/1610/1
f 136/1114/3 2169/1596/3 2168/1622/3
f 294/1623/4 243/1111/4 116/229/4
f 16/263/5 317/1597/5 326/1624/5
f 317/1613/2 16/1152/2 2157/1600/2
f 81/1117/3 2102/1614/3 2103/1625/3
f 131/1114/2 254/1578/2 81/1117/2
f 41/231/6 2131/1603/6 22/1579/6
f 81/294/1 2106/1616/1 2102/1617/1
f 131/198/4 22/1583/4 107/1584/4
f 107/1117/4 22/1118/4 74/1618/4
f 245/1605/2 273/229/2 254/1606/2
f 2105/1619/1 240/261/1 273/229/1
f 254/1588/3 2104/1620/3 2106/1621/3
f 273/229/5 245/1589/5 356/1590/5
f 74/1132/5 325/1591/5 374/1592/5
f 192/1593/5 374/1592/5 325/1591/5
f 138/1114/6 2129/1626/6 2130/1610/6
f 22/1611/3 2129/1626/3 138/1114/3
f 7/263/5 192/1597/5 325/1598/5
f 192/1613/1 7/1152/1 2152/1600/1
f 80/1117/6 2120/1601/6 2119/1602/6
f 127/1114/3 264/1578/3 80/1117/3
f 31/1579/5 2133/1627/5 2134/1628/5
f 80/294/1 2122/1581/1 2120/1582/1
f 127/198/4 31/1583/4 103/1584/4
f 71/1145/4 103/1117/4 31/1118/4
f 164/1605/3 226/261/3 264/1606/3
f 205/1108/1 2111/1629/1 2107/1630/1
f 193/1631/5 2111/1629/5 205/1108/5
f 226/261/6 2122/1587/6 264/1588/6
f 284/229/2 164/1589/2 347/1590/2
f 71/1132/2 331/1591/2 364/1592/2
f 193/1593/2 364/1592/2 331/1591/2
f 144/1114/5 2132/1626/5 2110/1632/5
f 31/1611/6 2132/1626/6 144/1114/6
f 103/229/3 164/1111/3 264/261/3
f 10/263/2 193/1597/2 331/1598/2
f 193/1599/1 2109/1633/1 2108/1634/1
f 71/1583/4 144/198/4 62/1635/4
f 2126/1615/2 35/1145/2 124/1114/2
f 124/1114/4 260/1578/4 91/1117/4
f 35/231/1 2127/1580/1 29/1579/1
f 91/294/5 2138/1636/5 2135/1617/5
f 124/198/3 29/1583/3 106/1584/3
f 2136/1586/5 236/261/5 281/229/5
f 196/1108/1 184/1631/1 2166/1637/1
f 260/1588/2 2137/1638/2 2138/1639/2
f 281/229/6 247/1589/6 351/1590/6
f 65/1132/6 338/1591/6 368/1592/6
f 184/1593/6 368/1592/6 338/1591/6
f 2124/1640/1 8/1641/1 49/1145/1
f 29/1611/2 2123/1594/2 133/1114/2
f 8/263/6 184/1597/6 338/1598/6
f 184/1599/5 8/1152/5 2165/1642/5
f 2075/1577/6 44/1145/6 122/1114/6
f 122/1114/1 266/1578/1 87/1117/1
f 44/231/4 2113/1580/4 27/1579/4
f 87/294/5 2074/1581/5 2078/1582/5
f 122/198/3 27/1583/3 113/1584/3
f 68/1145/3 113/1117/3 27/1118/3
f 238/261/1 163/1605/1 275/229/1
f 2077/1630/5 238/261/5 275/229/5
f 188/1631/4 2096/1629/4 198/1108/4
f 266/1588/6 2076/1608/6 2074/1587/6
f 275/229/2 163/1589/2 349/1590/2
f 68/1132/2 329/1591/2 366/1592/2
f 188/1593/2 366/1592/2 329/1591/2
f 2095/1643/4 11/1641/4 64/1145/4
f 27/1611/6 2112/1594/6 140/1114/6
f 113/229/1 163/1111/1 266/261/1
f 11/263/2 188/1597/2 329/1598/2
f 11/1152/5 2097/1634/5 188/1599/5
f 27/1584/3 64/1635/3 68/1583/3
f 2079/1577/2 47/1145/2 129/1114/2
f 129/1114/3 256/1578/3 78/1117/3
f 20/1579/5 2080/1572/5 2083/1580/5
f 78/294/4 2118/1581/4 2115/1582/4
f 129/198/1 20/1583/1 110/1584/1
f 217/1145/1 110/1117/1 20/1118/1
f 229/261/3 256/1606/3 171/1605/3
f 210/1108/4 2158/1607/4 2117/1586/4
f 210/1108/5 189/1631/5 2160/1637/5
f 256/1588/2 2116/1608/2 2118/1587/2
f 279/229/6 171/1589/6 353/1590/6
f 217/1132/6 334/1591/6 370/1592/6
f 189/1593/6 370/1592/6 334/1591/6
f 141/1114/5 2082/1594/5 2081/1640/5
f 141/1114/2 2083/1596/2 2082/1594/2
f 297/1644/3 171/1111/3 110/229/3
f 15/263/6 189/1597/6 334/1598/6
f 189/1599/4 15/1152/4 2160/1634/4
f 217/1583/1 20/1584/1 141/198/1
f 14/181/7 42/187/7 1301/182/7
f 4/184/7 1689/2421/7 1691/185/7
f 42/187/8 69/191/8 1307/188/8
f 28/186/8 1691/185/8 1705/189/8
f 69/191/9 84/195/9 1317/192/9
f 53/190/9 1705/189/9 1703/193/9
f 84/195/10 105/199/10 1316/196/10
f 73/194/10 1703/193/10 1701/197/10
f 105/199/11 130/203/11 1360/200/11
f 112/201/11 93/198/11 1701/197/11
f 130/203/12 154/207/12 1367/204/12
f 139/205/12 112/201/12 1721/202/12
f 154/207/13 166/211/13 1362/208/13
f 161/209/13 139/205/13 1712/206/13
f 166/211/14 185/215/14 1361/212/14
f 178/213/14 161/209/14 1710/210/14
f 185/215/15 201/219/15 1366/216/15
f 191/217/15 178/213/15 1719/214/15
f 201/219/16 227/223/16 1359/220/16
f 218/221/16 191/217/16 1709/218/16
f 227/223/17 242/227/17 1354/224/17
f 234/225/17 218/221/17 1711/222/17
f 242/227/18 263/231/18 1388/228/18
f 251/229/18 234/225/18 1708/226/18
f 263/231/19 287/235/19 1351/232/19
f 276/233/19 251/229/19 1707/230/19
f 287/235/20 305/239/20 1347/236/20
f 293/237/20 276/233/20 1798/234/20
f 305/239/21 320/243/21 1340/240/21
f 312/241/21 293/237/21 1794/238/21
f 320/243/22 324/247/22 1341/244/22
f 321/245/22 312/241/22 1791/242/22
f 324/247/23 332/251/23 1334/248/23
f 328/249/23 321/245/23 1787/246/23
f 332/251/24 339/255/24 1330/252/24
f 336/253/24 328/249/24 1785/250/24
f 339/255/25 344/259/25 1326/256/25
f 342/257/25 336/253/25 1778/254/25
f 344/259/26 354/263/26 1320/260/26
f 350/261/26 342/257/26 1774/258/26
f 354/263/27 362/267/27 1280/264/27
f 350/261/27 1804/262/27 1766/265/27
f 362/267/28 367/271/28 1276/268/28
f 355/266/28 1766/265/28 1762/269/28
f 367/271/29 376/275/29 1271/272/29
f 365/270/29 1762/269/29 1769/273/29
f 376/275/30 380/279/30 1281/276/30
f 371/274/30 1769/273/30 1760/277/30
f 380/279/31 384/283/31 1282/280/31
f 378/278/31 1760/277/31 1770/281/31
f 384/283/32 387/287/32 1277/284/32
f 382/282/32 1770/281/32 1767/285/32
f 387/287/33 392/291/33 1272/288/33
f 385/286/33 1767/285/33 1764/289/33
f 392/291/34 395/295/34 1321/292/34
f 390/290/34 1764/289/34 1677/293/34
f 395/295/35 399/299/35 1285/296/35
f 393/294/35 1677/293/35 1678/297/35
f 399/299/36 404/306/36 1299/300/36
f 397/298/36 1678/297/36 1680/301/36
f 407/305/1 404/2422/1 399/2423/1
f 399/2423/1 395/2424/1 392/2425/1
f 392/2425/1 387/2424/1 376/2426/1
f 387/2424/1 384/2427/1 376/2426/1
f 384/2427/1 380/2428/1 376/2426/1
f 376/2426/1 367/440/1 362/2429/1
f 362/2429/1 354/2430/1 344/2431/1
f 344/2431/1 339/2432/1 320/303/1
f 339/2432/1 332/2433/1 320/303/1
f 332/2433/1 324/2434/1 320/303/1
f 320/303/1 305/2435/1 287/2436/1
f 287/2436/1 263/2437/1 242/2438/1
f 242/2438/1 227/424/1 166/304/1
f 227/424/1 201/2439/1 166/304/1
f 201/2439/1 185/2440/1 166/304/1
f 166/304/1 154/2441/1 130/1566/1
f 130/1566/1 105/428/1 84/2442/1
f 84/2442/1 69/2443/1 407/305/1
f 69/2443/1 42/2444/1 407/305/1
f 42/2444/1 14/2445/1 407/305/1
f 407/305/1 399/2423/1 392/2425/1
f 376/2426/1 362/2429/1 344/2431/1
f 320/303/1 287/2436/1 242/2438/1
f 166/304/1 130/1566/1 84/2442/1
f 407/305/1 392/2425/1 376/2426/1
f 376/2426/1 344/2431/1 320/303/1
f 320/303/1 242/2438/1 166/304/1
f 166/304/1 84/2442/1 407/305/1
f 407/305/1 376/2426/1 320/303/1
f 404/306/37 407/310/37 1293/307/37
f 401/302/37 1680/301/37 1684/308/37
f 407/310/38 14/2446/38 1295/311/38
f 405/309/38 1684/308/38 1689/312/38
f 401/316/4 405/486/4 4/2447/4
f 4/2447/4 28/831/4 401/316/4
f 28/831/4 53/2448/4 401/316/4
f 53/2448/4 73/489/4 139/2449/4
f 73/489/4 93/1025/4 139/2449/4
f 93/1025/4 112/2450/4 139/2449/4
f 139/2449/4 161/838/4 218/2451/4
f 161/838/4 178/2452/4 218/2451/4
f 178/2452/4 191/490/4 218/2451/4
f 218/2451/4 234/2453/4 293/314/4
f 234/2453/4 251/493/4 293/314/4
f 251/493/4 276/2454/4 293/314/4
f 293/314/4 312/2455/4 321/2456/4
f 321/2456/4 328/2457/4 293/314/4
f 328/2457/4 336/2458/4 293/314/4
f 336/2458/4 342/2457/4 365/315/4
f 342/2457/4 350/315/4 365/315/4
f 350/315/4 355/1575/4 365/315/4
f 365/315/4 371/1575/4 378/501/4
f 378/501/4 382/845/4 365/315/4
f 382/845/4 385/483/4 365/315/4
f 385/483/4 390/845/4 401/316/4
f 390/845/4 393/316/4 401/316/4
f 393/316/4 397/1576/4 401/316/4
f 401/316/4 53/2448/4 139/2449/4
f 139/2449/4 218/2451/4 293/314/4
f 293/314/4 336/2458/4 365/315/4
f 365/315/4 385/483/4 401/316/4
f 401/316/4 139/2449/4 293/314/4
f 323/181/39 396/187/39 1859/182/39
f 181/184/39 1653/929/39 1660/318/39
f 699/319/40 410/191/40 1864/320/40
f 396/187/40 698/2459/40 1858/322/40
f 394/186/40 1660/318/40 1658/323/40
f 701/325/40 1659/2460/40 1664/326/40
f 410/191/41 415/195/41 1846/192/41
f 402/190/41 1664/326/41 1640/327/41
f 415/195/42 420/330/42 1945/328/42
f 412/194/42 1640/327/42 1645/329/42
f 428/203/43 1941/200/43 1945/328/43
f 424/201/43 418/198/43 1645/329/43
f 432/207/44 1940/336/44 1941/200/44
f 430/205/44 424/201/44 1668/331/44
f 439/211/45 1933/208/45 1937/333/45
f 705/335/45 1939/722/45 1940/336/45
f 707/337/45 430/205/45 1628/332/45
f 437/209/45 706/2461/45 1622/339/45
f 444/215/46 1930/341/46 1933/208/46
f 443/213/46 437/209/46 1619/210/46
f 452/219/47 1923/216/47 1930/341/47
f 448/217/47 443/213/47 1618/340/47
f 456/223/48 1915/349/48 1916/342/48
f 711/344/48 1920/2462/48 1923/216/48
f 713/345/48 448/217/48 1606/218/48
f 454/221/48 712/2463/48 1601/347/48
f 463/227/49 1912/224/49 1915/349/49
f 460/225/49 454/221/49 1602/348/49
f 468/231/50 1902/228/50 1912/224/50
f 465/229/50 460/225/50 1597/350/50
f 474/235/51 1894/232/51 1902/228/51
f 473/233/51 465/229/51 1595/230/51
f 482/239/52 1883/356/52 1894/232/52
f 479/237/52 473/233/52 1545/351/52
f 486/243/53 1878/240/53 1877/353/53
f 482/239/53 717/942/53 1876/355/53
f 719/357/53 479/237/53 1533/352/53
f 718/359/53 1527/2464/53 1528/242/53
f 493/247/54 1879/361/54 1878/240/54
f 490/245/54 485/241/54 1528/242/54
f 500/251/55 1880/248/55 1879/361/55
f 495/249/55 490/245/55 1529/360/55
f 506/255/56 1893/370/56 1892/363/56
f 500/251/56 723/2465/56 1881/365/56
f 725/366/56 495/249/56 1530/362/56
f 724/368/56 1541/2466/56 1542/369/56
f 510/259/57 1898/256/57 1893/370/57
f 508/257/57 503/253/57 1542/369/57
f 518/263/58 1805/260/58 1898/256/58
f 514/261/58 508/257/58 1547/371/58
f 523/267/59 1808/264/59 1805/260/59
f 514/261/59 1559/262/59 1561/372/59
f 529/271/60 1820/377/60 1808/264/60
f 519/266/60 1561/372/60 1568/373/60
f 729/374/61 536/275/61 1815/272/61
f 529/271/61 728/953/61 1821/376/61
f 527/270/61 1568/373/61 1565/378/61
f 731/380/61 1570/2467/61 1572/273/61
f 536/275/62 542/279/62 1822/381/62
f 531/274/62 1572/273/62 1576/382/62
f 542/279/63 548/283/63 1828/280/63
f 538/278/63 1576/382/63 1581/281/63
f 734/383/64 553/287/64 1836/384/64
f 733/386/64 1827/2468/64 1828/280/64
f 543/282/64 1581/281/64 1583/387/64
f 736/389/64 1585/2469/64 1584/390/64
f 553/287/65 559/291/65 1873/288/65
f 549/286/65 1584/390/65 1587/391/65
f 559/291/66 565/295/66 1844/392/66
f 556/290/66 1587/391/66 1589/393/66
f 565/295/67 570/395/67 1872/296/67
f 561/294/67 1589/393/67 1644/394/67
f 577/306/68 1871/474/68 1872/296/68
f 567/298/68 1644/394/68 1667/396/68
f 930/410/5 723/2470/5 500/2471/5
f 500/2471/5 493/2472/5 1051/2473/5
f 493/2472/5 486/2474/5 1050/2475/5
f 500/2471/5 1051/2473/5 930/410/5
f 486/2474/5 716/418/5 612/2476/5
f 716/418/5 751/2477/5 612/2476/5
f 614/2478/5 493/2472/5 1050/2475/5
f 929/421/5 930/410/5 1051/2473/5
f 493/2472/5 614/2478/5 1051/2473/5
f 486/2474/5 612/2476/5 1050/2475/5
f 1051/2473/5 611/397/5 929/421/5
f 928/399/5 929/421/5 611/397/5
f 944/413/5 717/2479/5 482/2480/5
f 482/2480/5 474/2436/5 1093/2481/5
f 474/2436/5 468/400/5 621/402/5
f 468/400/5 463/2438/5 619/401/5
f 463/2438/5 456/424/5 887/416/5
f 619/401/5 463/2438/5 887/416/5
f 887/416/5 1092/415/5 619/401/5
f 474/2436/5 621/402/5 618/2482/5
f 1093/2481/5 944/413/5 482/2480/5
f 618/2482/5 1093/2481/5 474/2436/5
f 603/405/5 1098/407/5 886/406/5
f 886/406/5 529/440/5 523/403/5
f 523/403/5 518/2483/5 608/404/5
f 518/2483/5 510/2431/5 608/404/5
f 510/2431/5 506/2432/5 1096/2484/5
f 506/2432/5 722/419/5 1096/2484/5
f 510/2431/5 1096/2484/5 604/2485/5
f 604/2485/5 608/404/5 510/2431/5
f 603/405/5 886/406/5 523/403/5
f 721/409/5 723/2470/5 930/410/5
f 715/412/5 717/2479/5 944/413/5
f 1006/414/5 944/413/5 623/778/5
f 944/413/5 1093/2481/5 623/778/5
f 623/778/5 751/2477/5 1006/414/5
f 751/2477/5 716/418/5 1006/414/5
f 1005/422/5 928/399/5 753/398/5
f 638/975/5 1096/2484/5 722/419/5
f 1005/422/5 753/398/5 638/975/5
f 930/410/5 929/421/5 1003/411/5
f 929/421/5 1004/420/5 1003/411/5
f 1004/420/5 1005/422/5 722/419/5
f 1005/422/5 638/975/5 722/419/5
f 722/419/5 721/409/5 1003/411/5
f 929/421/5 928/399/5 1005/422/5
f 894/446/5 711/2486/5 452/2439/5
f 452/2439/5 444/2440/5 1053/425/5
f 444/2440/5 439/304/5 1052/2487/5
f 452/2439/5 1053/425/5 894/446/5
f 439/304/5 704/469/5 635/2488/5
f 704/469/5 747/2489/5 635/2488/5
f 632/2490/5 444/2440/5 1052/2487/5
f 895/427/5 894/446/5 1053/425/5
f 444/2440/5 632/2490/5 1053/425/5
f 439/304/5 635/2488/5 1052/2487/5
f 896/2491/5 895/427/5 634/426/5
f 634/426/5 749/2492/5 896/2491/5
f 880/449/5 705/2493/5 432/2441/5
f 432/2441/5 428/1566/5 1087/1014/5
f 428/1566/5 420/428/5 628/430/5
f 420/428/5 415/2442/5 626/429/5
f 415/2442/5 410/2443/5 1085/2494/5
f 626/429/5 415/2442/5 1085/2494/5
f 410/2443/5 699/468/5 1085/2494/5
f 428/1566/5 628/430/5 627/2495/5
f 1087/1014/5 880/449/5 432/2441/5
f 627/2495/5 1087/1014/5 428/1566/5
f 957/452/5 698/2496/5 396/2444/5
f 396/2444/5 323/2445/5 957/452/5
f 323/2445/5 582/305/5 594/2497/5
f 957/452/5 323/2445/5 955/432/5
f 582/305/5 740/470/5 592/2498/5
f 740/470/5 758/821/5 592/2498/5
f 323/2445/5 594/2497/5 955/432/5
f 582/305/5 592/2498/5 594/2497/5
f 593/433/5 744/2499/5 956/431/5
f 594/2497/5 593/433/5 955/432/5
f 939/455/5 739/807/5 577/2422/5
f 577/2422/5 570/2423/5 1106/2500/5
f 570/2423/5 565/434/5 591/436/5
f 565/434/5 559/2425/5 585/435/5
f 559/2425/5 553/2424/5 1103/2501/5
f 585/435/5 559/2425/5 1103/2501/5
f 553/2424/5 734/465/5 1103/2501/5
f 570/2423/5 591/436/5 586/2502/5
f 1106/2500/5 939/455/5 577/2422/5
f 586/2502/5 1106/2500/5 570/2423/5
f 873/458/5 733/2503/5 548/2427/5
f 548/2427/5 542/2428/5 873/458/5
f 542/2428/5 536/2426/5 598/2504/5
f 873/458/5 542/2428/5 872/438/5
f 536/2426/5 729/2505/5 602/2506/5
f 729/2505/5 754/462/5 602/2506/5
f 542/2428/5 598/2504/5 872/438/5
f 536/2426/5 602/2506/5 598/2504/5
f 601/439/5 756/2507/5 874/437/5
f 598/2504/5 601/439/5 872/438/5
f 529/440/5 886/406/5 885/441/5
f 998/444/5 896/2491/5 749/2492/5
f 749/2492/5 640/417/5 998/444/5
f 640/417/5 887/416/5 998/444/5
f 887/416/5 710/423/5 998/444/5
f 710/423/5 709/445/5 999/447/5
f 999/447/5 894/446/5 895/427/5
f 710/423/5 999/447/5 1000/443/5
f 999/447/5 895/427/5 1000/443/5
f 709/445/5 711/2486/5 894/446/5
f 703/448/5 705/2493/5 880/449/5
f 697/451/5 698/2496/5 957/452/5
f 738/454/5 739/807/5 939/455/5
f 732/457/5 733/2503/5 873/458/5
f 727/460/5 728/442/5 885/441/5
f 994/461/5 885/441/5 886/406/5
f 886/406/5 610/408/5 754/462/5
f 754/462/5 729/2505/5 994/461/5
f 729/2505/5 727/460/5 994/461/5
f 992/459/5 873/458/5 872/438/5
f 992/459/5 872/438/5 991/463/5
f 734/465/5 732/457/5 992/459/5
f 637/2508/112 1103/2501/112 734/465/112
f 874/437/5 756/2507/5 993/464/5
f 756/2507/5 637/2508/5 993/464/5
f 637/2508/5 734/465/5 993/464/5
f 734/465/5 992/459/5 991/463/5
f 996/453/5 957/452/5 955/432/5
f 996/453/5 955/432/5 995/466/5
f 699/468/5 697/451/5 996/453/5
f 639/2509/5 1085/2494/5 699/468/5
f 956/431/5 744/2499/5 997/467/5
f 744/2499/5 639/2509/5 997/467/5
f 639/2509/5 699/468/5 997/467/5
f 699/468/5 996/453/5 995/466/5
f 872/438/5 874/437/5 993/464/5
f 895/427/5 896/2491/5 998/444/5
f 1001/450/5 880/449/5 636/1015/5
f 880/449/112 1087/1014/112 636/1015/112
f 636/1015/5 747/2489/5 1001/450/5
f 747/2489/5 704/469/5 1001/450/5
f 1002/456/5 939/455/5 597/1016/5
f 939/455/5 1106/2500/5 597/1016/5
f 597/1016/5 758/821/5 1002/456/5
f 758/821/5 740/470/5 1002/456/5
f 955/432/5 956/431/5 997/467/5
f 740/471/69 582/310/69 1861/307/69
f 577/306/69 739/2510/69 1863/473/69
f 574/302/69 1667/396/69 1663/475/69
f 742/477/69 1662/2511/69 1661/478/69
f 582/310/70 323/2512/70 1860/479/70
f 580/309/70 1661/478/70 1653/480/70
f 878/504/3 736/503/3 549/483/3
f 549/483/3 556/2513/3 1104/481/3
f 556/2513/3 561/316/3 687/1022/3
f 561/316/3 567/1576/3 687/1022/3
f 567/1576/3 574/1570/3 1105/2514/3
f 687/1022/3 567/1576/3 691/829/3
f 574/1570/3 741/530/3 1105/2514/3
f 1105/2514/3 691/829/3 567/1576/3
f 556/2513/3 687/1022/3 692/2515/3
f 879/482/3 878/504/3 549/483/3
f 692/2515/3 1104/481/3 556/2513/3
f 937/505/3 742/507/3 580/486/3
f 580/486/3 181/2447/3 643/484/3
f 181/2447/3 394/831/3 643/484/3
f 394/831/3 700/537/3 645/832/3
f 700/537/3 745/2516/3 645/832/3
f 937/505/3 580/486/3 693/485/3
f 693/485/3 759/2517/3 937/505/3
f 394/831/3 645/832/3 643/484/3
f 949/510/3 701/509/3 402/2448/3
f 402/2448/3 412/489/3 951/488/3
f 412/489/3 418/1025/3 647/1027/3
f 418/1025/3 424/2450/3 650/1026/3
f 424/2450/3 430/2449/3 1088/2518/3
f 650/1026/3 424/2450/3 1088/2518/3
f 430/2449/3 707/532/3 1088/2518/3
f 412/489/3 647/1027/3 653/487/3
f 950/534/3 949/510/3 402/2448/3
f 653/487/3 1086/2519/3 951/488/3
f 951/488/3 950/534/3 402/2448/3
f 418/1025/3 650/1026/3 647/1027/3
f 875/511/3 706/513/3 437/838/3
f 437/838/3 443/2452/3 662/836/3
f 443/2452/3 448/490/3 1247/492/3
f 662/836/3 443/2452/3 1247/492/3
f 448/490/3 713/2520/3 665/491/3
f 713/2520/3 748/2521/3 665/491/3
f 875/511/3 437/838/3 694/837/3
f 694/837/3 746/2522/3 875/511/3
f 662/836/3 694/837/3 437/838/3
f 888/516/3 712/515/3 454/2451/3
f 454/2451/3 460/2523/3 1091/2524/3
f 460/2523/3 465/493/3 656/495/3
f 465/493/3 473/2454/3 660/494/3
f 473/2454/3 479/314/3 1094/2525/3
f 660/494/3 473/2454/3 1094/2525/3
f 479/314/3 719/519/3 1094/2525/3
f 460/2523/3 656/495/3 666/2526/3
f 1091/2524/3 888/516/3 454/2451/3
f 666/2526/3 1091/2524/3 460/2523/3
f 958/498/3 718/518/3 485/2527/3
f 485/2527/3 696/496/3 958/498/3
f 680/500/3 695/541/3 531/2528/3
f 531/2528/3 538/501/3 680/500/3
f 538/501/3 543/845/3 684/499/3
f 543/845/3 735/2529/3 684/499/3
f 735/2529/3 757/868/3 684/499/3
f 960/502/3 737/1038/3 736/503/3
f 937/505/3 962/531/3 743/506/3
f 967/508/3 702/854/3 701/509/3
f 875/511/3 974/533/3 708/512/3
f 973/514/3 714/860/3 712/515/3
f 958/498/3 965/520/3 720/517/3
f 965/520/3 958/498/3 750/497/3
f 654/2530/3 1094/2525/3 719/519/3
f 965/520/3 750/497/3 719/519/3
f 750/497/3 654/2530/3 719/519/3
f 970/521/3 879/482/3 968/524/3
f 879/482/113 1104/481/113 683/522/113
f 879/482/3 683/522/3 968/524/3
f 960/502/3 878/504/3 970/521/3
f 735/2529/3 737/1038/3 960/502/3
f 1101/525/3 757/868/3 970/521/3
f 757/868/3 735/2529/3 970/521/3
f 968/524/3 1102/523/3 1101/525/3
f 735/2529/3 960/502/3 970/521/3
f 973/514/3 888/516/3 966/526/3
f 888/516/114 1091/2524/114 661/528/114
f 888/516/3 661/528/3 966/526/3
f 713/2520/3 714/860/3 973/514/3
f 1090/527/3 748/2521/3 973/514/3
f 748/2521/3 713/2520/3 973/514/3
f 966/526/3 1089/529/3 1090/527/3
f 962/531/3 937/505/3 759/2517/3
f 688/2531/3 1105/2514/3 741/530/3
f 962/531/3 759/2517/3 741/530/3
f 759/2517/3 688/2531/3 741/530/3
f 875/511/3 746/2522/3 974/533/3
f 746/2522/3 649/2532/3 707/532/3
f 974/533/3 746/2522/3 707/532/3
f 649/2532/114 1088/2518/114 707/532/114
f 950/534/3 951/488/3 971/535/3
f 971/535/3 951/488/3 644/2533/3
f 951/488/3 1086/2519/3 644/2533/3
f 644/2533/3 745/2516/3 971/535/3
f 745/2516/3 700/537/3 972/536/3
f 971/535/3 745/2516/3 972/536/3
f 949/510/3 950/534/3 972/536/3
f 967/508/3 949/510/3 972/536/3
f 700/537/3 702/854/3 967/508/3
f 940/549/3 724/548/3 503/2534/3
f 503/2534/3 508/2535/3 1095/2536/3
f 508/2535/3 514/538/3 668/540/3
f 514/538/3 519/1575/3 671/539/3
f 519/1575/3 527/2537/3 1097/2538/3
f 671/539/3 519/1575/3 1097/2538/3
f 527/2537/3 730/553/3 1097/2538/3
f 508/2535/3 668/540/3 679/2539/3
f 941/556/3 940/549/3 503/2534/3
f 679/2539/3 1095/2536/3 508/2535/3
f 1095/2536/3 942/554/3 503/2534/3
f 942/554/3 941/556/3 503/2534/3
f 893/543/3 731/2540/3 531/2528/3
f 531/2528/3 695/541/3 893/543/3
f 673/884/3 696/496/3 485/2527/3
f 485/2527/3 490/2541/3 673/884/3
f 490/2541/3 495/544/3 1246/546/3
f 673/884/3 490/2541/3 1246/546/3
f 495/544/3 725/558/3 676/545/3
f 725/558/3 752/2542/3 676/545/3
f 964/547/3 726/2543/3 724/548/3
f 1099/550/3 1100/890/3 961/551/3
f 961/551/3 893/543/3 1099/550/3
f 961/551/3 1100/890/3 667/552/3
f 667/552/113 1097/2538/113 730/553/113
f 730/553/3 731/2540/3 961/551/3
f 731/2540/3 893/543/3 961/551/3
f 942/554/3 963/557/3 969/555/3
f 672/2544/3 752/2542/3 963/557/3
f 752/2542/3 725/558/3 963/557/3
f 725/558/3 726/2543/3 964/547/3
f 964/547/3 940/549/3 969/555/3
f 940/549/3 941/556/3 969/555/3
f 1095/2536/3 672/2544/3 942/554/3
f 963/557/3 942/554/3 672/2544/3
f 964/547/3 969/555/3 725/558/3
f 593/559/55 594/2545/55 1867/560/55
f 645/562/55 1651/2546/55 1649/563/55
f 744/565/56 593/559/56 1853/561/56
f 745/567/56 1665/899/56 1650/568/56
f 626/572/58 1847/2547/58 1850/570/58
f 647/576/58 1636/578/58 1639/574/58
f 650/579/59 1630/2548/59 1635/577/59
f 627/581/59 628/569/59 1943/580/59
f 694/583/61 1620/590/61 1623/584/61
f 747/586/61 1938/2549/61 1935/587/61
f 662/589/62 1616/601/62 1620/590/62
f 1052/591/62 1931/595/62 1928/592/62
f 635/588/62 1932/2550/62 1931/595/62
f 1247/596/63 1613/598/63 1614/597/63
f 1613/598/63 1247/596/63 665/599/63
f 632/593/63 1929/594/63 1925/602/63
f 748/606/64 1609/2551/64 1607/607/64
f 749/608/64 634/604/64 1924/609/64
f 656/614/66 1596/621/66 1599/612/66
f 621/618/66 619/616/66 1919/615/66
f 660/622/67 1544/2552/67 1554/620/67
f 618/624/67 621/618/67 1901/623/67
f 750/626/69 696/633/69 1532/627/69
f 1885/629/69 612/637/69 751/630/69
f 673/632/70 1535/641/70 1532/627/70
f 1888/634/70 614/639/70 1050/635/70
f 612/637/70 1886/2553/70 1887/636/70
f 1537/642/39 1246/645/39 676/643/39
f 1246/645/39 1537/642/39 1536/640/39
f 614/639/39 1889/638/39 1882/646/39
f 1882/650/39 611/649/39 1051/647/39
f 752/651/40 1540/1084/40 1539/652/40
f 753/653/40 611/649/40 1891/654/40
f 668/659/42 1558/669/42 1548/657/42
f 608/663/42 604/661/42 1899/660/42
f 1807/667/43 603/666/43 608/663/43
f 671/670/43 1564/2554/43 1560/668/43
f 1816/671/45 602/2555/45 754/672/45
f 695/674/45 1571/681/45 1569/675/45
f 598/677/46 602/2555/46 1814/678/46
f 680/680/46 1574/685/46 1571/681/46
f 601/682/47 598/677/47 1823/679/47
f 684/684/47 1578/2556/47 1574/685/47
f 756/686/48 601/682/48 1830/683/48
f 757/688/48 1579/2557/48 1580/689/48
f 1845/692/50 591/691/50 585/693/50
f 687/698/50 1590/703/50 1586/696/50
f 591/691/51 1843/690/51 1852/701/51
f 691/704/51 1643/2558/51 1648/702/51
f 758/705/53 1870/2559/53 1869/706/53
f 759/708/53 693/715/53 1652/709/53
f 594/711/54 592/707/54 1868/712/54
f 643/714/54 1649/2560/54 1652/709/54
f 346/181/7 398/187/7 1303/182/7
f 66/184/7 1692/929/7 1693/185/7
f 398/187/8 760/2561/8 1305/716/8
f 762/319/8 408/191/8 1309/320/8
f 373/186/8 1693/185/8 1696/323/8
f 765/325/8 1699/2460/8 1704/717/8
f 408/191/9 416/195/9 1311/192/9
f 403/190/9 1704/717/9 1725/327/9
f 416/195/10 422/199/10 1314/328/10
f 411/194/10 1725/327/10 1723/329/10
f 422/199/11 427/203/11 1387/200/11
f 425/201/11 419/198/11 1723/329/11
f 427/203/12 433/721/12 1386/336/12
f 431/205/12 425/201/12 1743/718/12
f 766/719/13 438/211/13 1379/208/13
f 433/721/13 768/335/13 1381/722/13
f 771/723/13 431/205/13 1742/332/13
f 436/725/13 769/934/13 1734/339/13
f 438/211/14 445/215/14 1374/341/14
f 441/213/14 436/725/14 1733/210/14
f 445/215/15 451/219/15 1378/216/15
f 447/217/15 441/213/15 1732/340/15
f 772/343/16 458/223/16 1383/349/16
f 451/219/16 774/2562/16 1376/726/16
f 777/727/16 447/217/16 1731/218/16
f 453/221/16 775/939/16 1737/729/16
f 458/223/17 464/227/17 1382/224/17
f 461/225/17 453/221/17 1736/730/17
f 464/227/18 470/231/18 1365/228/18
f 466/229/18 461/225/18 1735/350/18
f 470/231/19 476/235/19 1355/232/19
f 471/233/19 466/229/19 1716/230/19
f 476/235/20 481/239/20 1349/356/20
f 478/237/20 471/233/20 1801/351/20
f 778/731/21 488/243/21 1343/240/21
f 481/239/21 780/942/21 1350/355/21
f 783/357/21 478/237/21 1799/352/21
f 483/241/21 781/2563/21 1795/733/21
f 488/243/22 492/247/22 1338/361/22
f 489/245/22 483/241/22 1789/242/22
f 492/247/23 498/251/23 1331/248/23
f 497/249/23 489/245/23 1788/360/23
f 784/364/24 505/738/24 1325/370/24
f 498/251/24 786/948/24 1332/735/24
f 789/736/24 497/249/24 1781/362/24
f 502/253/24 787/2564/24 1777/737/24
f 505/738/25 511/259/25 1323/256/25
f 509/257/25 502/253/25 1779/369/25
f 511/259/26 516/740/26 1278/260/26
f 513/261/26 509/257/26 1773/739/26
f 516/740/27 522/741/27 1259/264/27
f 513/261/27 1768/262/27 1752/372/27
f 522/741/28 528/271/28 1260/377/28
f 520/266/28 1752/372/28 1753/373/28
f 792/742/29 535/275/29 1253/272/29
f 528/271/29 790/953/29 1261/376/29
f 526/270/29 1753/373/29 1745/378/29
f 794/744/29 1746/2565/29 1747/273/29
f 535/275/30 541/279/30 1254/381/30
f 533/274/30 1747/273/30 1744/382/30
f 541/279/31 547/283/31 1255/745/31
f 537/278/31 1744/382/31 1748/281/31
f 797/383/32 552/749/32 1264/384/32
f 547/283/32 795/956/32 1257/746/32
f 544/282/32 1748/281/32 1749/747/32
f 800/389/32 1750/2469/32 1756/390/32
f 552/749/33 558/291/33 1265/288/33
f 550/286/33 1756/390/33 1757/391/33
f 558/291/34 566/295/34 1284/392/34
f 555/290/34 1757/391/34 1671/750/34
f 566/295/35 572/395/35 1275/296/35
f 562/294/35 1671/750/35 1672/751/35
f 572/395/36 576/824/36 1288/474/36
f 568/298/36 1672/751/36 1676/752/36
f 1151/405/1 1153/772/1 884/774/1
f 884/774/1 528/792/1 522/403/1
f 522/403/1 516/2566/1 607/753/1
f 516/2566/1 511/2567/1 607/753/1
f 511/2567/1 505/2568/1 1149/2569/1
f 505/2568/1 784/771/1 1149/2569/1
f 511/2567/1 1149/2569/1 606/2570/1
f 606/2570/1 607/753/1 511/2567/1
f 1151/405/1 884/774/1 522/403/1
f 914/760/1 786/762/1 498/2471/1
f 498/2471/1 492/2571/1 915/756/1
f 492/2571/1 488/2572/1 613/754/1
f 488/2572/1 778/2573/1 1139/2574/1
f 778/2573/1 810/2575/1 1063/2576/1
f 1063/2576/1 1139/2574/1 778/2573/1
f 914/760/1 498/2471/1 915/756/1
f 492/2571/1 613/754/1 915/756/1
f 1065/2577/1 812/2578/1 915/756/1
f 488/2572/1 1139/2574/1 613/754/1
f 1142/755/1 1065/2577/1 915/756/1
f 898/763/1 780/765/1 481/2579/1
f 481/2579/1 476/759/1 899/758/1
f 476/759/1 470/2580/1 620/402/1
f 470/2580/1 464/2581/1 620/402/1
f 464/2581/1 458/781/1 882/768/1
f 620/402/1 464/2581/1 1132/401/1
f 882/768/1 1130/767/1 1132/401/1
f 882/768/1 1132/401/1 464/2581/1
f 476/759/1 620/402/1 616/2482/1
f 899/758/1 898/763/1 481/2579/1
f 616/2482/1 1134/757/1 476/759/1
f 914/760/1 1047/2582/1 785/761/1
f 898/763/1 1034/775/1 779/764/1
f 1047/2582/1 914/760/1 915/756/1
f 1049/769/1 1144/780/1 1146/770/1
f 1047/2582/1 915/756/1 1049/769/1
f 784/771/1 785/761/1 1047/2582/1
f 1146/770/71 1149/2569/71 784/771/71
f 1047/2582/1 1049/769/1 784/771/1
f 1034/775/1 898/763/1 899/758/1
f 1035/776/1 1138/2583/1 1137/777/1
f 1034/775/1 899/758/1 1035/776/1
f 778/2573/1 779/764/1 1034/775/1
f 1137/777/1 810/2575/1 1034/775/1
f 810/2575/1 778/2573/1 1034/775/1
f 1133/778/1 1138/2583/1 1035/776/1
f 1035/776/1 899/758/1 1133/778/1
f 1049/769/1 915/756/1 812/2578/1
f 812/2578/1 1145/779/1 1049/769/1
f 892/797/1 774/799/1 451/2584/1
f 451/2584/1 445/2440/1 892/797/1
f 445/2440/1 438/304/1 631/2490/1
f 892/797/1 445/2440/1 891/783/1
f 438/304/1 766/469/1 1121/2585/1
f 766/469/1 1120/2586/1 1121/2585/1
f 445/2440/1 631/2490/1 891/783/1
f 438/304/1 1121/2585/1 631/2490/1
f 1124/426/1 1125/2492/1 890/782/1
f 631/2490/1 1124/426/1 891/783/1
f 877/800/1 768/801/1 433/2441/1
f 433/2441/1 427/1566/1 1117/819/1
f 427/1566/1 422/428/1 629/784/1
f 422/428/1 416/2442/1 625/429/1
f 416/2442/1 408/2443/1 1113/2494/1
f 625/429/1 416/2442/1 1113/2494/1
f 408/2443/1 762/468/1 1113/2494/1
f 427/1566/1 629/784/1 1054/2495/1
f 1117/819/1 877/800/1 433/2441/1
f 1054/2495/1 1117/819/1 427/1566/1
f 908/802/1 760/804/1 398/2444/1
f 398/2444/1 346/2445/1 908/802/1
f 346/2445/1 583/2587/1 595/2497/1
f 908/802/1 346/2445/1 907/786/1
f 583/2587/1 803/822/1 1175/2588/1
f 803/822/1 813/821/1 1066/2589/1
f 1066/2589/1 1175/2588/1 803/822/1
f 346/2445/1 595/2497/1 907/786/1
f 583/2587/1 1175/2588/1 595/2497/1
f 1107/787/1 1060/2590/1 906/785/1
f 1060/2590/1 807/2591/1 906/785/1
f 595/2497/1 1107/787/1 907/786/1
f 922/805/1 801/807/1 576/2592/1
f 576/2592/1 572/2593/1 1170/2594/1
f 572/2593/1 566/788/1 589/789/1
f 566/788/1 558/2595/1 1055/435/1
f 558/2595/1 552/2596/1 1168/2597/1
f 1055/435/1 558/2595/1 1168/2597/1
f 552/2596/1 797/816/1 1168/2597/1
f 572/2593/1 589/789/1 588/2598/1
f 1170/2594/1 922/805/1 576/2592/1
f 588/2598/1 1170/2594/1 572/2593/1
f 869/808/1 795/2599/1 547/2600/1
f 547/2600/1 541/2428/1 869/808/1
f 541/2428/1 535/2426/1 599/2504/1
f 869/808/1 541/2428/1 870/791/1
f 535/2426/1 792/2601/1 1056/2602/1
f 792/2601/1 1157/813/1 1056/2602/1
f 541/2428/1 599/2504/1 870/791/1
f 535/2426/1 1056/2602/1 599/2504/1
f 1161/439/1 1163/2603/1 871/790/1
f 599/2504/1 1161/439/1 870/791/1
f 528/792/1 884/774/1 883/793/1
f 1126/766/1 882/768/1 1042/796/1
f 882/768/1 772/423/1 1042/796/1
f 772/423/1 773/798/1 1037/2604/1
f 1037/2604/1 892/797/1 891/783/1
f 1037/2604/1 891/783/1 1044/795/1
f 772/423/1 1037/2604/1 1044/795/1
f 890/782/1 1125/2492/1 1042/796/1
f 1125/2492/1 1126/766/1 1042/796/1
f 892/797/1 1037/2604/1 773/798/1
f 877/800/1 1040/2605/1 767/448/1
f 908/802/1 1045/2606/1 761/803/1
f 922/805/1 1048/823/1 802/806/1
f 869/808/1 1039/2607/1 796/809/1
f 883/793/1 1036/812/1 791/811/1
f 1036/812/1 883/793/1 884/774/1
f 1154/2608/1 1157/813/1 884/774/1
f 1157/813/1 792/2601/1 1036/812/1
f 792/2601/1 791/811/1 1036/812/1
f 1039/2607/1 869/808/1 870/791/1
f 1039/2607/1 870/791/1 1038/814/1
f 797/816/1 796/809/1 1039/2607/1
f 1164/2609/1 1168/2597/1 797/816/1
f 871/790/1 1163/2603/1 1043/815/1
f 1163/2603/1 1164/2609/1 1043/815/1
f 1164/2609/1 797/816/1 1043/815/1
f 797/816/1 1039/2607/1 1038/814/1
f 1045/2606/1 908/802/1 907/786/1
f 1045/2606/1 907/786/1 1041/817/1
f 762/468/1 761/803/1 1045/2606/1
f 1110/2610/115 1113/2494/115 762/468/115
f 807/2591/1 1109/2611/1 1046/818/1
f 1109/2611/1 1110/2610/1 762/468/1
f 1046/818/1 1109/2611/1 762/468/1
f 1046/818/1 906/785/1 807/2591/1
f 1045/2606/1 1041/817/1 762/468/1
f 1043/815/1 1038/814/1 870/791/1
f 1042/796/1 1044/795/1 891/783/1
f 1116/820/1 1120/2586/1 1040/2605/1
f 1120/2586/1 766/469/1 1040/2605/1
f 766/469/1 767/448/1 1040/2605/1
f 1040/2605/1 877/800/1 1116/820/1
f 1048/823/1 922/805/1 1171/2612/1
f 922/805/71 1170/2594/71 1171/2612/71
f 1171/2612/1 1174/2613/1 1048/823/1
f 1174/2613/1 813/821/1 1048/823/1
f 803/822/1 802/806/1 1048/823/1
f 1046/818/1 1041/817/1 907/786/1
f 803/471/37 583/310/37 1289/307/37
f 576/824/37 801/2614/37 1286/825/37
f 573/302/37 1676/752/37 1675/826/37
f 806/477/37 1688/2511/37 1682/478/37
f 583/310/38 346/2615/38 1297/828/38
f 581/309/38 1682/478/38 1692/480/38
f 881/482/4 800/503/4 550/483/4
f 550/483/4 555/2513/4 1169/1051/4
f 555/2513/4 562/316/4 686/830/4
f 562/316/4 568/1576/4 689/829/4
f 568/1576/4 573/1570/4 1172/2616/4
f 689/829/4 568/1576/4 1172/2616/4
f 573/1570/4 804/874/4 1172/2616/4
f 555/2513/4 686/830/4 1057/2515/4
f 1169/1051/4 881/482/4 550/483/4
f 1057/2515/4 1169/1051/4 555/2513/4
f 921/850/4 806/507/4 581/486/4
f 581/486/4 66/2447/4 641/833/4
f 66/2447/4 373/831/4 641/833/4
f 373/831/4 763/2617/4 1108/832/4
f 763/2617/4 808/2516/4 1061/2618/4
f 1061/2618/4 1108/832/4 763/2617/4
f 921/850/4 581/486/4 1176/485/4
f 1067/1023/4 814/2619/4 921/850/4
f 1176/485/4 1067/1023/4 921/850/4
f 581/486/4 641/833/4 1176/485/4
f 905/2620/4 765/852/4 403/2448/4
f 403/2448/4 411/835/4 903/834/4
f 411/835/4 419/1025/4 646/2621/4
f 419/1025/4 425/2622/4 1115/1026/4
f 425/2622/4 431/2449/4 1119/2623/4
f 1115/1026/4 425/2622/4 1119/2623/4
f 431/2449/4 771/875/4 1119/2623/4
f 411/835/4 646/2621/4 651/487/4
f 904/877/4 905/2620/4 403/2448/4
f 651/487/4 1114/2519/4 903/834/4
f 903/834/4 904/877/4 403/2448/4
f 419/1025/4 1115/1026/4 646/2621/4
f 876/856/4 769/2624/4 436/838/4
f 436/838/4 441/2452/4 663/836/4
f 441/2452/4 447/490/4 663/836/4
f 447/490/4 777/2520/4 1058/2625/4
f 777/2520/4 1129/870/4 1058/2625/4
f 876/856/4 436/838/4 1123/837/4
f 1123/837/4 1122/876/4 876/856/4
f 447/490/4 1058/2625/4 663/836/4
f 889/2626/4 775/858/4 453/2627/4
f 453/2627/4 461/2523/4 1131/2628/4
f 461/2523/4 466/839/4 657/841/4
f 466/839/4 471/2629/4 659/840/4
f 471/2629/4 478/2630/4 1135/2631/4
f 659/840/4 471/2629/4 1135/2631/4
f 478/2630/4 783/864/4 1135/2631/4
f 461/2523/4 657/841/4 1059/2632/4
f 1131/2628/4 889/2626/4 453/2627/4
f 1059/2632/4 1131/2628/4 461/2523/4
f 781/844/4 483/2527/4 1141/842/4
f 1141/842/4 1062/2633/4 913/843/4
f 1062/2633/4 809/2634/4 913/843/4
f 533/2528/4 537/501/4 1160/541/4
f 537/501/4 544/845/4 681/500/4
f 1160/541/4 537/501/4 681/500/4
f 544/845/4 798/2529/4 1162/846/4
f 798/2529/4 1165/868/4 1162/846/4
f 800/503/4 881/482/4 1016/847/4
f 805/849/4 806/507/4 921/850/4
f 765/852/4 905/2620/4 1014/853/4
f 770/855/4 769/2624/4 876/856/4
f 775/858/4 889/2626/4 1010/859/4
f 782/861/4 781/844/4 913/843/4
f 1136/2635/72 1135/2631/72 783/864/72
f 783/864/4 782/861/4 1007/862/4
f 1007/862/4 913/843/4 809/2634/4
f 809/2634/4 1140/863/4 1007/862/4
f 1140/863/4 1136/2635/4 783/864/4
f 1016/847/4 881/482/4 1012/866/4
f 881/482/4 1169/1051/4 1167/522/4
f 881/482/4 1167/522/4 1012/866/4
f 798/2529/4 799/848/4 1016/847/4
f 1166/865/4 1165/868/4 1012/866/4
f 1165/868/4 798/2529/4 1016/847/4
f 1010/859/4 889/2626/4 1009/869/4
f 889/2626/4 1131/2628/4 1127/528/4
f 889/2626/4 1127/528/4 1009/869/4
f 777/2520/4 776/860/4 1010/859/4
f 1128/871/4 1129/870/4 1009/869/4
f 1129/870/4 777/2520/4 1010/859/4
f 1173/2636/116 1172/2616/116 804/874/116
f 804/874/4 805/849/4 1020/851/4
f 1020/851/4 921/850/4 814/2619/4
f 814/2619/4 1177/873/4 1020/851/4
f 1177/873/4 1173/2636/4 804/874/4
f 1118/2532/4 1119/2623/4 771/875/4
f 771/875/4 770/855/4 1015/857/4
f 1015/857/4 876/856/4 1122/876/4
f 1122/876/4 1118/2532/4 771/875/4
f 904/877/4 903/834/4 1017/878/4
f 1014/853/4 905/2620/4 1013/879/4
f 905/2620/4 904/877/4 1013/879/4
f 763/2617/4 764/854/4 1014/853/4
f 1112/880/4 808/2516/4 1017/878/4
f 808/2516/4 763/2617/4 1013/879/4
f 1017/878/4 808/2516/4 1013/879/4
f 903/834/4 1114/2519/4 1111/2533/4
f 1111/2533/4 1112/880/4 903/834/4
f 763/2617/4 1014/853/4 1013/879/4
f 925/2637/4 787/886/4 502/2638/4
f 502/2638/4 509/2639/4 1150/2536/4
f 509/2639/4 513/881/4 669/540/4
f 513/881/4 520/2640/4 1152/539/4
f 520/2640/4 526/2641/4 1155/2642/4
f 1152/539/4 520/2640/4 1155/2642/4
f 526/2641/4 793/891/4 1155/2642/4
f 509/2639/4 669/540/4 677/2539/4
f 926/2643/4 925/2637/4 502/2638/4
f 677/2539/4 1150/2536/4 509/2639/4
f 1150/2536/4 927/893/4 502/2638/4
f 927/893/4 926/2643/4 502/2638/4
f 897/882/4 794/1066/4 533/2528/4
f 533/2528/4 1160/541/4 897/882/4
f 674/884/4 1141/842/4 483/2527/4
f 483/2527/4 489/885/4 674/884/4
f 489/885/4 497/1062/4 1143/883/4
f 1143/883/4 497/1062/4 789/2644/4
f 789/2644/4 811/2542/4 1064/2645/4
f 1064/2645/4 1143/883/4 789/2644/4
f 787/886/4 925/2637/4 1008/887/4
f 1011/889/4 897/882/4 1159/542/4
f 1156/552/4 1155/2642/4 793/891/4
f 793/891/4 794/1066/4 1011/889/4
f 794/1066/4 897/882/4 1011/889/4
f 1011/889/4 1158/890/4 1156/552/4
f 1018/892/4 926/2643/4 927/893/4
f 1147/895/4 1148/2646/4 1019/894/4
f 1148/2646/4 811/2542/4 1019/894/4
f 811/2542/4 789/2644/4 1019/894/4
f 789/2644/4 788/888/4 1008/887/4
f 1008/887/4 925/2637/4 1018/892/4
f 925/2637/4 926/2643/4 1018/892/4
f 789/2644/4 1008/887/4 1018/892/4
f 1019/894/4 789/2644/4 1018/892/4
f 927/893/116 1150/2536/116 1147/895/116
f 807/565/24 1060/2647/24 1304/896/24
f 1697/897/24 1061/2648/24 808/898/24
f 625/572/26 1312/2649/26 1315/900/26
f 1724/902/26 651/573/26 646/576/26
f 659/904/35 1802/2552/35 1803/903/35
f 620/906/35 1358/2650/35 1357/905/35
f 809/626/37 1062/2651/37 1792/907/37
f 810/630/37 1345/631/37 1344/908/37
f 811/910/8 1784/2652/8 1783/911/8
f 1335/913/8 1336/2653/8 812/653/8
f 669/659/10 1765/2654/10 1763/915/10
f 1324/917/10 1279/1087/10 607/663/10
f 588/700/19 589/919/19 1273/921/19
f 1674/922/19 686/698/19 689/704/19
f 1294/924/21 1066/2655/21 813/925/21
f 814/927/21 1067/2656/21 1685/928/21
f 268/181/73 400/187/73 1412/182/73
f 379/186/73 90/184/73 1992/929/73
f 400/187/74 815/2561/74 1417/322/74
f 817/319/74 409/191/74 1455/320/74
f 818/324/74 379/186/74 1998/185/74
f 406/190/74 820/2657/74 1999/930/74
f 409/191/75 414/932/75 1423/192/75
f 413/194/75 406/190/75 2003/931/75
f 414/932/76 421/199/76 1433/328/76
f 417/198/76 413/194/76 2006/327/76
f 421/199/77 426/203/77 1453/200/77
f 417/198/77 2007/197/77 2071/331/77
f 426/203/78 434/207/78 1435/336/78
f 423/201/78 2071/331/78 2058/332/78
f 822/719/79 440/211/79 1440/208/79
f 434/207/79 821/335/79 1447/933/79
f 429/205/79 2058/332/79 2065/724/79
f 826/934/79 2064/2658/79 2063/935/79
f 440/211/80 446/215/80 1437/341/80
f 435/209/80 2063/935/80 2062/936/80
f 446/215/81 450/219/81 1444/216/81
f 442/213/81 2062/936/81 2061/218/81
f 827/343/82 457/223/82 1449/349/82
f 450/219/82 829/2562/82 1443/726/82
f 449/217/82 2061/218/82 2060/937/82
f 832/939/82 2057/729/82 2067/940/82
f 457/223/83 462/227/83 1448/224/83
f 455/221/83 2067/940/83 2066/350/83
f 462/227/84 469/231/84 1524/228/84
f 459/225/84 2066/350/84 2053/230/84
f 475/235/85 1521/232/85 1524/228/85
f 472/233/85 467/229/85 2053/230/85
f 480/239/86 1518/356/86 1521/232/86
f 477/237/86 472/233/86 2046/351/86
f 487/243/87 1510/240/87 1513/732/87
f 835/942/87 1519/2659/87 1518/356/87
f 837/943/87 477/237/87 2073/941/87
f 484/241/87 836/2563/87 2036/945/87
f 494/247/88 1506/361/88 1510/240/88
f 491/245/88 484/241/88 2033/242/88
f 499/251/89 1503/248/89 1506/361/89
f 496/249/89 491/245/89 2031/360/89
f 504/738/90 1494/370/90 1493/946/90
f 840/948/90 1500/735/90 1503/248/90
f 843/736/90 496/249/90 2024/362/90
f 501/253/90 841/2564/90 2020/737/90
f 512/259/91 1478/256/91 1494/370/91
f 507/257/91 501/253/91 2016/950/91
f 517/263/92 1487/260/92 1478/256/92
f 515/261/92 507/257/92 2014/739/92
f 517/263/93 524/267/93 1465/264/93
f 521/266/93 515/261/93 2012/262/93
f 530/271/94 1466/377/94 1465/264/94
f 525/270/94 521/266/94 1957/372/94
f 846/951/95 534/275/95 1461/272/95
f 844/953/95 1467/2660/95 1466/377/95
f 849/379/95 525/270/95 1958/373/95
f 848/744/95 1951/2661/95 1952/954/95
f 540/279/96 1462/381/96 1461/272/96
f 539/278/96 532/274/96 1952/954/96
f 546/283/97 1463/280/97 1462/381/97
f 545/282/97 539/278/97 1949/955/97
f 554/287/98 1472/384/98 1471/385/98
f 851/956/98 1464/746/98 1463/280/98
f 855/748/98 545/282/98 1953/281/98
f 854/389/98 1955/2469/98 1961/957/98
f 560/958/99 1473/288/99 1472/384/99
f 551/286/99 1961/957/99 1962/959/99
f 564/295/100 1389/392/100 1473/288/100
f 563/294/100 557/290/100 1962/959/100
f 564/295/101 571/961/101 1392/296/101
f 569/298/101 563/294/101 1978/293/101
f 571/961/102 578/824/102 1403/474/102
f 575/302/102 569/298/102 1969/960/102
f 1221/405/2 1223/979/2 948/978/2
f 948/978/2 530/995/2 524/962/2
f 524/962/2 517/2566/2 609/963/2
f 517/2566/2 512/2662/2 609/963/2
f 512/2662/2 504/2663/2 1219/2484/2
f 504/2663/2 838/976/2 1219/2484/2
f 512/2662/2 1219/2484/2 605/2664/2
f 605/2664/2 609/963/2 512/2662/2
f 1221/405/2 948/978/2 524/962/2
f 919/970/2 840/2470/2 499/2665/2
f 499/2665/2 494/2571/2 920/964/2
f 494/2571/2 487/2666/2 615/965/2
f 920/964/2 494/2571/2 615/965/2
f 487/2666/2 833/2667/2 1207/2476/2
f 833/2667/2 864/2477/2 1080/2668/2
f 833/2667/2 1080/2668/2 1207/2476/2
f 919/970/2 499/2665/2 920/964/2
f 1082/2669/2 866/982/2 920/964/2
f 920/964/2 1211/755/2 1082/2669/2
f 487/2666/2 1207/2476/2 615/965/2
f 901/973/2 835/2670/2 480/2671/2
f 480/2671/2 475/968/2 902/967/2
f 475/968/2 469/2672/2 622/2673/2
f 469/2672/2 462/2674/2 622/2673/2
f 462/2674/2 457/424/2 946/768/2
f 622/2673/2 462/2674/2 1200/401/2
f 946/768/2 1197/767/2 1200/401/2
f 946/768/2 1200/401/2 462/2674/2
f 475/968/2 622/2673/2 617/2675/2
f 902/967/2 901/973/2 480/2671/2
f 617/2675/2 1201/966/2 475/968/2
f 839/969/2 840/2470/2 919/970/2
f 834/972/2 835/2670/2 901/973/2
f 978/971/2 919/970/2 920/964/2
f 980/769/2 1213/2676/2 1215/975/2
f 978/971/2 920/964/2 980/769/2
f 838/976/2 839/969/2 978/971/2
f 1215/975/2 1219/2484/2 838/976/2
f 978/971/2 980/769/2 838/976/2
f 988/974/2 901/973/2 902/967/2
f 987/980/2 1206/2583/2 1205/981/2
f 988/974/2 902/967/2 987/980/2
f 833/2667/2 834/972/2 988/974/2
f 1205/981/2 864/2477/2 988/974/2
f 864/2477/2 833/2667/2 988/974/2
f 1202/778/2 1206/2583/2 987/980/2
f 987/980/2 902/967/2 1202/778/2
f 1214/983/2 1213/2676/2 980/769/2
f 980/769/2 920/964/2 866/982/2
f 952/999/2 829/2486/2 450/2439/2
f 450/2439/2 446/2440/2 952/999/2
f 446/2440/2 440/304/2 633/2490/2
f 952/999/2 446/2440/2 954/986/2
f 440/304/2 822/2677/2 1068/2678/2
f 822/2677/2 1190/2586/2 1068/2678/2
f 446/2440/2 633/2490/2 954/986/2
f 440/304/2 1068/2678/2 633/2490/2
f 1193/987/2 1194/2492/2 953/985/2
f 633/2490/2 1193/987/2 954/986/2
f 938/800/2 821/2493/2 434/2441/2
f 434/2441/2 426/1566/2 1186/1014/2
f 426/1566/2 421/428/2 630/784/2
f 421/428/2 414/2442/2 624/988/2
f 414/2442/2 409/2443/2 1184/2494/2
f 624/988/2 414/2442/2 1184/2494/2
f 409/2443/2 817/468/2 1184/2494/2
f 426/1566/2 630/784/2 1069/2679/2
f 1186/1014/2 938/800/2 434/2441/2
f 1069/2679/2 1186/1014/2 426/1566/2
f 911/802/2 815/2496/2 400/2444/2
f 400/2444/2 268/2445/2 911/802/2
f 268/2445/2 584/2587/2 596/2497/2
f 911/802/2 268/2445/2 910/1018/2
f 584/2587/2 858/822/2 1242/2680/2
f 858/822/2 867/821/2 1083/2681/2
f 858/822/2 1083/2681/2 1242/2680/2
f 268/2445/2 596/2497/2 910/1018/2
f 584/2587/2 1242/2680/2 596/2497/2
f 909/785/2 910/1018/2 1178/433/2
f 1178/433/2 910/1018/2 596/2497/2
f 1077/989/2 861/2591/2 909/785/2
f 923/1004/2 856/807/2 578/2682/2
f 578/2682/2 571/2683/2 1237/2500/2
f 571/2683/2 564/990/2 590/992/2
f 564/990/2 560/2684/2 1070/991/2
f 560/2684/2 554/2685/2 1235/2686/2
f 1070/991/2 560/2684/2 1235/2686/2
f 554/2685/2 850/1013/2 1235/2686/2
f 571/2683/2 590/992/2 587/2502/2
f 1237/2500/2 923/1004/2 578/2682/2
f 587/2502/2 1237/2500/2 571/2683/2
f 934/1007/2 851/2687/2 546/2688/2
f 546/2688/2 540/2689/2 934/1007/2
f 540/2689/2 534/2690/2 600/2504/2
f 934/1007/2 540/2689/2 935/994/2
f 534/2690/2 846/2691/2 1071/2506/2
f 846/2691/2 1226/462/2 1071/2506/2
f 540/2689/2 600/2504/2 935/994/2
f 534/2690/2 1071/2506/2 600/2504/2
f 1229/439/2 1231/2692/2 936/993/2
f 600/2504/2 1229/439/2 935/994/2
f 530/995/2 948/978/2 947/996/2
f 1198/417/2 946/768/2 983/998/2
f 946/768/2 827/984/2 983/998/2
f 827/984/2 828/445/2 977/1000/2
f 977/1000/2 952/999/2 954/986/2
f 977/1000/2 954/986/2 984/795/2
f 827/984/2 977/1000/2 984/795/2
f 953/985/2 1194/2492/2 983/998/2
f 1194/2492/2 1198/417/2 983/998/2
f 828/445/2 829/2486/2 952/999/2
f 823/1001/2 821/2493/2 938/800/2
f 816/451/2 815/2496/2 911/802/2
f 857/806/2 856/807/2 923/1004/2
f 852/1006/2 851/2687/2 934/1007/2
f 845/1009/2 844/997/2 947/996/2
f 979/1010/2 947/996/2 948/978/2
f 1224/2693/2 1226/462/2 948/978/2
f 1226/462/2 846/2691/2 979/1010/2
f 846/2691/2 845/1009/2 979/1010/2
f 935/994/2 936/993/2 975/1011/2
f 954/986/2 953/985/2 983/998/2
f 1233/2508/2 1235/2686/2 850/1013/2
f 850/1013/2 852/1006/2 976/1008/2
f 976/1008/2 934/1007/2 935/994/2
f 976/1008/2 935/994/2 989/1012/2
f 1233/2508/2 850/1013/2 975/1011/2
f 850/1013/2 976/1008/2 989/1012/2
f 936/993/2 1231/2692/2 975/1011/2
f 1231/2692/2 1233/2508/2 975/1011/2
f 1187/1015/2 1190/2586/2 990/1002/2
f 1190/2586/2 822/2677/2 990/1002/2
f 822/2677/2 823/1001/2 990/1002/2
f 990/1002/2 938/800/2 1187/1015/2
f 1241/1017/2 867/821/2 982/1005/2
f 867/821/2 858/822/2 982/1005/2
f 858/822/2 857/806/2 982/1005/2
f 982/1005/2 923/1004/2 1238/1016/2
f 923/1004/2 1237/2500/2 1238/1016/2
f 986/818/2 909/785/2 861/2591/2
f 986/818/2 861/2591/2 1180/2611/2
f 911/802/2 910/1018/2 981/1003/2
f 910/1018/2 985/817/2 981/1003/2
f 985/817/2 986/818/2 817/468/2
f 986/818/2 1180/2611/2 817/468/2
f 1181/2509/2 1184/2494/2 817/468/2
f 1180/2611/2 1181/2509/2 817/468/2
f 817/468/2 816/451/2 981/1003/2
f 910/1018/2 909/785/2 986/818/2
f 858/471/105 584/310/105 1402/307/105
f 578/824/105 856/2694/105 1404/1019/105
f 859/827/105 575/302/105 1982/752/105
f 579/309/105 860/477/105 1985/1020/105
f 584/310/106 268/2695/106 1408/1021/106
f 90/313/106 579/309/106 1987/478/106
f 943/1037/6 854/503/6 551/483/6
f 551/483/6 557/2513/6 1236/1051/6
f 557/2513/6 563/316/6 685/1022/6
f 563/316/6 569/2696/6 690/829/6
f 569/2696/6 575/1570/6 1239/2616/6
f 690/829/6 569/2696/6 1239/2616/6
f 575/1570/6 859/530/6 1239/2616/6
f 557/2513/6 685/1022/6 1072/2515/6
f 1236/1051/6 943/1037/6 551/483/6
f 1072/2515/6 1236/1051/6 557/2513/6
f 916/1050/6 860/507/6 579/486/6
f 579/486/6 90/2447/6 916/1050/6
f 90/2447/6 379/831/6 642/833/6
f 916/1050/6 90/2447/6 917/1048/6
f 379/831/6 818/537/6 1179/832/6
f 818/537/6 862/2697/6 1078/2618/6
f 818/537/6 1078/2618/6 1179/832/6
f 90/2447/6 642/833/6 917/1048/6
f 379/831/6 1179/832/6 642/833/6
f 918/1024/6 917/1048/6 1244/485/6
f 1244/485/6 917/1048/6 642/833/6
f 1084/1023/6 868/1055/6 918/1024/6
f 900/1039/6 820/509/6 406/2448/6
f 406/2448/6 413/489/6 1185/2698/6
f 413/489/6 417/1025/6 648/1027/6
f 417/1025/6 423/2450/6 1073/1026/6
f 423/2450/6 429/2449/6 1188/2699/6
f 1073/1026/6 423/2450/6 1188/2699/6
f 429/2449/6 825/875/6 1188/2699/6
f 413/489/6 648/1027/6 652/487/6
f 1185/2698/6 900/1039/6 406/2448/6
f 652/487/6 1185/2698/6 413/489/6
f 933/1040/6 826/513/6 435/2700/6
f 435/2700/6 442/2452/6 933/1040/6
f 442/2452/6 449/2701/6 664/2702/6
f 933/1040/6 442/2452/6 932/1029/6
f 449/2701/6 831/2520/6 1074/2703/6
f 831/2520/6 1195/2704/6 1074/2703/6
f 442/2452/6 664/2702/6 932/1029/6
f 449/2701/6 1074/2703/6 664/2702/6
f 1192/1030/6 1191/2705/6 931/1028/6
f 664/2702/6 1192/1030/6 932/1029/6
f 945/1042/6 832/858/6 455/2627/6
f 455/2627/6 459/2453/6 1199/1052/6
f 459/2453/6 467/493/6 655/1032/6
f 467/493/6 472/2706/6 658/1031/6
f 472/2706/6 477/2707/6 1203/2708/6
f 658/1031/6 472/2706/6 1203/2708/6
f 477/2707/6 837/1044/6 1203/2708/6
f 459/2453/6 655/1032/6 1075/2709/6
f 1199/1052/6 945/1042/6 455/2627/6
f 1075/2709/6 1199/1052/6 459/2453/6
f 1079/1034/6 863/1046/6 912/1035/6
f 912/1035/6 836/2710/6 484/2711/6
f 484/2711/6 1210/1033/6 912/1035/6
f 532/2712/6 539/2713/6 1227/541/6
f 539/2713/6 545/1036/6 682/500/6
f 1227/541/6 539/2713/6 682/500/6
f 545/1036/6 855/2529/6 1230/499/6
f 855/2529/6 1234/868/6 1230/499/6
f 943/1037/6 1030/2714/6 853/1038/6
f 900/1039/6 1022/1060/6 819/854/6
f 933/1040/6 1031/2715/6 824/1041/6
f 945/1042/6 1026/2716/6 830/860/6
f 1204/1043/6 1203/2708/6 837/1044/6
f 837/1044/6 836/2710/6 1029/1045/6
f 836/2710/6 912/1035/6 1029/1045/6
f 1029/1045/6 1208/2717/6 1204/1043/6
f 1209/1047/6 1208/2717/6 1029/1045/6
f 1029/1045/6 912/1035/6 1209/1047/6
f 917/1048/6 1033/2718/6 1021/1049/6
f 1232/522/6 1234/868/6 1030/2714/6
f 1234/868/6 855/2529/6 1030/2714/6
f 855/2529/6 853/1038/6 1030/2714/6
f 1030/2714/6 943/1037/6 1232/522/6
f 1196/1053/6 1195/2704/6 1026/2716/6
f 1195/2704/6 831/2520/6 1026/2716/6
f 831/2520/6 830/860/6 1026/2716/6
f 1026/2716/6 945/1042/6 1196/1053/6
f 1024/1054/6 1032/1057/6 932/1029/6
f 1245/1056/6 1243/2719/6 1023/2720/6
f 1023/2720/6 918/1024/6 1245/1056/6
f 1189/2721/6 1188/2699/6 825/875/6
f 825/875/6 824/1041/6 1031/2715/6
f 1031/2715/6 933/1040/6 932/1029/6
f 1031/2715/6 932/1029/6 1032/1057/6
f 1189/2721/6 825/875/6 1024/1054/6
f 825/875/6 1031/2715/6 1032/1057/6
f 931/1028/6 1191/2705/6 1024/1054/6
f 1191/2705/6 1189/2721/6 1024/1054/6
f 1033/2718/6 917/1048/6 1023/2720/6
f 917/1048/6 918/1024/6 1023/2720/6
f 1023/2720/6 1243/2719/6 1240/2531/6
f 860/507/6 916/1050/6 1021/1049/6
f 1021/1049/6 1033/2718/6 859/530/6
f 1033/2718/6 1023/2720/6 859/530/6
f 1023/2720/6 1240/2531/6 859/530/6
f 1240/2531/6 1239/2616/6 859/530/6
f 1182/1059/6 862/2697/6 1022/1060/6
f 862/2697/6 818/537/6 1022/1060/6
f 818/537/6 819/854/6 1022/1060/6
f 1022/1060/6 900/1039/6 1183/1058/6
f 900/1039/6 1185/2698/6 1183/1058/6
f 924/1064/6 841/886/6 501/2722/6
f 501/2722/6 507/2639/6 1220/2536/6
f 507/2639/6 515/538/6 670/540/6
f 515/538/6 521/2723/6 1076/539/6
f 521/2723/6 525/2641/6 1225/2642/6
f 1076/539/6 521/2723/6 1225/2642/6
f 525/2641/6 849/1067/6 1225/2642/6
f 507/2639/6 670/540/6 678/2539/6
f 1220/2536/6 924/1064/6 501/2722/6
f 678/2539/6 1220/2536/6 507/2639/6
f 959/1061/6 848/1066/6 532/2712/6
f 532/2712/6 1227/541/6 959/1061/6
f 675/884/6 1210/1033/6 484/2711/6
f 484/2711/6 491/885/6 675/884/6
f 491/885/6 496/1062/6 675/884/6
f 496/1062/6 843/2724/6 1212/545/6
f 843/2724/6 865/2542/6 1081/2725/6
f 843/2724/6 1081/2725/6 1212/545/6
f 1028/1063/6 842/2726/6 841/886/6
f 959/1061/6 1025/1068/6 847/1065/6
f 1222/2727/6 1225/2642/6 849/1067/6
f 849/1067/6 847/1065/6 1025/1068/6
f 1025/1068/6 959/1061/6 1228/542/6
f 1228/542/6 1222/2727/6 849/1067/6
f 1028/1063/6 924/1064/6 1217/2544/6
f 924/1064/6 1220/2536/6 1217/2544/6
f 843/2724/6 842/2726/6 1028/1063/6
f 1216/2728/6 865/2542/6 1028/1063/6
f 865/2542/6 843/2724/6 1028/1063/6
f 1027/1069/117 1218/1071/117 1216/2728/117
f 1027/1069/6 1216/2728/6 1028/1063/6
f 861/565/90 1077/2647/90 1411/1072/90
f 862/567/90 1995/899/90 1996/1073/90
f 624/572/92 1422/2729/92 1421/570/92
f 2004/1075/92 2005/575/92 652/573/92
f 655/614/101 658/622/101 2043/1078/101
f 1523/1080/101 617/624/101 622/618/101
f 863/626/105 1079/2651/105 2035/1081/105
f 1511/908/105 1080/909/105 864/630/105
f 2026/1083/74 1081/2730/74 865/651/74
f 866/653/74 1082/2731/74 1501/1085/74
f 670/659/76 2015/2732/76 2013/1086/76
f 1482/1088/76 609/663/76 605/661/76
f 590/1092/85 1390/2733/85 1391/1090/85
f 690/1094/85 1970/2734/85 1972/1093/85
f 1400/1095/87 1083/2655/87 867/705/87
f 1986/1097/87 1993/2735/87 868/1098/87
f 796/1100/1 797/2736/1 315/198/1
f 315/198/1 358/1132/1 795/1101/1
f 767/1103/1 766/2737/1 19/229/1
f 766/2737/1 172/1108/1 19/229/1
f 1251/1104/2 1257/2738/2 795/1105/2
f 358/231/2 735/2739/2 1251/1104/2
f 735/2739/2 1583/2740/2 1251/1104/2
f 1373/1106/2 1827/2741/2 733/1107/2
f 172/1108/2 766/2742/2 1373/1106/2
f 766/2742/2 1380/2743/2 1373/1106/2
f 1728/1109/2 1734/2744/2 769/1110/2
f 222/1111/2 704/2745/2 1728/1109/2
f 704/2745/2 1937/2746/2 1728/1109/2
f 1621/1112/2 1622/2747/2 706/1113/2
f 391/263/2 798/2748/2 1621/1112/2
f 798/2748/2 1749/2749/2 1621/1112/2
f 737/1116/3 735/2750/3 315/1114/3
f 735/2750/3 358/1145/3 315/1114/3
f 706/1119/3 708/2751/3 330/1117/3
f 708/2751/3 707/2752/3 330/1117/3
f 770/1120/4 771/2753/4 135/261/4
f 135/261/4 222/1111/4 769/1121/4
f 799/1123/4 798/2754/4 330/294/4
f 798/2754/4 391/1152/4 330/294/4
f 733/1107/5 732/2755/5 19/229/5
f 732/2755/5 734/2756/5 19/229/5
f 703/1125/5 704/2745/5 135/261/5
f 704/2745/5 222/1111/5 135/261/5
f 1375/1126/6 1381/2757/6 768/1127/6
f 19/229/6 734/2756/6 1375/1126/6
f 734/2756/6 1832/2758/6 1375/1126/6
f 1250/1128/6 1585/2759/6 736/1115/6
f 315/1114/6 797/2760/6 1250/1128/6
f 797/2760/6 1258/2761/6 1250/1128/6
f 1729/1129/6 1939/2762/6 705/1124/6
f 135/261/6 771/2763/6 1729/1129/6
f 771/2763/6 1741/2764/6 1729/1129/6
f 1629/1130/6 1750/2765/6 800/1131/6
f 330/1117/6 707/2752/6 1629/1130/6
f 707/2752/6 1626/2766/6 1629/1130/6
f 791/1134/1 792/2767/1 359/1132/1
f 792/2767/1 322/198/1 359/1132/1
f 773/1135/1 772/2768/1 194/1108/1
f 194/1108/1 46/229/1 774/1136/1
f 1248/1137/2 1261/2769/2 790/1138/2
f 359/231/2 730/2770/2 1248/1137/2
f 730/2770/2 1565/2771/2 1248/1137/2
f 1371/1139/2 1821/2772/2 728/1140/2
f 194/1108/2 772/2773/2 1371/1139/2
f 772/2773/2 1377/2774/2 1371/1139/2
f 1726/1141/2 1737/2775/2 775/1142/2
f 249/1111/2 710/1177/2 1726/1141/2
f 710/1177/2 1916/2776/2 1726/1141/2
f 1600/1143/2 1601/2777/2 712/1144/2
f 383/263/2 793/2778/2 1600/1143/2
f 793/2778/2 1745/2779/2 1600/1143/2
f 359/1145/3 322/1114/3 731/1146/3
f 714/1149/3 713/2780/3 383/1118/3
f 713/2780/3 340/1117/3 383/1118/3
f 776/1151/4 777/2781/4 249/1111/4
f 777/2781/4 100/261/4 249/1111/4
f 383/1152/4 340/294/4 794/1153/4
f 727/1155/5 729/2782/5 194/1108/5
f 729/2782/5 46/229/5 194/1108/5
f 709/1157/5 710/1177/5 249/1111/5
f 249/1111/5 100/261/5 711/1156/5
f 1372/1126/6 1376/2783/6 774/1158/6
f 46/229/6 729/2782/6 1372/1126/6
f 729/2782/6 1819/2784/6 1372/1126/6
f 1249/1159/6 1570/2785/6 731/1146/6
f 322/1114/6 792/2786/6 1249/1159/6
f 792/2786/6 1252/2787/6 1249/1159/6
f 1611/1160/6 1746/2788/6 794/1161/6
f 340/1117/6 713/2780/6 1611/1160/6
f 713/2780/6 1610/2789/6 1611/1160/6
f 1727/1162/6 1920/2790/6 711/1156/6
f 100/261/6 777/2791/6 1727/1162/6
f 777/2791/6 1730/2792/6 1727/1162/6
f 779/1165/1 778/2767/1 363/1163/1
f 778/2767/1 300/198/1 363/1163/1
f 761/1166/1 762/2793/1 174/1108/1
f 174/1108/1 77/1179/1 760/1136/1
f 1353/1104/5 1350/2769/5 780/1138/5
f 363/231/5 817/2794/5 1353/1104/5
f 817/2794/5 1414/2795/5 1353/1104/5
f 1318/1167/5 1999/2772/5 820/1168/5
f 174/1108/5 762/2773/5 1318/1167/5
f 762/2773/5 1310/2774/5 1318/1167/5
f 1706/1109/5 1699/2775/5 765/1142/5
f 290/1111/5 837/1177/5 1706/1109/5
f 837/1177/5 2038/2796/5 1706/1109/5
f 1517/1169/5 1519/2777/5 835/1144/5
f 389/263/5 783/2797/5 1517/1169/5
f 783/2797/5 1797/2798/5 1517/1169/5
f 815/1146/2 816/1214/2 363/1145/2
f 816/1214/2 817/1147/2 363/1145/2
f 834/1171/2 833/2780/2 389/1170/2
f 833/2780/2 352/1117/2 389/1170/2
f 764/1173/4 763/2799/4 290/1111/4
f 763/2799/4 123/261/4 290/1111/4
f 782/1174/4 783/2800/4 389/1152/4
f 389/1152/4 352/1190/4 781/1175/4
f 819/1176/6 818/2782/6 174/1108/6
f 818/2782/6 77/1179/6 174/1108/6
f 290/1111/6 123/261/6 836/1156/6
f 1319/1178/3 1305/2783/3 760/1158/3
f 77/1179/3 818/2782/3 1319/1178/3
f 818/2782/3 2002/2784/3 1319/1178/3
f 1352/1180/3 1417/2785/3 815/1146/3
f 300/1114/3 778/2786/3 1352/1180/3
f 778/2786/3 1346/2787/3 1352/1180/3
f 1516/1181/3 1795/2788/3 781/1161/3
f 352/1117/3 833/2780/3 1516/1181/3
f 833/2780/3 1513/2801/3 1516/1181/3
f 1698/1162/3 2036/2790/3 836/1156/3
f 123/261/3 763/2791/3 1698/1162/3
f 763/2791/3 1696/2792/3 1698/1162/3
f 785/1182/1 784/2736/1 302/198/1
f 302/198/1 375/1163/1 786/1101/1
f 802/1184/1 803/2802/1 2/1179/1
f 803/2802/1 211/1108/1 2/1179/1
f 1337/1137/5 1332/2738/5 786/1105/5
f 375/231/5 858/2739/5 1337/1137/5
f 858/2739/5 1398/2740/5 1337/1137/5
f 1298/1185/5 1985/2741/5 860/1107/5
f 211/1108/5 803/2742/5 1298/1185/5
f 803/2742/5 1290/2743/5 1298/1185/5
f 1686/1186/5 1688/2744/5 806/1110/5
f 228/1111/5 843/2745/5 1686/1186/5
f 843/2745/5 2023/2803/5 1686/1186/5
f 1497/1187/5 1500/2747/5 840/1113/5
f 386/263/5 789/2748/5 1497/1187/5
f 789/2748/5 1780/2749/5 1497/1187/5
f 857/1188/2 858/2750/2 302/1114/2
f 858/2750/2 375/1145/2 302/1114/2
f 840/1119/2 839/2804/2 341/1117/2
f 839/2804/2 838/2752/2 341/1117/2
f 805/1189/4 804/2805/4 119/261/4
f 119/261/4 228/1111/4 806/1121/4
f 788/1191/4 789/2806/4 341/1190/4
f 789/2806/4 386/1152/4 341/1190/4
f 2/1179/6 211/1108/6 860/1107/6
f 842/1193/6 843/2745/6 119/261/6
f 843/2745/6 228/1111/6 119/261/6
f 1300/1178/3 1286/2757/3 801/1127/3
f 2/1179/3 859/1192/3 1300/1178/3
f 859/1192/3 1980/2807/3 1300/1178/3
f 1327/1159/3 1404/2759/3 856/1115/3
f 302/1114/3 784/2760/3 1327/1159/3
f 784/2760/3 1328/2761/3 1327/1159/3
f 1492/1160/3 1777/2765/3 787/1131/3
f 341/1117/3 838/2752/3 1492/1160/3
f 838/2752/3 1493/2808/3 1492/1160/3
f 1679/1194/3 2020/2762/3 841/1124/3
f 119/261/3 804/2809/3 1679/1194/3
f 804/2809/3 1675/2810/3 1679/1194/3
f 721/1195/5 722/2736/5 327/198/5
f 327/198/5 377/1207/5 723/1101/5
f 738/1197/5 740/2811/5 33/1196/5
f 740/2811/5 207/1108/5 33/1196/5
f 1856/1139/4 2064/2741/4 826/1107/4
f 207/1108/4 740/2742/4 1856/1139/4
f 740/2742/4 1862/2743/4 1856/1139/4
f 1656/1186/4 1662/2744/4 742/1110/4
f 283/1111/4 855/2745/4 1656/1186/4
f 855/2745/4 1954/2803/4 1656/1186/4
f 1459/1187/4 1464/2747/4 851/1113/4
f 388/263/4 725/2748/4 1459/1187/4
f 725/2748/4 1531/2749/4 1459/1187/4
f 1439/1137/4 1881/2738/4 723/1105/4
f 377/231/4 822/2812/4 1439/1137/4
f 822/2812/4 1445/2813/4 1439/1137/4
f 823/1198/2 822/2814/2 327/1114/2
f 822/2814/2 377/1145/2 327/1114/2
f 852/1199/2 850/2752/2 335/1117/2
f 335/1117/2 388/1216/2 851/1119/2
f 743/1200/3 741/2753/3 147/261/3
f 147/261/3 283/1111/3 742/1121/3
f 726/1202/3 725/2815/3 335/1190/3
f 725/2815/3 388/1152/3 335/1190/3
f 824/1203/6 825/2756/6 33/1196/6
f 33/1196/6 207/1108/6 826/1107/6
f 853/1204/6 855/2745/6 147/261/6
f 855/2745/6 283/1111/6 147/261/6
f 1446/1205/1 1447/2759/1 821/1115/1
f 327/1114/1 722/2760/1 1446/1205/1
f 722/2760/1 1892/2761/1 1446/1205/1
f 1458/1160/1 1541/2765/1 724/1131/1
f 335/1117/1 850/2752/1 1458/1160/1
f 850/2752/1 1471/2808/1 1458/1160/1
f 1657/1206/1 1955/2762/1 854/1124/1
f 147/261/1 741/2763/1 1657/1206/1
f 741/2763/1 1663/2764/1 1657/1206/1
f 1857/1178/1 1863/2757/1 739/1127/1
f 33/1196/1 825/2756/1 1857/1178/1
f 825/2756/1 2065/2816/1 1857/1178/1
f 715/1209/5 716/2767/5 369/1207/5
f 716/2767/5 309/198/5 369/1207/5
f 697/1210/5 699/2817/5 159/1108/5
f 159/1108/5 57/1196/5 698/1136/5
f 1854/1211/4 2057/2818/4 832/1140/4
f 159/1108/4 699/2819/4 1854/1211/4
f 699/2819/4 1865/2820/4 1854/1211/4
f 1654/1212/4 1659/2775/4 701/1142/4
f 258/1111/4 849/1177/4 1654/1212/4
f 849/1177/4 1950/2796/4 1654/1212/4
f 1456/1169/4 1467/2777/4 844/1144/4
f 381/263/4 719/2797/4 1456/1169/4
f 719/2797/4 1526/2798/4 1456/1169/4
f 1442/1213/4 1876/2769/4 717/1138/4
f 369/231/4 827/2794/4 1442/1213/4
f 827/2794/4 1441/2795/4 1442/1213/4
f 828/1214/2 827/2821/2 369/1145/2
f 369/1145/2 309/1114/2 829/1215/2
f 845/1217/2 846/2780/2 381/1216/2
f 846/2780/2 348/1117/2 381/1216/2
f 702/1218/3 700/2799/3 258/1111/3
f 700/2799/3 97/261/3 258/1111/3
f 720/1219/3 719/2800/3 381/1152/3
f 381/1152/3 348/1190/3 718/1220/3
f 830/1155/6 831/2782/6 159/1108/6
f 831/2782/6 57/1196/6 159/1108/6
f 847/1221/6 849/1177/6 258/1111/6
f 258/1111/6 97/261/6 848/1156/6
f 1457/1181/1 1527/2822/1 718/1222/1
f 348/1117/1 846/2780/1 1457/1181/1
f 846/2780/1 1460/2789/1 1457/1181/1
f 1438/1223/1 1443/2823/1 829/1215/1
f 309/1114/1 716/2786/1 1438/1223/1
f 716/2786/1 1877/2824/1 1438/1223/1
f 1655/1224/1 1951/2790/1 848/1156/1
f 97/261/1 700/2791/1 1655/1224/1
f 700/2791/1 1658/2792/1 1655/1224/1
f 1855/1225/1 1858/2825/1 698/1226/1
f 57/1196/1 831/2782/1 1855/1225/1
f 831/2782/1 2060/2784/1 1855/1225/1
f 745/1227/56 644/1236/56 1642/1228/56
f 639/1233/56 744/2826/56 1866/1234/56
f 653/2827/57 1641/2828/57 1086/1237/57
f 1641/2828/57 1642/1228/57 1086/1237/57
f 1848/1235/57 1847/2829/57 1085/1238/57
f 1847/2829/57 626/1354/57 1085/1238/57
f 649/1245/60 1625/1247/60 1088/1241/60
f 1625/1247/60 1630/1239/60 1088/1241/60
f 1942/1244/60 1947/2830/60 1087/1242/60
f 1947/2830/60 636/1251/60 1087/1242/60
f 649/1245/61 746/2831/61 1623/1246/61
f 636/1251/61 1947/2830/61 1938/1252/61
f 749/1254/64 1921/2832/64 1914/1255/64
f 1612/1262/64 1609/2833/64 1090/2834/64
f 1609/2833/64 748/2835/64 1090/2834/64
f 1090/2834/64 1089/1260/64 1612/1262/64
f 666/1380/65 1598/1381/65 1091/1266/65
f 1598/1381/65 1612/1262/65 1091/1266/65
f 1914/1255/65 1917/2836/65 1092/1267/65
f 1917/2836/65 619/2837/65 1092/1267/65
f 654/1276/68 1543/1275/68 1094/1270/68
f 1543/1275/68 1544/1268/68 1094/1270/68
f 1895/1273/68 1896/2838/68 1093/1271/68
f 1896/2838/68 623/1277/68 1093/1271/68
f 750/1274/69 1534/2839/69 1543/1275/69
f 623/1277/69 1896/2838/69 1884/1278/69
f 753/1283/40 1909/2840/40 1910/1284/40
f 672/1292/40 1556/1295/40 1540/1293/40
f 679/1422/41 1546/2841/41 1095/1296/41
f 1546/2841/41 1556/1295/41 1095/1296/41
f 1910/1284/41 1897/1526/41 1096/1297/41
f 1897/1526/41 604/1419/41 1096/1297/41
f 1810/1300/44 1812/2842/44 1098/1298/44
f 1812/2842/44 610/1310/44 1098/1298/44
f 667/1305/44 1567/1304/44 1097/1303/44
f 1567/1304/44 1564/1301/44 1097/1303/44
f 1100/1306/45 1099/2843/45 1569/2844/45
f 1099/2843/45 755/2845/45 1569/2844/45
f 1569/2844/45 1567/1304/45 1100/1306/45
f 610/1310/45 1812/2842/45 1818/1311/45
f 1101/1318/48 1102/2846/48 1593/1322/48
f 1102/2846/48 683/1323/48 1593/1322/48
f 1593/1322/48 1579/1316/48 1101/1318/48
f 637/1319/48 756/2847/48 1826/1320/48
f 692/1452/49 1588/1544/49 1104/1324/49
f 1588/1544/49 1593/1322/49 1104/1324/49
f 1831/1321/49 1834/1446/49 1103/1325/49
f 1834/1446/49 585/2848/49 1103/1325/49
f 1851/1328/52 1849/2849/52 1106/1326/52
f 1849/2849/52 597/1338/52 1106/1326/52
f 688/1332/52 1646/1334/52 1105/1331/52
f 1646/1334/52 1643/1329/52 1105/1331/52
f 688/1332/53 759/2850/53 1666/1333/53
f 597/1338/53 1849/2849/53 1870/1339/53
f 1107/1341/23 595/1475/23 1296/1342/23
f 641/1344/23 1108/2851/23 1694/1232/23
f 1060/1346/24 1107/1341/24 1302/1343/24
f 807/2826/24 1308/2852/24 1109/1348/24
f 1308/2852/24 1306/1235/24 1109/1348/24
f 1694/1232/24 1108/2851/24 1061/1349/24
f 1111/1356/24 1700/1228/24 1112/1352/24
f 1700/1228/24 1695/1229/24 1112/1352/24
f 1110/1233/25 1306/1235/25 1113/1355/25
f 1306/1235/25 1312/1353/25 1113/1355/25
f 651/2827/25 1702/2828/25 1114/1357/25
f 1702/2828/25 1700/1228/25 1114/1357/25
f 1054/1243/27 629/2853/27 1313/1358/27
f 1115/1359/27 1714/2854/27 1722/1360/27
f 1054/1243/28 1369/1244/28 1117/1364/28
f 1369/1244/28 1368/1362/28 1117/1364/28
f 1720/1247/28 1714/2854/28 1119/1365/28
f 1714/2854/28 1115/1359/28 1119/1365/28
f 1116/1363/29 1368/1362/29 1120/1253/29
f 1368/1362/29 1370/1366/29 1120/1253/29
f 1740/1369/29 1720/1247/29 1122/1367/29
f 1720/1247/29 1118/1245/29 1122/1367/29
f 631/1370/30 1121/1250/30 1370/1366/30
f 663/1372/30 1739/1375/30 1740/1369/30
f 1124/1373/31 631/1370/31 1385/1371/31
f 1058/1263/31 1738/2855/31 1739/1375/31
f 1124/1373/32 1384/1374/32 1125/1254/32
f 1384/1374/32 1363/1255/32 1125/1254/32
f 1127/1496/32 1713/1262/32 1718/2856/32
f 1128/1377/32 1127/1496/32 1718/2856/32
f 1718/1378/32 1738/2855/32 1129/1376/32
f 1738/2855/32 1058/1263/32 1129/1376/32
f 1364/1383/33 1132/2857/33 1130/1498/33
f 1364/1383/33 1130/1498/33 1363/1255/33
f 1130/1498/33 1126/1256/33 1363/1255/33
f 1717/1381/33 1713/1262/33 1131/1379/33
f 1713/1262/118 1127/1496/118 1131/1379/118
f 620/1382/34 1132/2857/34 1364/1383/34
f 657/1385/34 1715/1500/34 1717/1381/34
f 616/1272/36 1356/1273/36 1134/1388/36
f 1356/1273/36 1348/1386/36 1134/1388/36
f 1800/1390/36 1802/1504/36 659/1505/36
f 1135/1389/36 1136/2858/36 1793/1275/36
f 1800/1390/36 659/1505/36 1135/1389/36
f 1342/1391/37 1139/1281/37 1063/1392/37
f 1133/1387/37 1348/1386/37 1138/1509/37
f 1348/1386/37 1345/1278/37 1137/1394/37
f 1138/1509/37 1348/1386/37 1137/1394/37
f 1062/1395/37 1141/1402/37 1790/1396/37
f 1796/1399/37 1793/1275/37 1140/1398/37
f 1793/1275/37 1136/2858/37 1140/1398/37
f 613/1400/38 1139/1281/38 1342/1391/38
f 1141/1402/38 674/1407/38 1786/1403/38
f 1142/1404/7 613/1400/7 1339/1401/7
f 1143/1406/7 1782/1414/7 1786/1403/7
f 812/2859/8 1336/2840/8 1145/2860/8
f 1336/2840/8 1329/1408/8 1144/1410/8
f 1145/2860/8 1336/2840/8 1144/1410/8
f 1065/1411/8 1142/1404/8 1333/1405/8
f 1064/1413/8 1783/2861/8 1782/1414/8
f 1776/1417/8 1784/1523/8 1148/1415/8
f 1784/1523/8 811/1294/8 1148/1415/8
f 1146/1409/9 1329/1408/9 1149/1420/9
f 1329/1408/9 1322/1418/9 1149/1420/9
f 1775/1423/9 1776/1417/9 1150/1421/9
f 1776/1417/9 1147/1416/9 1150/1421/9
f 1151/1299/11 607/1530/11 1279/1424/11
f 669/1425/11 1152/1430/11 1761/1426/11
f 1266/2862/12 1267/2863/12 1154/1310/12
f 1151/1299/12 1269/1300/12 1266/1429/12
f 1153/1428/12 1151/1299/12 1266/1429/12
f 1156/1305/12 1758/1304/12 1155/1303/12
f 1758/1304/12 1761/1426/12 1155/1303/12
f 1154/1534/13 1267/2863/13 1157/1312/13
f 1267/2863/13 1262/1431/13 1157/1312/13
f 1751/1434/13 1758/1304/13 1158/2864/13
f 1758/1304/13 1156/1305/13 1158/2864/13
f 1751/1434/13 1158/2864/13 1159/1432/13
f 599/1435/14 1056/1308/14 1262/1431/14
f 1160/1433/14 681/1441/14 1754/1437/14
f 1161/1439/15 599/1435/15 1263/1436/15
f 681/1441/15 1162/1313/15 1755/1315/15
f 1161/1439/16 1256/1440/16 1163/1442/16
f 1256/1440/16 1268/1321/16 1163/1442/16
f 1771/2865/16 1755/1315/16 1165/2866/16
f 1755/1315/16 1162/1313/16 1165/2866/16
f 1759/1322/16 1771/1445/16 1167/1444/16
f 1771/2865/16 1165/2866/16 1166/1443/16
f 1164/1319/17 1268/1321/17 1168/1448/17
f 1268/1321/17 1270/1446/17 1168/1448/17
f 1057/1452/17 1772/1454/17 1169/1324/17
f 1772/1454/17 1759/1322/17 1169/1324/17
f 589/1450/18 1055/1447/18 1270/1446/18
f 1057/1452/18 686/2867/18 1670/1453/18
f 588/1327/20 1274/1546/20 1170/1457/20
f 1274/1546/20 1287/1455/20 1170/1457/20
f 1173/1466/20 1681/1334/20 1172/1460/20
f 1681/1334/20 1673/1458/20 1172/1460/20
f 1171/1456/21 1287/1455/21 1174/1462/21
f 1287/1455/21 1291/1461/21 1174/1462/21
f 1292/1463/21 1175/1337/21 1066/1464/21
f 814/2868/21 1687/2869/21 1177/1467/21
f 1687/2869/21 1681/1334/21 1177/1467/21
f 1067/1468/21 1176/1473/21 1683/1469/21
f 595/1471/22 1175/1337/22 1292/1463/22
f 1176/1473/22 641/2870/22 1690/1474/22
f 596/1475/89 1407/2871/89 1409/1476/89
f 642/1344/89 1179/2851/89 1997/1232/89
f 1416/1479/90 1415/1486/90 1180/1477/90
f 1415/1486/90 1181/1233/90 1180/1477/90
f 1077/1480/119 1178/1341/119 1409/1476/119
f 1995/1483/90 862/2872/90 1182/1352/90
f 1182/1352/90 1183/1356/90 2000/1482/90
f 1997/1232/119 1179/2851/119 1078/1484/119
f 1415/1486/91 1422/2873/91 1184/1238/91
f 1422/2873/91 624/1354/91 1184/1238/91
f 652/2827/91 2005/2874/91 1185/1487/91
f 2005/2874/91 2000/1482/91 1185/1487/91
f 1069/1243/93 630/2853/93 1432/1488/93
f 1073/1359/93 2052/1239/93 2008/1360/93
f 1069/1243/94 1431/1244/94 1186/1490/94
f 1431/1244/94 1436/1489/94 1186/1490/94
f 1189/1245/94 2059/1247/94 1188/1491/94
f 2059/1247/94 2052/1239/94 1188/1491/94
f 1436/1489/95 1434/1366/95 1190/1253/95
f 1434/1366/95 1068/1250/95 1190/1253/95
f 2070/1369/95 2059/1247/95 1191/1367/95
f 2059/1247/95 1189/1245/95 1191/1367/95
f 633/1370/96 1068/1250/96 1434/1366/96
f 664/1372/96 2069/1494/96 2070/1369/96
f 633/1370/97 1452/1492/97 1451/1493/97
f 1074/1263/97 2068/2855/97 2069/1494/97
f 2072/1262/98 2068/2855/98 1195/1495/98
f 2068/2855/98 1074/1263/98 1195/1495/98
f 1451/1493/98 1450/1255/98 1194/1497/98
f 1450/1255/98 1198/1256/98 1194/1497/98
f 1450/1255/99 1427/2836/99 1197/1498/99
f 1427/2836/99 1200/1499/99 1197/1498/99
f 1075/1380/99 2054/1501/99 1199/1266/99
f 2054/1501/99 2072/1262/99 1199/1266/99
f 1200/1499/100 1427/2836/100 1525/1384/100
f 1075/1380/100 655/1385/100 2047/1500/100
f 617/1272/102 1522/2875/102 1201/1503/102
f 1522/2875/102 1514/1502/102 1201/1503/102
f 1204/2858/102 2039/1275/102 1203/1506/102
f 2039/1275/102 2045/1504/102 1203/1506/102
f 1508/1391/120 1207/1281/120 1080/1507/120
f 1514/1502/105 1512/1278/105 1205/1394/105
f 1512/1278/105 864/1279/105 1205/1394/105
f 1206/1509/105 1202/1387/105 1514/1502/105
f 1204/2858/105 1208/1511/105 2039/1275/105
f 1208/1511/105 1209/2876/105 2037/1510/105
f 1209/2876/105 863/2877/105 2037/1510/105
f 1079/1512/120 1210/1402/120 2032/1396/120
f 615/1400/106 1207/1281/106 1508/1391/106
f 1210/1402/106 675/1407/106 2030/1515/106
f 1210/1402/106 2030/1515/106 2032/1396/106
f 1211/1404/73 615/1400/73 1505/1514/73
f 675/1407/73 1212/1406/73 2025/1414/73
f 1082/1516/121 1211/1404/121 1502/1405/121
f 1499/1520/74 1495/2878/74 1213/2879/74
f 1495/2878/74 1215/1409/74 1213/2879/74
f 1213/2879/74 1214/1518/74 1499/1520/74
f 2025/1414/121 1212/1406/121 1081/1521/121
f 1216/1525/74 1218/2880/74 2021/2881/74
f 1218/2880/74 1217/2882/74 2019/1528/74
f 2019/1528/74 2021/2881/74 1218/2880/74
f 2021/2881/74 2027/1523/74 1216/1525/74
f 1215/1409/75 1495/2878/75 1219/1527/75
f 1495/2878/75 1479/1526/75 1219/1527/75
f 678/1422/75 2017/2883/75 1220/1529/75
f 2017/2883/75 2019/1528/75 1220/1529/75
f 609/1530/77 1484/2884/77 1488/1531/77
f 1076/1430/77 1974/1301/77 2015/1532/77
f 1474/1429/78 1475/1535/78 1224/1310/78
f 1224/1310/78 1223/2885/78 1474/2886/78
f 1223/2885/78 1221/1299/78 1474/2886/78
f 1221/1299/78 1488/1531/78 1474/2886/78
f 1222/1305/78 1979/1304/78 1225/1303/78
f 1979/1304/78 1974/1301/78 1225/1303/78
f 1979/1304/79 1222/1305/79 1228/2845/79
f 1979/1304/79 1228/2845/79 1956/1434/79
f 1228/2845/79 1227/1433/79 1956/1434/79
f 1475/1535/79 1468/1431/79 1226/1533/79
f 1468/1431/79 1071/1308/79 1226/1533/79
f 600/1435/80 1071/1308/80 1468/1431/80
f 1227/1433/80 682/1441/80 1959/1537/80
f 1229/1439/81 600/1435/81 1469/1536/81
f 1230/1313/81 1960/2887/81 1959/1537/81
f 1470/1440/82 1476/1321/82 1231/1538/82
f 1476/1321/82 1233/1319/82 1231/1538/82
f 1963/1322/82 1960/2887/82 1234/1539/82
f 1960/2887/82 1230/1313/82 1234/1539/82
f 1233/1319/83 1476/1321/83 1235/1541/83
f 1476/1321/83 1491/1540/83 1235/1541/83
f 1072/1452/83 1977/1544/83 1236/1542/83
f 1977/1544/83 1963/1322/83 1236/1542/83
f 590/1450/84 1070/1447/84 1491/1540/84
f 685/1543/84 1966/2888/84 1977/1544/84
f 1394/1546/86 1397/1549/86 1237/1545/86
f 1397/1549/86 1238/1456/86 1237/1545/86
f 1240/1466/86 1984/1334/86 1239/1331/86
f 1984/1334/86 1970/1458/86 1239/1331/86
f 1083/1547/87 1400/2889/87 1401/1463/87
f 1397/1549/87 1399/1461/87 1241/1548/87
f 1399/1461/87 867/2890/87 1241/1548/87
f 1984/1334/87 1240/1466/87 1243/1550/87
f 1245/1551/87 868/2891/87 1993/1552/87
f 1984/1334/87 1243/1550/87 1993/1552/87
f 1084/1553/111 1244/1473/111 1988/1554/111
f 1242/1337/88 1401/1463/88 1407/1472/88
f 1244/1473/88 642/2870/88 1990/1556/88
f 18/186/39 3/184/39 1633/929/39
f 24/187/39 1841/182/39 1839/317/39
f 26/190/40 18/186/40 1634/1557/40
f 32/191/40 1838/320/40 1841/182/40
f 40/194/41 26/190/41 1637/326/41
f 48/195/41 1874/192/41 1838/320/41
f 50/198/42 40/194/42 1669/327/42
f 55/199/42 1837/328/42 1874/192/42
f 61/201/43 50/198/43 1627/197/43
f 67/1558/43 1946/200/43 1837/328/43
f 72/205/44 61/201/44 1631/331/44
f 76/207/44 1936/336/44 1946/200/44
f 82/209/45 72/205/45 1624/1559/45
f 92/211/45 1934/208/45 1936/336/45
f 82/209/46 1615/210/46 1617/1560/46
f 98/215/46 1927/341/46 1934/208/46
f 101/217/47 94/213/47 1617/1560/47
f 98/215/47 108/219/47 1926/216/47
f 114/221/48 101/217/48 1608/218/48
f 118/223/48 1913/349/48 1926/216/48
f 121/225/49 114/221/49 1604/348/49
f 128/227/49 1918/224/49 1913/349/49
f 137/229/50 121/225/50 1603/350/50
f 143/231/50 1948/228/50 1918/224/50
f 149/233/51 137/229/51 1594/230/51
f 152/235/51 1904/232/51 1948/228/51
f 156/237/52 149/233/52 1555/351/52
f 162/239/52 1905/356/52 1904/232/52
f 156/237/53 1552/352/53 1550/242/53
f 162/239/53 169/243/53 1907/240/53
f 167/241/54 1550/242/54 1549/360/54
f 169/243/54 176/247/54 1900/361/54
f 180/249/55 173/245/55 1549/360/55
f 183/251/55 1903/248/55 1900/361/55
f 187/253/56 180/249/56 1551/362/56
f 183/251/56 195/255/56 1908/370/56
f 200/257/57 187/253/57 1553/369/57
f 195/255/57 206/259/57 1911/256/57
f 213/261/58 200/257/58 1557/1561/58
f 206/259/58 219/263/58 1811/260/58
f 213/261/59 1562/262/59 1563/372/59
f 224/267/59 1809/264/59 1811/260/59
f 221/266/60 1563/372/60 1566/373/60
f 224/267/60 237/271/60 1813/377/60
f 230/270/61 1566/373/61 1573/273/61
f 237/271/61 248/275/61 1817/272/61
f 255/278/62 241/274/62 1573/273/62
f 248/275/62 261/279/62 1825/381/62
f 267/282/63 255/278/63 1575/382/63
f 272/283/63 1824/280/63 1825/381/63
f 278/286/64 267/282/64 1577/1562/64
f 272/283/64 285/287/64 1829/384/64
f 286/290/65 278/286/65 1582/1563/65
f 285/287/65 291/291/65 1835/288/65
f 295/294/66 286/290/66 1592/959/66
f 291/291/66 299/295/66 1833/392/66
f 295/294/67 1591/293/67 1647/751/67
f 304/299/67 1875/296/67 1833/392/67
f 303/298/68 1647/751/68 1632/1564/68
f 304/299/68 311/306/68 1842/474/68
f 304/1567/5 299/2892/5 291/2893/5
f 291/2893/5 285/2894/5 272/2600/5
f 272/2600/5 261/2428/5 248/2426/5
f 248/2426/5 237/440/5 224/2429/5
f 224/2429/5 219/2430/5 206/2431/5
f 206/2431/5 195/2432/5 224/2429/5
f 195/2432/5 183/2433/5 224/2429/5
f 183/2433/5 176/2571/5 169/2895/5
f 169/2895/5 162/2896/5 152/1565/5
f 152/1565/5 143/2580/5 128/2897/5
f 128/2897/5 118/2898/5 108/2584/5
f 108/2584/5 98/2440/5 92/304/5
f 92/304/5 76/2441/5 67/1566/5
f 67/1566/5 55/428/5 48/2442/5
f 48/2442/5 32/2443/5 67/1566/5
f 32/2443/5 24/2444/5 67/1566/5
f 24/2444/5 9/2445/5 318/305/5
f 318/305/5 311/2422/5 304/1567/5
f 304/1567/5 291/2893/5 272/2600/5
f 272/2600/5 248/2426/5 304/1567/5
f 248/2426/5 224/2429/5 304/1567/5
f 183/2433/5 169/2895/5 224/2429/5
f 169/2895/5 152/1565/5 224/2429/5
f 152/1565/5 128/2897/5 108/2584/5
f 108/2584/5 92/304/5 152/1565/5
f 92/304/5 67/1566/5 152/1565/5
f 24/2444/5 318/305/5 67/1566/5
f 318/305/5 304/1567/5 67/1566/5
f 304/1567/5 224/2429/5 152/1565/5
f 313/309/69 308/302/69 1632/1564/69
f 318/310/69 1840/307/69 1842/474/69
f 3/313/70 313/2899/70 1638/1568/70
f 9/1569/70 1839/2900/70 1840/307/70
f 308/1570/3 313/486/3 26/2448/3
f 313/486/3 3/2447/3 26/2448/3
f 3/2447/3 18/831/3 26/2448/3
f 26/2448/3 40/489/3 50/1025/3
f 50/1025/3 61/2450/3 26/2448/3
f 61/2450/3 72/2901/3 26/2448/3
f 72/2901/3 82/838/3 114/2451/3
f 82/838/3 94/2452/3 114/2451/3
f 94/2452/3 101/490/3 114/2451/3
f 114/2451/3 121/2453/3 156/314/3
f 121/2453/3 137/493/3 156/314/3
f 137/493/3 149/2454/3 156/314/3
f 156/314/3 167/2455/3 173/885/3
f 173/885/3 180/2902/3 156/314/3
f 180/2902/3 187/2903/3 156/314/3
f 187/2903/3 200/2904/3 213/2905/3
f 213/2905/3 221/2906/3 187/2903/3
f 221/2906/3 230/2641/3 187/2903/3
f 230/2641/3 241/2907/3 255/501/3
f 255/501/3 267/845/3 230/2641/3
f 267/845/3 278/483/3 230/2641/3
f 278/483/3 286/2513/3 308/1570/3
f 286/2513/3 295/316/3 308/1570/3
f 295/316/3 303/1576/3 308/1570/3
f 308/1570/3 26/2448/3 72/2901/3
f 72/2901/3 114/2451/3 308/1570/3
f 114/2451/3 156/314/3 308/1570/3
f 156/314/3 187/2903/3 230/2641/3
f 230/2641/3 278/483/3 156/314/3
f 12/186/73 1/184/73 1991/929/73
f 5/181/73 21/187/73 1410/182/73
f 30/190/74 12/186/74 1994/1557/74
f 21/187/74 36/191/74 1413/320/74
f 37/194/75 30/190/75 2001/326/75
f 36/191/75 43/195/75 1454/192/75
f 51/198/76 37/194/76 2010/327/76
f 43/195/76 59/199/76 1418/328/76
f 51/198/77 2009/197/77 2049/331/77
f 59/199/77 70/203/77 1420/200/77
f 63/201/78 2049/331/78 2056/1559/78
f 70/203/78 79/207/78 1430/336/78
f 86/209/79 75/205/79 2056/1559/79
f 79/207/79 88/211/79 1426/208/79
f 86/209/80 2050/210/80 2051/1560/80
f 88/211/80 96/215/80 1424/341/80
f 99/217/81 95/213/81 2051/1560/81
f 104/219/81 1425/216/81 1424/341/81
f 109/221/82 99/217/82 2055/218/82
f 115/1571/82 1429/349/82 1425/216/82
f 125/225/83 109/221/83 2044/348/83
f 132/227/83 1419/224/83 1429/349/83
f 134/229/84 125/225/84 2048/350/84
f 142/231/84 1428/228/84 1419/224/84
f 146/233/85 134/229/85 2042/230/85
f 151/235/85 1520/232/85 1428/228/85
f 158/237/86 146/233/86 2041/351/86
f 165/1572/86 1515/356/86 1520/232/86
f 168/241/87 158/237/87 2040/352/87
f 170/243/87 1509/240/87 1515/356/87
f 175/245/88 168/241/88 2034/242/88
f 177/247/88 1507/361/88 1509/240/88
f 179/249/89 175/245/89 2029/360/89
f 182/251/89 1504/248/89 1507/361/89
f 190/253/90 179/249/90 2028/362/90
f 197/255/90 1496/370/90 1504/248/90
f 203/257/91 190/253/91 2022/369/91
f 209/259/91 1498/256/91 1496/370/91
f 215/261/92 203/257/92 2018/1561/92
f 220/263/92 1483/260/92 1498/256/92
f 223/266/93 215/261/93 1973/262/93
f 220/263/93 225/267/93 1480/264/93
f 233/270/94 223/266/94 1971/372/94
f 239/271/94 1485/377/94 1480/264/94
f 233/270/95 1967/373/95 1975/273/95
f 239/271/95 246/275/95 1489/272/95
f 244/274/96 1975/273/96 1964/382/96
f 246/275/96 257/279/96 1477/381/96
f 253/278/97 1964/382/97 1965/281/97
f 257/279/97 270/283/97 1490/280/97
f 265/282/98 1965/281/98 1976/1563/98
f 270/283/98 280/287/98 1486/384/98
f 274/286/99 1976/1563/99 1968/391/99
f 280/287/99 289/291/99 1481/288/99
f 288/290/100 1968/391/100 2011/293/100
f 289/291/100 298/1573/100 1395/392/100
f 301/298/101 296/294/101 2011/293/101
f 298/1573/101 306/961/101 1393/296/101
f 307/302/102 301/298/102 1981/960/102
f 306/961/102 310/1574/102 1396/474/102
f 316/305/2 310/2422/2 306/2423/2
f 306/2423/2 298/434/2 289/2425/2
f 289/2425/2 280/2424/2 246/2908/2
f 280/2424/2 270/2427/2 246/2908/2
f 270/2427/2 257/2909/2 246/2908/2
f 246/2908/2 239/2910/2 225/2911/2
f 225/2911/2 220/2912/2 209/2913/2
f 209/2913/2 197/2914/2 182/2665/2
f 182/2665/2 177/2915/2 170/303/2
f 170/303/2 165/2435/2 151/2436/2
f 151/2436/2 142/2437/2 132/2438/2
f 132/2438/2 115/424/2 104/2439/2
f 104/2439/2 96/2440/2 88/304/2
f 88/304/2 79/2916/2 43/2442/2
f 79/2916/2 70/2917/2 43/2442/2
f 70/2917/2 59/2918/2 43/2442/2
f 43/2442/2 36/2443/2 21/2444/2
f 21/2444/2 5/2445/2 316/305/2
f 316/305/2 306/2423/2 289/2425/2
f 246/2908/2 225/2911/2 209/2913/2
f 209/2913/2 182/2665/2 246/2908/2
f 182/2665/2 170/303/2 246/2908/2
f 170/303/2 151/2436/2 132/2438/2
f 132/2438/2 104/2439/2 88/304/2
f 43/2442/2 21/2444/2 88/304/2
f 21/2444/2 316/305/2 88/304/2
f 316/305/2 289/2425/2 246/2908/2
f 170/303/2 132/2438/2 88/304/2
f 316/305/2 246/2908/2 170/303/2
f 314/309/105 307/302/105 1983/396/105
f 310/1574/105 316/310/105 1405/307/105
f 1/313/106 314/309/106 1989/308/106
f 316/310/106 5/2446/106 1406/311/106
f 301/1576/6 307/2919/6 314/486/6
f 314/486/6 1/2920/6 12/831/6
f 12/831/6 30/2448/6 37/489/6
f 37/489/6 51/1025/6 63/2450/6
f 63/2450/6 75/2449/6 99/490/6
f 75/2449/6 86/838/6 99/490/6
f 86/838/6 95/2452/6 99/490/6
f 99/490/6 109/2451/6 125/2921/6
f 125/2921/6 134/839/6 146/2629/6
f 146/2629/6 158/2922/6 168/2923/6
f 168/2923/6 175/2456/6 179/2457/6
f 179/2457/6 190/2458/6 203/2535/6
f 203/2535/6 215/315/6 223/1575/6
f 223/1575/6 233/2537/6 244/2712/6
f 244/2712/6 253/2713/6 265/1036/6
f 265/1036/6 274/2924/6 301/1576/6
f 274/2924/6 288/2925/6 301/1576/6
f 288/2925/6 296/316/6 301/1576/6
f 301/1576/6 314/486/6 12/831/6
f 12/831/6 37/489/6 63/2450/6
f 99/490/6 125/2921/6 146/2629/6
f 146/2629/6 168/2923/6 179/2457/6
f 179/2457/6 203/2535/6 223/1575/6
f 223/1575/6 244/2712/6 265/1036/6
f 301/1576/6 12/831/6 146/2629/6
f 12/831/6 63/2450/6 146/2629/6
f 63/2450/6 99/490/6 146/2629/6
f 146/2629/6 179/2457/6 301/1576/6
f 179/2457/6 223/1575/6 301/1576/6
f 2084/1577/3 2085/2926/3 38/1145/3
f 117/1114/3 85/1117/3 2084/1577/3
f 85/1117/3 2161/1601/3 2084/1577/3
f 117/1114/6 102/2927/6 269/1578/6
f 17/1579/2 38/231/2 2085/1572/2
f 85/294/4 269/2928/4 2162/1581/4
f 117/198/1 38/1132/1 17/1583/1
f 212/1145/1 155/1114/1 102/1117/1
f 277/229/6 235/261/6 250/1605/6
f 235/261/6 269/1606/6 250/1605/6
f 2163/1608/4 235/261/4 2146/1586/4
f 235/261/4 277/229/4 2146/1586/4
f 277/229/4 208/1108/4 2146/1586/4
f 2145/1585/2 208/1108/2 319/1631/2
f 319/1631/2 2147/2929/2 2145/1585/2
f 235/261/3 2163/1608/3 2162/1587/3
f 357/1590/5 319/1593/5 208/1108/5
f 208/1108/5 277/229/5 357/1590/5
f 372/1592/5 357/1590/5 250/1589/5
f 250/1589/5 155/2930/5 372/1592/5
f 155/2930/5 212/1132/5 372/1592/5
f 319/1593/5 357/1590/5 372/1592/5
f 2144/2931/2 6/1641/2 2086/1595/2
f 6/1641/2 58/1145/2 2086/1595/2
f 58/1145/2 145/1114/2 2086/1595/2
f 145/1114/3 17/1611/3 2087/1596/3
f 102/229/6 155/1108/6 250/1111/6
f 333/1598/5 212/2932/5 58/231/5
f 58/231/5 6/263/5 333/1598/5
f 2144/1600/4 2147/1634/4 319/1599/4
f 212/1583/1 17/1584/1 145/198/1
f 145/198/1 58/1635/1 212/1583/1
f 2098/2933/3 34/1145/3 2089/1602/3
f 34/1145/3 126/1114/3 2089/1602/3
f 126/1114/3 83/1117/3 2089/1602/3
f 126/1114/1 111/2934/1 262/1578/1
f 34/231/4 2098/1627/4 2100/1603/4
f 83/294/6 262/2935/6 2093/1604/6
f 126/198/2 34/1132/2 23/1583/2
f 292/1114/2 111/1117/2 23/1118/2
f 292/1114/2 23/1118/2 216/2936/2
f 282/229/1 231/261/1 262/1606/1
f 2091/1608/6 231/261/6 2092/1586/6
f 231/261/6 282/229/6 2092/1586/6
f 282/229/6 204/1108/6 2092/1586/6
f 2149/1607/4 204/1108/4 186/1631/4
f 186/1631/4 2150/2929/4 2149/1607/4
f 262/1588/3 231/261/3 2091/1608/3
f 343/1590/5 186/1593/5 204/1108/5
f 204/1108/5 282/229/5 343/1590/5
f 360/1592/5 343/1590/5 252/1589/5
f 252/1589/5 292/2930/5 360/1592/5
f 292/2930/5 216/1132/5 360/1592/5
f 186/1593/5 343/1590/5 360/1592/5
f 2148/2937/4 13/2938/4 2099/1610/4
f 13/2938/4 60/1145/4 2099/1610/4
f 60/1145/4 148/1114/4 2099/1610/4
f 23/1611/3 2100/2939/3 2101/1609/3
f 111/229/1 292/1623/1 252/1111/1
f 337/1612/5 216/2932/5 60/231/5
f 60/231/5 13/263/5 337/1612/5
f 2148/1600/6 2150/2940/6 186/1613/6
f 216/1583/2 23/1584/2 148/198/2
f 148/198/2 60/1163/2 216/1583/2
f 2167/2926/3 39/1145/3 2140/1615/3
f 39/1145/3 120/1114/3 2140/1615/3
f 120/1114/3 89/1117/3 2140/1615/3
f 120/1114/4 116/2934/4 259/1578/4
f 25/1579/1 39/231/1 2167/1572/1
f 89/294/2 259/2935/2 2143/1616/2
f 120/198/6 39/1132/6 25/1583/6
f 214/1618/6 294/1114/6 116/1117/6
f 271/229/4 232/261/4 243/1605/4
f 2142/1619/2 2141/1620/2 232/261/2
f 271/229/2 202/1108/2 2142/1619/2
f 202/1108/2 2154/1607/2 2142/1619/2
f 2154/1607/1 202/1108/1 317/1631/1
f 317/1631/1 2156/2929/1 2154/1607/1
f 259/1588/3 232/261/3 2141/1620/3
f 345/1590/5 317/1593/5 202/1108/5
f 202/1108/5 271/229/5 345/1590/5
f 361/1592/5 345/1590/5 243/1589/5
f 243/1589/5 294/2930/5 361/1592/5
f 294/2930/5 214/1132/5 361/1592/5
f 317/1593/5 345/1590/5 361/1592/5
f 2157/2937/1 16/2938/1 2155/1610/1
f 16/2938/1 56/2941/1 2155/1610/1
f 56/2941/1 136/1114/1 2155/1610/1
f 136/1114/3 25/1611/3 2169/1596/3
f 243/1111/4 259/261/4 116/229/4
f 326/1624/5 214/2932/5 56/231/5
f 56/231/5 16/263/5 326/1624/5
f 2157/1600/2 2156/2940/2 317/1613/2
f 214/1583/6 25/1584/6 136/198/6
f 136/198/6 56/1163/6 214/1583/6
f 2128/2933/3 41/1145/3 2103/1625/3
f 41/1145/3 131/1114/3 2103/1625/3
f 131/1114/3 81/1117/3 2103/1625/3
f 131/1114/2 107/2934/2 254/1578/2
f 41/231/6 2128/1627/6 2131/1603/6
f 81/294/1 254/2935/1 2106/1616/1
f 131/198/4 41/1132/4 22/1583/4
f 160/1114/4 107/1117/4 74/1618/4
f 273/229/2 240/261/2 254/1606/2
f 2105/1619/1 2104/1620/1 240/261/1
f 273/229/1 199/1108/1 2105/1619/1
f 199/1108/1 2153/1607/1 2105/1619/1
f 2153/1607/6 199/1108/6 192/1631/6
f 192/1631/6 2151/2929/6 2153/1607/6
f 254/1588/3 240/261/3 2104/1620/3
f 356/1590/5 192/1593/5 199/1108/5
f 199/1108/5 273/229/5 356/1590/5
f 374/1592/5 356/1590/5 245/1589/5
f 245/1589/5 160/2930/5 374/1592/5
f 160/2930/5 74/1132/5 374/1592/5
f 192/1593/5 356/1590/5 374/1592/5
f 2152/2937/6 7/2938/6 2130/1610/6
f 7/2938/6 52/1145/6 2130/1610/6
f 52/1145/6 138/1114/6 2130/1610/6
f 22/1611/3 2131/2939/3 2129/1626/3
f 245/1111/2 254/261/2 107/229/2
f 107/229/2 160/1623/2 245/1111/2
f 325/1598/5 74/2932/5 52/231/5
f 52/231/5 7/263/5 325/1598/5
f 2152/1600/1 2151/2940/1 192/1613/1
f 74/1583/4 22/1584/4 138/198/4
f 138/198/4 52/1163/4 74/1583/4
f 2133/2933/6 45/1145/6 2119/1602/6
f 45/1145/6 127/1114/6 2119/1602/6
f 127/1114/6 80/1117/6 2119/1602/6
f 127/1114/3 103/2927/3 264/1578/3
f 31/1579/5 45/231/5 2133/1627/5
f 80/294/1 264/2928/1 2122/1581/1
f 127/198/4 45/1132/4 31/1583/4
f 71/1145/4 150/1114/4 103/1117/4
f 164/1605/3 284/229/3 226/261/3
f 2121/1608/1 226/261/1 2107/1630/1
f 226/261/1 284/229/1 2107/1630/1
f 284/229/1 205/1108/1 2107/1630/1
f 193/1631/5 2108/2942/5 2111/1629/5
f 226/261/6 2121/1608/6 2122/1587/6
f 347/1590/2 193/1593/2 205/1108/2
f 205/1108/2 284/229/2 347/1590/2
f 364/1592/2 347/1590/2 164/1589/2
f 164/1589/2 150/2930/2 364/1592/2
f 150/2930/2 71/1132/2 364/1592/2
f 193/1593/2 347/1590/2 364/1592/2
f 2109/2943/5 10/1641/5 2110/1632/5
f 10/1641/5 62/1145/5 2110/1632/5
f 62/1145/5 144/1114/5 2110/1632/5
f 31/1611/6 2134/2939/6 2132/1626/6
f 103/229/3 150/1108/3 164/1111/3
f 331/1598/2 71/2932/2 62/231/2
f 62/231/2 10/263/2 331/1598/2
f 193/1599/1 10/1152/1 2109/1633/1
f 71/1583/4 31/1584/4 144/198/4
f 2126/1615/2 2125/2926/2 35/1145/2
f 124/1114/2 91/1117/2 2126/1615/2
f 91/1117/2 2135/1614/2 2126/1615/2
f 124/1114/4 106/2927/4 260/1578/4
f 35/231/1 2125/1572/1 2127/1580/1
f 91/294/5 260/2928/5 2138/1636/5
f 124/198/3 35/1132/3 29/1583/3
f 157/1114/3 106/1117/3 65/1145/3
f 106/1117/3 29/1118/3 65/1145/3
f 281/229/4 236/261/4 247/1605/4
f 236/261/4 260/1606/4 247/1605/4
f 2136/1586/5 2137/1638/5 236/261/5
f 281/229/5 196/1108/5 2136/1586/5
f 196/1108/5 2164/1607/5 2136/1586/5
f 2166/1637/1 2164/1607/1 196/1108/1
f 260/1588/2 236/261/2 2137/1638/2
f 351/1590/6 184/1593/6 196/1108/6
f 196/1108/6 281/229/6 351/1590/6
f 368/1592/6 351/1590/6 247/1589/6
f 247/1589/6 157/2930/6 368/1592/6
f 157/2930/6 65/1132/6 368/1592/6
f 184/1593/6 351/1590/6 368/1592/6
f 2124/1640/1 2165/2944/1 8/1641/1
f 49/1145/1 133/1114/1 2124/1640/1
f 133/1114/1 2123/1594/1 2124/1640/1
f 29/1611/2 2127/1596/2 2123/1594/2
f 247/1111/4 260/261/4 106/229/4
f 106/229/4 157/1108/4 247/1111/4
f 338/1598/6 65/2932/6 49/231/6
f 49/231/6 8/263/6 338/1598/6
f 2165/1642/5 2166/1634/5 184/1599/5
f 65/1583/3 29/1584/3 133/198/3
f 133/198/3 49/1635/3 65/1583/3
f 2075/1577/6 2114/2926/6 44/1145/6
f 122/1114/6 87/1117/6 2075/1577/6
f 87/1117/6 2078/1601/6 2075/1577/6
f 122/1114/1 113/2927/1 266/1578/1
f 44/231/4 2114/1572/4 2113/1580/4
f 87/294/5 266/2928/5 2074/1581/5
f 122/198/3 44/1132/3 27/1583/3
f 68/1145/3 153/1114/3 113/1117/3
f 238/261/1 266/1606/1 163/1605/1
f 2077/1630/5 2076/1608/5 238/261/5
f 275/229/5 198/1108/5 2077/1630/5
f 198/1108/5 2096/1629/5 2077/1630/5
f 188/1631/4 2097/2942/4 2096/1629/4
f 266/1588/6 238/261/6 2076/1608/6
f 349/1590/2 188/1593/2 198/1108/2
f 198/1108/2 275/229/2 349/1590/2
f 366/1592/2 349/1590/2 163/1589/2
f 163/1589/2 153/2930/2 366/1592/2
f 153/2930/2 68/1132/2 366/1592/2
f 188/1593/2 349/1590/2 366/1592/2
f 2095/1643/4 2094/2943/4 11/1641/4
f 64/1145/4 140/1114/4 2095/1643/4
f 140/1114/4 2112/1594/4 2095/1643/4
f 27/1611/6 2113/1596/6 2112/1594/6
f 113/229/1 153/1108/1 163/1111/1
f 329/1598/2 68/2932/2 64/231/2
f 64/231/2 11/263/2 329/1598/2
f 11/1152/5 2094/1633/5 2097/1634/5
f 27/1584/3 140/198/3 64/1635/3
f 2079/1577/2 2080/2926/2 47/1145/2
f 129/1114/2 78/1117/2 2079/1577/2
f 78/1117/2 2115/1601/2 2079/1577/2
f 129/1114/3 110/2927/3 256/1578/3
f 20/1579/5 47/231/5 2080/1572/5
f 78/294/4 256/2928/4 2118/1581/4
f 129/198/1 47/1132/1 20/1583/1
f 217/1145/1 297/1114/1 110/1117/1
f 279/229/3 229/261/3 171/1605/3
f 2116/1608/4 229/261/4 2117/1586/4
f 229/261/4 279/229/4 2117/1586/4
f 279/229/4 210/1108/4 2117/1586/4
f 2160/1637/5 2158/1607/5 210/1108/5
f 256/1588/2 229/261/2 2116/1608/2
f 353/1590/6 189/1593/6 210/1108/6
f 210/1108/6 279/229/6 353/1590/6
f 370/1592/6 353/1590/6 171/1589/6
f 171/1589/6 297/2930/6 370/1592/6
f 297/2930/6 217/1132/6 370/1592/6
f 189/1593/6 353/1590/6 370/1592/6
f 2159/2945/5 15/2946/5 2081/1640/5
f 15/2946/5 54/1145/5 2081/1640/5
f 54/1145/5 141/1114/5 2081/1640/5
f 141/1114/2 20/1611/2 2083/1596/2
f 171/1111/3 256/261/3 110/229/3
f 334/1598/6 217/2932/6 54/231/6
f 54/231/6 15/263/6 334/1598/6
f 15/1152/4 2159/1642/4 2160/1634/4
f 141/198/1 54/1635/1 217/1583/1
